word,pronunciation,meaning1,meaning2,meaning3
house,/haʊs/,nhà,ngôi nhà,căn nhà
water,/ˈwɔːtər/,nước,nước uống,nước máy
family,/ˈfæməli/,gia đình,người thân,họ hàng
friend,/frend/,bạn,bạn bè,người bạn
school,/skuːl/,trường học,trường,nơi học
book,/bʊk/,sách,cuốn sách,quyển sách
table,/ˈteɪbl/,cái bàn,bàn,bàn ăn
chair,/tʃeər/,cái ghế,ghế,ghế ngồi
car,/kɑːr/,xe hơi,ô tô,xe
dog,/dɒɡ/,con chó,chó,chó cưng
cat,/kæt/,con mèo,mèo,mèo cưng
day,/deɪ/,ngày,ban ngày,một ngày
night,/naɪt/,đêm,ban đêm,buổi tối
food,/fuːd/,thức ăn,đồ ăn,món ăn
happy,/ˈhæpi/,vui vẻ,hạnh phúc,vui
sad,/sæd/,buồn,buồn bã,buồn rầu
big,/bɪɡ/,to,lớn,to lớn
small,/smɔːl/,nhỏ,bé,nhỏ bé
hot,/hɒt/,nóng,nóng bức,nóng nực
cold,/koʊld/,lạnh,lạnh lẽo,giá lạnh
new,/njuː/,mới,mới mẻ,vừa mới
old,/oʊld/,cũ,già,lâu đời
work,/wɜːrk/,công việc,làm việc,việc làm
name,/neɪm/,tên,tên gọi,danh xưng
time,/taɪm/,thời gian,giờ,thời điểm
city,/ˈsɪti/,thành phố,đô thị,thành thị
student,/ˈstjuːdənt/,học sinh,sinh viên,người học
teacher,/ˈtiːtʃər/,giáo viên,thầy giáo,cô giáo
money,/ˈmʌni/,tiền,tiền bạc,tiền tệ
eat,/iːt/,ăn,ăn uống,dùng bữa
was,bi:,"thì, là","có, tồn tại, ở, sống","trở nên, trở thành"
not,nɔt,không,"hẳn là, chắc là",(xem) but
are,ɑ:,"A (đơn vị diện tích ruộng đất, bằng 100m2)",,
have,"hæv, həv, v",có,"(+ from) nhận được, biết được",ăn; uống; hút
were,bi:,"thì, là","có, tồn tại, ở, sống","trở nên, trở thành"
had,"hæv, həv, v",có,"(+ from) nhận được, biết được",ăn; uống; hút
has,"hæv, həv, v",có,"(+ from) nhận được, biết được",ăn; uống; hút
may,mei,"có thể, có lẽ",có thể (được phép),có thể (dùng thay cho cách giả định)
also,'ɔ:lsou,"cũng, cũng vậy, cũng thế","(đặt ở đầu câu) hơn nữa, ngoài ra",
only,'ounli,"chỉ có một, duy nhất","tốt nhất, đáng xét nhất","chỉ, mới"
should,"ʃud, ʃəd, ʃd",(trợ động từ dùng để hình thành thời tương lai trong thời quá khứ ở ngôi 1 số ít & số nhiều),(trợ động từ dùng để hình thành lối điều kiện ở ngôi 1 số ít & số nhiều),(trợ động từ dùng để hình thành lối lời cầu khẩn)
see,si:,"thấy, trông thấy, nhìn thấy; xem, quan sát, xem xét","xem, đọc (trang báo chí)","hiểu rõ, nhận ra"
could,kæn,"bình, bi đông, ca (đựng nước)","vỏ đồ hộp, hộp đồ hộp","(từ Mỹ,nghĩa Mỹ) ghế đẩu, ghế ngồi ở nhà tiêu"
then,ðen,"lúc đó, hồi ấy, khi ấy","rồi, rồi thì, sau đó","vậy thì, như thế thì, trong trường hợp ấy"
now,nau,"bây giờ, lúc này, giờ đây, hiện nay, ngày nay","ngay bây giờ, ngay tức khắc, lập tức","lúc ấy, lúc đó, lúc bấy giờ (trong lúc kể chuyện)"
first,fə:st,thứ nhất,đầu tiên; quan trọng nhất; cơ bản,trực tiếp
many,'meni,"nhiều, lắm","hơn một, nhiều",trong một thời gian dài
same,seim,"đều đều, đơn điệu","((thường) + the) giống nhau, như nhau, không thay đổi, cùng một, cũng như vậy, cũng như thế","(từ hiếm,nghĩa hiếm) lại người ấy, cũng vẫn người ấy"
must,mʌst - məst,məst/,"phải, cần phải, nên","chắc hẳn là, thế mà... cứ"
very,'veri,"thực, thực sự","chính, ngay",chỉ
people,'pi:pl,dân tộc,"(dùng như số nhiều) nhân dân, dân chúng, quần chúng",(dùng như số nhiều) người
year,jə:,năm,(số nhiều) tuổi,cái đó làm cho tôi chán lắm; cái đó làm phiền tôi
being,'bi:iɳ,sinh vật; con người,sự tồn tại; sự sống,bản chất; thể chất (con người)
well,wel,"(+ up,  out,  forth) phun ra, vọt ra, tuôn ra (nước, nước mắt, máu)","tốt, giỏi, hay","phong lưu, sung túc"
number,'nʌmbə,số,"đám, bọn, nhóm, toán",sự đếm số lượng
case,keis,"trường hợp, cảnh ngộ, hoàn cảnh, tình thế","(y học) trường hợp, ca","vụ; việc kiện, việc thưa kiện, kiện, việc tố tụng"
make,meik,"hình dáng, cấu tạo (của một vật); kiểu (quần áo); tầm vóc, dáng, tư thế (người)",sự chế nhạo,"(điện học) công tắc, cái ngắt điện"
way,wei,"đường, đường đi, lối đi","đoạn đường, quãng đường, khoảng cách","phía, phương, hướng, chiều"
section,'sekʃn,sự cắt; chỗ cắt,"phần cắt ra, đoạn cắt ra",khu vực
life,laif,sự sống,"đời sống, sinh mệnh, tính mệnh","đời, người đời"
just,dʤʌst,công bằng,"xứng đáng, đích đáng, thích đáng","chính đáng, chính nghĩa, hợp lẽ phải"
order,'ɔ:də,"thứ, bậc, ngôi, hàng, cấp, loại, giai cấp",(toán học) bậc,thứ tự
man,mæn,"người, con người","đàn ông, nam nhi",chồng
good,gud,"tốt, hay, tuyệt","tử tế, rộng lượng, thương người; có đức hạnh, ngoan",tươi (cá)
does,,"làm, thực hiện",,
world,wə:ld,"thế giới, hoàn cầu, địa cầu","vũ trụ, vạn vật","thế gian, trần tục, cõi trần gian, thế giới"
information,",infə'meinʃn",sự cung cấp tin tức; sự thông tin,"tin tức, tài liệu; kiến thức",(pháp lý) điều buộc tội
here,hiə,"đây, ở đây, ở chỗ này",đây cái anh đang cần đây; đây đúng là điều anh muốn biết đây,xin chúc sức khoẻ anh (thường nói khi chúc rượu)
own,oun,"của chính mình, của riêng mình",độc lập cho bản thân mình; tự mình chịu trách nhiệm; với phương tiện của bản thân mình,(xem) man
high,hai,cao,"cao giá, đắt","lớn, trọng; tối cao, cao cấp; thượng, trên"
know,nou,biết; hiểu biết,"biết, nhận biết; phân biệt được","biết, quen biết"
take,teik,"sự cầm, sự nắm, sự lấy","chầu, mẻ (số lượng săn được, câu được, bắt được)","tiền thu (trong buổi hoà nhạc, diễn kịch)"
different,'difrənt,"khác, khác biệt, khác nhau","tạp, nhiều",
great,greit,"lớn, to lớn, vĩ đại","hết sức, rất","cao quý, ca cả, cao thượng"
large,lɑ:dʤ,"rộng, lớn, to",rộng rãi,"(từ cổ,nghĩa cổ) rộng lượng, hào phóng"
business,'biznis,"việc buôn bán, việc kinh doanh, việc thương mại","công tác, nghề nghiệp; công việc, nhiệm vụ việc phải làm",quyền
men,mæn,"người, con người","đàn ông, nam nhi",chồng
get,get,"được, có được, kiếm được, lấy được","nhận được, xin được, hỏi được","tìm ra, tính ra"
place,pleis,"nơi, chỗ, địa điểm, địa phương (thành phố, tỉnh, làng...)","nhà, nơi ở, nơi (dùng vào mục đích gì)","chỗ, vị trí, địa vị; chỗ ngồi, chỗ đứng; chỗ thích đáng; chỗ thích hợp"
group,gru:p,nhóm,"(hoá học) nhóm, gốc",hợp thành nhóm; tập hợp lại
too,tu:,quá,(thông tục) rất,cũng
children,tʃaild,"đứa bé, đứa trẻ",đứa con,"(nghĩa bóng) kết quả, hậu quả, sản phẩm"
point,pɔint,"mũi nhọn (giùi...) mũi kim, đầu ngòi bút; nhánh gạc (hươu nai); cánh (sao)","dụng cụ có mũi nhọn, kim khắc, kim trổ","(địa lý,địa chất) mũi đất"
important,im'pɔ:tənt,"quan trọng, trọng đại, trọng yếu, hệ trọng","có quyền thế, có thế lực",(như) self-importance
think,θiɳk,"nghĩ, suy nghĩ, ngẫm nghĩ","nghĩ, tưởng, tưởng tượng, nghĩ được, nghĩ là, cho là, coi như","nghĩ ra, thấy, hiểu"
the,"ði:, ði, ðə","cái, con, người...","ấy, này (người, cái, con...)","duy nhất (người, vật...)"
come,kʌm,"đến, tới, đi đến, đi tới, đi lại","sắp đến, sắp tới","xảy ra, xảy đến"
back,bæk,"lưng (người, vật)","ván lưng, ván ngựa (ghế)",đằng sau
period,'piəriəd,"kỷ, kỳ, thời kỳ, giai đoạn, thời gian","thời đại, thời nay",tiết (học)
program,program,"chương trình (công tác, biểu diễn văn nghệ...)","cương lĩnh (của tổ chức, đảng phái)","đặt chương trình, lập chương trình"
office,'ɔfis,sự giúp đỡ,nhiệm vụ,chức vụ
second,'sekənd,"thứ hai, thứ nhì","phụ, thứ yếu; bổ sung",không thua kém ai
say,sei,"(từ hiếm,nghĩa hiếm) vải chéo","lời nói, tiếng nói; dịp nói; quyền ăn nói (quyền tham gia quyết định về một vấn đề)",tuyên bố; hứa hẹn; tiên đoán
end,end,giới hạn,"đầu, đầu mút (dây...); đuôi; đáy (thùng...) đoạn cuối","mẩu thừa, mẩu còn lại"
health,'hi:liɳ,sức khoẻ,sự lành mạnh,thể chất
war,wɔ:,chiến tranh,đấu tranh,(định ngữ) chiến tranh
long,lɔɳ,"dài (không gian, thời gian); xa, lâu",kéo dài,"cao; nhiều, đáng kể"
much,mʌtʃ,"nhiều, lắm",không địch nổi (người nào về sức mạnh),"nhiều, lắm"
never,'nevə,"không bao giờ, không khi nào","không, đừng",(xem) better
board,bɔ:d,tấm ván,bảng,"giấy bồi, bìa cứng"
form,fɔ:m,"hình, hình thể, hình dạng, hình dáng","(triết học) hình thức, hình thái","hình thức (bài văn...), dạng"
little,'litl,"nhỏ bé, be bỏng","ngắn, ngắn ngủi",ít ỏi
again,ə'gen,"lại, lần nữa, nữa",trở lại,"đáp lại, dội lại"
action,'ækʃn,"hành động, hành vi; hoạt động; công việc, việc làm","tác động, tác dụng, ảnh hưởng","sự chiến đấu, trận đánh"
example,ig'zɑ:mpl,"thí dụ, ví dụ","mẫu, gương mẫu, gương",cái để làm gương
there,ðeə,"ở đó, tại đó, chỗ đó, chỗ ấy, đấy","((thường) + to be) (dùng để nhấn mạnh, không dịch)","đó, đấy"
home,houm,"nhà, chỗ ở","nhà, gia đình, tổ ấm","quê hương, tổ quốc, nơi chôn nhau cắt rún, nước nhà"
give,giv,"cho, biếu, tặng, ban","cho, sinh ra, đem lại","nêu cho; đưa cho, trao cho, đem cho, chuyển cho"
course,kɔ:s,"tiến trình, dòng; quá trình diễn biến","sân chạy đua, vòng chạy đua; trường đua ngựa ((cũng) race course)","hướng, chiều hướng; đường đi"
line,lain,"dây, dây thép","vạch đường, đường kẻ","đường, tuyến"
women,'wumən,"đàn bà, phụ nữ","giới đàn bà, nữ giới",kẻ nhu nhược (như đàn bà)
social,'souʃəl,"có tính chất xã hội, có tính chất thành viên của một tập thể, sống thành xã hội",thuộc quan hệ giữa người và người; thuộc xã hội,"của các đồng minh, với các đồng minh"
question,'kwestʃn,câu hỏi,"vấn đề; điều bàn đến, điều nói đến","xin đi vào đề! (trong hội nghị, nhắc người phát biểu nói lan man ngoài đề); có vấn đề đấy! (tỏ ý nghi ngờ sự việc do ai đang nói)"
person,'pə:sn,"con người, người","(nghĩa xấu) gã, anh chàng, thằng cha, mụ, ả...",bản thân
often,'ɔ:fn,"thường, hay, luôn, năng",,
hand,hænd,"tay, bàn tay (người); bàn chân trước (loài vật bốn chân)",quyền hành; sự có sãn (trong tay); sự nắm giữ (trong tay); sự kiểm soát,"sự tham gia, sự nhúng tay vào; phần tham gia"
history,'histəri,"sử, sử học, lịch sử","lịch sử (một vật, một người)",kịch lịch sử
find,faind,"sự tìm thấy (chồn, cáo, mỏ, vàng...)",vật tìm thấy,"thấy, tìm thấy, tìm ra, bắt được"
came,keim,khung chì (để) lắp kinh (cửa),,
set,set,bộ,(toán học) tập hợp,"(thể dục,thể thao) ván, xéc (quần vợt...)"
always,'ɔ:lwəz,"luôn luôn, lúc nào cũng, bao giờ cũng, mãi mãi, hoài","đôi khi, đôi lúc, thỉnh thoảng",
field,fi:ld,"đồng ruộng, cánh đồng","mỏ, khu khai thác",bâi chiến trường; nơi hành quân; trận đánh
side,said,"mặt, bên","(toán học) bề, cạnh",triền núi; bìa rừng
full,ful,"đầy, đầy đủ, nhiều, tràn trề, tràn ngập, chan chứa","chật, đông, chật ních, hết chỗ ngồi (rạp hát, xe buýt...)","no, no nê"
type,taip,kiểu mẫu,kiểu,chữ in
put,put,"để, đặt, bỏ, đút, cho vào (ở đâu, vào cái gì...)","để, đặt vào, sắp đặt, sắp xếp (trong một tình trạng nào); làm cho, bắt phải","đưa, đưa ra, đem ra"
head,hed,"cái đầu (người, thú vật)","người, đầu người; (số nhiều không đổi) con (vật nuôi), đầu (vật nuôi)","đầu óc, trí nhớ; năng khiếu, tài năng"
problem,problem,vấn đề,bài toán; điều khó hiểu,thế cờ (bày sẵn đề phá)
body,'bɔdi,"thân thể, thể xác","xác chết, thi thể","thân (máy, xe, tàu, cây...)"
special,'speʃəl,"đặc biệt, riêng biệt",cảnh sát đặc biệt,chuyến xe lửa đặc biệt
become,bi'kʌm,"trở nên, trở thành","vừa, hợp, thích hợp, xứng",xảy đến
let,let,"(từ cổ,nghĩa cổ) sự ngăn cản, sự cản trở","(từ cổ,nghĩa cổ) ngăn cản, cản trở","để cho, cho phép"
due,dju:,quyền được hưởng; cái được hưởng,"món nợ (cho ai vay; vay của ai), tiền nợ; cái phải trả",(số nhiều) thuế
matter,'mætə,"chất, vật chất","đề, chủ đề, nội dung","vật, vật phẩm"
american,ə'merikən,(thuộc) Châu Mỹ; (thuộc) nước Mỹ,người Châu Mỹ; người Mỹ,
want,wɔnt,"sự thiếu, sự không có, sự khuyết","sự cần, sự cần thiết","((thường) số nhiều) nhu cầu, những cái cần thiết"
one,wʌn,một,như thế không thay đổi,(xem) all
age,eidʤ,tuổi,"tuổi già, tuổi tác","thời đại, thời kỳ"
something,'sʌmθiɳ,"một điều gì đó, một việc gì đó; cái gì đó","điều này, việc này","cái đúng, cái có lý"
later,,chậm hơn,,
once,wʌns,một lần,một khi,"trước kia, xưa kia"
best,best,"tốt nhất, hay nhất, đẹp nhất, giỏi nhất",đại bộ phận,"đi thật nhanh, đi ba chân bốn cẳng"
away,ə'wei,"xa, xa cách, rời xa, xa ra, đi (xa)","biến đi, mất đi, hết đi",không ngừng liên tục
party,'pɑ:ti,đảng,đảng Cộng sản,sự đứng về phe (trong vấn đề chính trị); sự trung thành với phe đảng
free,fri:,tự do,"không mất tiền, không phải trả tiền; được miễn","(+ from) không bị, khỏi phải, thoát được"
change,tʃeindʤ,"sự đổi, sự thay đổi, sự biến đổi",trăng non,bộ quần áo sạch (để dự phòng) ((cũng) a change of clothes)
seen,si:,"thấy, trông thấy, nhìn thấy; xem, quan sát, xem xét","xem, đọc (trang báo chí)","hiểu rõ, nhận ra"
paper,'peipə,giấy,"(số nhiều) giấy tờ, giấy má (giấy chứng minh, hồ sơ...)",báo
class,klɑ:s,giai cấp,"hạng, loại",(sinh vật học) lớp
child,tʃaild,"đứa bé, đứa trẻ",đứa con,"(nghĩa bóng) kết quả, hậu quả, sản phẩm"
yet,jet,"còn, hãy còn, còn nữa","bây giờ, lúc này","tuy thế, tuy vậy, nhưng mà, mà, song"
together,tə'geðə,"cùng, cùng với, cùng nhau","cùng một lúc, đồng thời","liền, liên tục"
almost,'ɔ:lmoust,"hầu (như), gần (như), suýt nữa, tí nữa",,
price,prais,giá ((nghĩa đen) & (nghĩa bóng)),giá đánh cuộc,"(từ cổ,nghĩa cổ) giá trị, sự quý giá"
room,rum,"buồng, phòng",cả phòng (những người ngồi trong phòng),(số nhiều) căn nhà ở (có nhiều phòng)
already,ɔ:l'redi,"đã, rồi; đã... rồi",,
date,deit,quả chà là,(thực vật học) cây chà là,"ngày tháng; niên hiệu, niên kỷ"
bank,bæɳk,"đê, gờ, ụ (đất, đá)","bờ (sông, hồ, kênh, lạch, ruộng...)",đống
result,ri'zʌlt,kết quả,(toán học) đáp số,"do bởi, do mà ra"
nothing,'nʌθiɳ,"sự không có, sự không tồn tại; cái không có","người vô dụng, người bất tài, người tầm thường; chuyện lặt vặt, chuyện tầm thường; vật rất tồi, vật tầm thường",con số không
plan,plæn,"sơ đồ, đồ án (nhà...)","bản đồ thành phố, bản đồ",mặt phẳng (luật xa gần)
street,stri:t,"phố, đường phố",hàng phố (tất cả những người ở cùng một phố),"(từ cổ,nghĩa cổ) đường cái"
young,jʌɳ,"trẻ, trẻ tuổi, thiếu niên, thanh niên",non,"(nghĩa bóng) non trẻ, trẻ tuổi"
college,'kɔlidʤ,"trường đại học, trường cao đẳng",ban; học viện,trường đại học nội trú
non,,(tiền tố) không,,
true,tru:,"thật, thực, đúng, xác thực",chân chính,"thành khẩn, chân thành"
care,keə,"sự chăn sóc, sự chăm nom, sự giữ gìn, sự bảo dưỡng","sự chăm chú, sự chú ý; sự cẩn thận, sự thận trọng","sự lo âu, sự lo lắng"
short,ʃɔ:t,"ngắn, cụt","lùn, thấp (người)","thiển cận, chỉ thấy việc trước mắt"
building,'bildiɳ,kiến trúc; sự xây dựng,"công trình kiến trúc, công trình xây dựng","toà nhà,  binđinh"
test,test,"(động vật học) vỏ (tôm, cua); mai (rùa)",sự thử thách,"sự thử, sự làm thử"
river,'rivə,dòng sông,"dòng chảy tràn ngập, dòng chảy lai láng",(nghĩa bóng) (the river) ranh giới giữa sự sống với sự chết
reason,'ri:zn,"lý do, lẽ","lý trí, lý tính","lẽ phải, lý, sự vừa phải"
church,tʃə:tʃ,nhà thờ,buổi lễ (ở nhà thờ),Church giáo hội; giáo phái
science,'saiəns,khoa học,khoa học tự nhiên,ngành khoa học
light,lait,"ánh sáng, ánh sáng mặt trời, ánh sáng ban ngày","nguồn ánh sáng, đèn đuốc","lửa, tia lửa; diêm, đóm"
real,,(Econ) Các giá thực tế/ tương đối.,,
language,'læɳgwidʤ,"tiếng, ngôn ngữ",lời nói,"cách diễn đạt, cách ăn nói"
show,ʃou,sự bày tỏ,sự trưng bày; cuộc triển lãm,"sự phô trương, sự khoe khoang"
foreign,'fɔrin,"(thuộc) nước ngoài, từ nước ngoài, ở nước ngoài","xa lạ; ngoài, không thuộc về","(y học) ngoài, lạ"
father,'fɑ:ðə,"cha, bố","(nghĩa bóng) người cha, người đẻ ra, người sản sinh ra","tổ tiên, ông tổ"
told,tel,"nói, nói với, nói lên, nói ra","nói cho biết, bảo","chỉ cho, cho biết"
kind,kaind,loài giống,"loại, hạng, thứ","cái cùng loại, cái đúng như vậy"
usually,'ju: u li,"thường thường, thường lệ",,
design,di'zain,"đề cương, bản phác thảo, phác hoạ, đồ án","ý muốn, ý định, dự định, dự kiến, mục đích; ý đồ, mưu đồ",kế hoạch
greater,,"lớn hơn, có ý nghĩa hơn",,
read,ri:d,đọc,"học, nghiên cứu",xem đoán
white,wait,"trắng, bạch, bạc","tái mét, xanh nhợt, trắng bệch","trong, không màu sắc (nước, không khí...)"
size,saiz,"kích thước, độ lớn","cỡ, khổ, số",dụng cụ (để) đo ngọc
art,ɑ:t,"tài khéo léo, kỹ xảo",nghệ thuật; mỹ thuật,mỹ nghệ; nghề đòi hỏi sự khéo léo
became,bi'kʌm,"trở nên, trở thành","vừa, hợp, thích hợp, xứng",xảy đến
practice,'præktis,"thực hành, thực tiễn","thói quen, lệ thường","sự rèn luyện, sự luyện tập"
about,ə'baut,"xung quanh, quanh quẩn, đây đó, rải rác",đằng sau,"khoảng chừng, gần"
better,'betə,cấp so sánh của good,"hơn, tốt hơn, khá hơn, hay hơn, đẹp hơn","khoẻ hơn, dễ chịu hơn, đã đỡ (người ốm...)"
word,wə:d,từ,"lời nói, lời","lời báo tin, tin tức, lời nhắn"
brought,briɳ,"cầm lại, đem lại, mang lại, xách lại, đưa lại",đưa ra,"làm cho, gây cho"
mind,maind,"tâm, tâm trí, tinh thần","trí, trí tuệ, trí óc","ký ức, trí nhớ"
thing,θiɳ,"cái, đồ, vật, thứ, thức, điều, sự, việc, món","đồ dùng, dụng cụ","đồ đạc, quần áo..."
review,ri'vju:,"(pháp lý) sự xem lại, sự xét lại (một bản án)","(quân sự) cuộc duyệt binh, cuộc thao diễn","sự xem xét lại, sự duyệt binh lại; sự hồi tưởng (những việc đã qua)"
mother,'mʌðə,"mẹ, mẹ đẻ","nguồn gốc, nguyên nhân; mẹ ((nghĩa bóng))",(tôn giáo) mẹ
open,'oupən,"mở, ngỏ","mở rộng, không hạn chế; không cấm","trần, không có mui che; không gói, không bọc"
believe,bi'li:v,"tin, tin tưởng","cho rằng, nghĩ rằng","làm ra vẻ, giả vờ"
look,luk,"cái nhìn, cái ngó, cái dòm","vẻ, vẻ mặt, nét mặt, vẻ ngoài",không nên trông mặt mà bắt hình dong
activity,æk'tiviti,"sự tích cực, sự hoạt động, sự nhanh nhẹn, sự linh lợi",(số nhiều) hoạt động,phạm vi hoạt động
rule,ru:l,"phép tắc, quy tắc, nguyên tắc; quy luật; điều lệ, luật lệ","thói quen, lệ thường",quyền lực
keep,ki:p,"giữ, giữ lại","giữ, tuân theo, y theo, thi hành, đúng","giữ, canh phòng, bảo vệ; phù hộ"
page,peidʤ,trang (sách...); (nghĩa bóng) trang sử,đánh số trang,tiểu đồng
face,feis,mặt,vẻ mặt,"thể diện, sĩ diện"
help,help,"sự giúp đỡ, sự cứu giúp, sự giúp ích","phương cứu chữa, lối thoát","phần đưa mời (đồ ăn, đồ uống)"
ground,graund,"mặt đất, đất","bâi đất, khu đất; ruộng đất (của ai)",(số nhiều) đất đai vườn tược
congress,'kɔɳgres,"sự nhóm hợp, sự hội họp","đại hội, hội nghị","(Congress) quốc hội (gồm thượng nghị viện và hạ nghị viện) (Mỹ,  Phi-líp-pin,  Châu mỹ la-tinh trừ Cu-ba)"
really,'riəli,"thực, thật, thực ra",,
king,kiɳ,"vua, quốc vương",trợ cấp của nhà vua cho các bà mẹ đẻ sinh ba,lá cờ của nhà vua
role,roul,"vai, vai trò",,
schools,,(Anh) dành cho nhà trường,,
article,'ɑ:tikl,bài báo,"điều khoản, mục","đồ, thức, vật phẩm; hàng"
tell,tel,"nói, nói với, nói lên, nói ra","nói cho biết, bảo","chỉ cho, cho biết"
woman,'wumən,"đàn bà, phụ nữ","giới đàn bà, nữ giới",kẻ nhu nhược (như đàn bà)
personal,'pə:snl,"cá nhân, tư, riêng","nói đến cá nhân, ám chỉ cá nhân, chỉ trích cá nhân",nhân cách hoá
meeting,'mi:tiɳ,"(chính trị) cuộc mít tinh, cuộc biểu tình","cuộc gặp gỡ, cuộc hội họp, hội nghị",
gave,giv,"cho, biếu, tặng, ban","cho, sinh ra, đem lại","nêu cho; đưa cho, trao cho, đem cho, chuyển cho"
library,'laibrəri,"thư viện, phòng đọc sách",tủ sách,"loại sách (có liên quan về nội dung, đóng bìa giống nhau)"
began,bi'gin,"bắt đầu, mở đầu, khởi đầu",bắt đầu nói,bắt đầu từ
letter,'letə,"chữ cái, chữ","thư, thư tín","nghĩa chật hẹp, nghĩa mặt chữ"
heart,hɑ:t,(giải phẫu) tim,lồng ngực,"trái tim, lòng, tấm lòng, tâm can, tâm hồn"
subject,'sʌbdʤikt,chủ đề; vấn đề,"dân, thần dân",(ngôn ngữ học) chủ ngữ
code,koud,"bộ luật, luật","điều lệ, luật lệ, quy tắc; đạo lý (của một xã hội, của một giai cấp)","mã, mật mã"
knew,nou,biết; hiểu biết,"biết, nhận biết; phân biệt được","biết, quen biết"
strong,strɔɳ,"bền, vững, chắc chắn, kiên cố","khoẻ, tráng kiện",mạnh; tốt
fire,'faie,"lửa, ánh lửa","sự cháy, hoả hoạn, sự cháy nhà",ánh sáng
today,,"hôm nay, ngày này, ngày hôm nay","ngày nay, thời kỳ hiện nay, thời đại này",vào ngày này
black,blæk,đen,mặc quần áo đen,da đen
soon,su:n,"chẳng bao lâu nữa, chẳng mấy chốc, một ngày gần đây; ngay",as soon as; so soon as ngay khi,thà
town,taun,"thành phố, thị xã","dân thành phố, bà con hàng phố","phố (nơi có phố xá đông đúc của thành phố, trái với ngoại ô)"
note,nout,"lời ghi, lời ghi chép","lời ghi chú, lời chú giải","sự lưu ý, sự chú ý"
anything,'eniθiɳ,"vật gì, việc gì (trong câu phủ định và câu hỏi)","bất cứ việc gì, bất cứ vật gì (trong câu khẳng định)","(thông tục) hết sức, vô cùng, cực kỳ"
difficult,'difikəlt,"khó, khó khăn, gay go","khó tính, khó làm vừa lòng (người)",
technology,tek'nɔlədʤi,kỹ thuật; kỹ thuật học,công nghệ học,thuật ngữ chuyên môn (nói chung)
job,dʤɔb,"việc, việc làm, công việc; việc làm thuê, việc làm khoán",(thông tục) công ăn việc làm,việc làm ăn gian lận để kiếm chác
idea,ai'diə,"quan niệm, tư tưởng, ý tưởng, ý nghĩ, ý kiến","ý niệm, khái niệm, sự hiểu biết qua","sự hình dung, sự tưởng tượng; điều tưởng tượng"
feel,fi:l,sự sờ mó,xúc giác,cảm giác (khi sờ mó)
doing,'du:iɳ,sự làm (việc gì...),"((thường) số nhiều) việc làm, hành động, hành vi","(số nhiều) biến cố; đình đám, tiệc tùng, hội hè"
pay,pei,"trả (tiền lương...); nộp, thanh toán","(nghĩa bóng) trả công, thưởng, đền đáp lại",dành cho; đến (thăm...); ngỏ (lời khen...)
love,lʌv,"lòng yêu, tình thương","tình yêu, mối tình, ái tình","người yêu, người tình"
week,wi:k,"tuần lễ, tuần",những ngày làm việc trong tuần,"by tuần, bốn mưi chín ngày"
list,list,trạng thái nghiêng; mặt nghiêng,mép vải; dải,mép vải nhét khe cửa
self,self,"đồng màu, cùng màu",một màu (hoa),cùng loại
turned,,được tiện,mài gọt láng bóng,(a man turned fifty) một người quá năm mươi
half,hɑ:f,"(một) nửa, phân chia đôi","nửa giờ, ba mươi phút",phần thưởng một nửa (không hoàn toàn là một nửa)
story,'stɔ:ri,"chuyện, câu chuyện",truyện,"cốt truyện, tình tiết (một truyện, một vở kịch...)"
meet,mi:t,"cuộc gặp gỡ (của những người đi săn ở một nơi đã hẹn trước, của những nhà thể thao để thi đấu)","gặp, gặp gỡ",đi đón
moment,'moumənt,"chốc, lúc, lát","tầm quan trọng, tính trọng yếu","(kỹ thuật),  (vật lý) Mômen"
difference,'difrəns,"sự khác nhau, tình trạng khác nhau; tính khác nhau; sự chênh lệch","sự bất đồng; mối bất hoà, mối phân tranh; sự cãi nhau",sự chênh lệch về giá cả (hối phiếu... trong những thời gian khác nhau)
sea,si:,biển,sóng biển,biển (khoảng rộng như biển); nhiều (về số lượng)
down,daun,xuống,"xuống, bỏ xuống, lặn xuống, ngã xuống, nằm xuống; ở dưới","xuống cho đến, cho đến tận, xuôi theo"
character,'kæriktə,"tính nết, tính cách; cá tính","đặc tính, đặc điểm; nét đặc sắc","chí khí, nghị lực"
wife,waif,vợ,"(từ cổ,nghĩa cổ) người đàn bà; bà già",
officer,'ɔfisə,sĩ quan,"nhân viên chính quyền, nhân viên, viên chức",cảnh sát
sure,ʃuə,"chắc, chắc chắn","chắc chắn, có thể tin cậy được; cẩn thận","thật, xác thật"
heard,hiə,nghe,"nghe theo, chấp nhận, đồng ý","(+ of,  about,  from) nghe nói, nghe tin, được tin, biết tin; nhận được (thư...)"
hospital,'hɔspitl,"bệnh viện, nhà thương","tổ chức từ thiện, tổ chức cứu tế (chỉ dùng với danh từ riêng)",trường Crai-xơ Hốt-xpi-tơn (tên một trường ở Luân-ddôn)
box,bɔks,"hộp, thùng, tráp, bao",chỗ ngồi (của người đánh xe ngựa),lô (rạp hát); phòng nhỏ (khách sạn); ô (chuồng ngựa)
mean,mi:n,"khoảng giữa, trung độ, trung gian, trung dung",(toán học) giá trị trung bình; số trung bình,"(số nhiều) ((thường) dùng như số ít) phương tiện, kế, biện pháp, cách"
door,dɔ:,"cửa, cửa ra vào (nhà, xe ô tô...)","cửa ngõ, con đường","cách vài nhà, cách vài buồng"
bring,briɳ,"cầm lại, đem lại, mang lại, xách lại, đưa lại",đưa ra,"làm cho, gây cho"
culture,'kʌltʃə,"sự mở mang, sự tu dưỡng, sự trao đổi","sự giáo dục, sự giáo hoá","văn hoá, văn minh"
stage,steidʤ,"bệ, dài",giàn (thợ xây tường...),bàn soi (kính hiển vi)
music,'mju:zik,"nhạc, âm nhạc",tiếng nhạc,khúc nhạc
survey,'sə:vei,sự nhìn chung; cái nhìn tổng quát,sự nghiên cứu (tình hình...),cục đo đạc địa hình
ask,ɑ:sk,hỏi,"xin, yêu cầu, thỉnh cầu",mời
station,'steiʃn,"trạm, điểm, đồn, đài (phát thanh...)","trạm, ty (phục vụ như cầu địa phương)",nhà ga
site,sait,"nơi, chỗ, vị trí",đất xây dựng,"đặt, để, định vị trí"
month,mʌnθ,tháng,lễ cầu kinh một tháng sau khi chết; lễ giỗ ba mươi ngày,một thời gian dài vô tận
like,laik,"giống, giống nhau, như nhau, tương tự, cùng loại","thực đúng, đúng như mong đợi","thích, sãn sàng, sãn lòng, vui lòng"
alone,ə'loun,"một mình, trơ trọi, cô độc, đơn độc","riêng, chỉ có",(xem) leave
sale,seil,sự bán,"hàng hoá bán, số hàng hoá bán được",cuộc bán đấu gía; sự bán xon
poor,puə,"nghèo, bần cùng","xấu, tồi, kém, yếu",thô thiển
future,'fju:tʃə,tương lai,tương lai,(số nhiều) (thương nghiệp) hàng hoá bán sẽ giao sau
leave,li:v,sự cho phép,sự được phép nghỉ,"sự cáo từ, sự cáo biệt"
late,leit,"muộn, chậm, trễ","(thơ ca) mới rồi, gần đây",(xem) better
computer,kəm'pju:tə,máy điện toán,,
morning,'mɔ:niɳ,buổi sáng,(thơ ca) buổi bình minh,vào buổi bình minh của cuộc đời; lúc tuổi thanh xuân
kept,ki:p,"giữ, giữ lại","giữ, tuân theo, y theo, thi hành, đúng","giữ, canh phòng, bảo vệ; phù hộ"
news,nju:z,"tin, tin tức",,
hard,hɑ:d,"cứng, rắn","rắn chắc, cứng cáp",cứng (nước)
farm,fɑ:m,"trại, trang trại, đồn điền",nông trường,khu nuôi thuỷ sản
peace,pi:s,"hoà bình, thái bình, sự hoà thuận",((thường) Peace) hoà ước,"sự yên ổn, sự trật tự an ninh"
everything,'evriθiɳ,"mọi vật, tất cả, mọi cái, tất cả mọi thứ","cái quan trọng bậc nhất, điều quan trọng bậc nhất",
wall,wɔ:l,"tường, vách","thàn, thành luỹ, thành quách",lối đi sát tường nhà trên hè đường
island,'ailənd,hòn đảo,"(nghĩa bóng) cái đứng tách riêng, cái đứng tách biệt; miền đồng rừng giữa thảo nguyên; chỗ đứng tránh (cho người đi bộ ở ngã ba đường)",(giải phẫu) đảo
coming,'kʌmiɳ,"sự đến, sự tới","sắp tới, sắp đến","có tương lai, có triển vọng, hứa hẹn"
live,liv,sống,"ở, trú tại",thoát nạn (tàu thuỷ)
giving,,sự cho; việc tặng,tặng phẩm,(pháp luật) sự bán đấu giá; sự cho thầu
collection,kə'lekʃn,"sự tập họp, sự tụ họp","sự thu, sự lượm, sự góp nhặt, sự sưu tầm; tập sưu tầm",sự quyên góp
machine,mə'ʃi:n,"máy móc, cơ giới",người máy; người làm việc như cái máy,"(từ Mỹ,nghĩa Mỹ) cơ quan đầu nâo, bộ máy chỉ đạo (của một tổ chức, một đảng phái chính trị)"
fine,fain,"tốt, nguyên chất (vàng, bạc...)","nhỏ, mịn, thanh mảnh; sắc","tốt, khả quan, hay, giải"
answer,'ɑ:nsə,sự trả lời; câu trả lời; thư trả lời; lời đối đáp,"điều đáp lại, việc làm đáp lại","lời biện bác, lời biện bạch"
smith,smiθ,thợ rèn,,
comes,,mạch máu chạy dọc dây thần kinh,,
noted,'noutid,"nổi tiếng, có danh tiếng",,
red,red,đỏ,"hung hung đỏ, đỏ hoe","đẫm máu, ác liệt"
met,mi:t,"cuộc gặp gỡ (của những người đi săn ở một nơi đã hẹn trước, của những nhà thể thao để thi đấu)","gặp, gặp gỡ",đi đón
built,bild,sự xây dựng,kiểu kiến trúc,khổ người tầm vóc
ago,ə'gou,"trước đây, về trước",,
housing,'hauziɳ,sự cho ở,sự cất vào kho; sự lùa (súc vật) vào chuồng,sự cung cấp nhà ở
park,pɑ:k,"vườn hoa, công viên","bâi (bâi đất, thường có thú rừng; bãi cỏ quanh biệt thự ở nông thôn)","bâi (để xe, để pháo...)"
fish,fiʃ,cá,"cá, món cá",(thiên văn học) chòm sao Cá
summer,'sʌmə,(kiến trúc) cái rầm ((cũng) summer-tree),"mùa hạ, mùa hè","(thơ ca) tuổi, xuân xanh"
hour,'auə,"giờ, tiếng (đồng hồ)","giờ phút, lúc",((thường) số nhiều) giờ (làm việc gì theo quy định)
write,rait,viết,"viết thư, giao dịch thư từ","viết văn, viết sách"
getting,,(ngành mỏ) sự khấu; sự khai thác,lợi ích; thu hoạch,
post,poust,cột trụ,vỉa cát kết dày,(ngành mỏ) cột than chống (để lại không khai thác để chống mỏ)
address,ə'dres,địa chỉ,"bài nói chuyện, diễn văn",cách nói năng; tác phong lúc nói chuyện
add,æd,"((thường) + up,  together) cộng","thêm vào, làm tăng thêm",nói thêm
floor,floor,"sàn (nhà, cầu...)",tầng (nhà),đáy
hall,hɔ:l,"phòng lớn, đại sảnh (trong các lâu đài)",lâu đài (của địa chủ),"phòng họp lớn, hội trường (để hội họp, hoà nhạc...)"
spring,spriɳ,sự nhảy; cái nhảy,mùa xuân (đen & bóng),suối
heavy,'hevi,"nặng, nặng nề ((nghĩa đen) & (nghĩa bóng))","(+ with) chất nặng, chứa đầy, nặng trĩu","nặng, khó tiêu (thức ăn)"
run,rʌn,sự chạy,"cuộc hành trình ngắn, cuộc đi tham quan ngắn; cuộc đi dạo, cuộc đi chơi","chuyến đi; quâng đường đi (xe lửa, tàu thuỷ...)"
hear,hiə,nghe,"nghe theo, chấp nhận, đồng ý","(+ of,  about,  from) nghe nói, nghe tin, được tin, biết tin; nhận được (thư...)"
ready,'redi,sẵn sàng,sẵn lòng,để sẵn
else,els,"khác, nữa",nếu không,
event,i'vent,"sự việc, sự kiện",sự kiện quan trọng,"(thể dục,thể thao) cuộc đấu, cuộc thi"
successful,sək'sesful,"có kết quả, thành công, thắng lợi, thành đạt",,
bad,bæd,"xấu, tồi, dở","ác, bất lương, xấu","có hại cho, nguy hiểm cho"
top,tɔp,"con cù, con quay","(thân mật) bạn tri kỷ, bạn nối khố",ngủ say
cut,kʌt,"sự cắt, sự đốn, sự chặt, sự thái; nhát chém, nhát thái, vết đứt, vết xẻ, vết mổ","sự giảm, sự hạ, sự cắt bớt","vật cắt ra, miêng; đoạn cắt đi (của một vở kịch, cuốn tiểu thuyết...)"
color,'kʌlə,"(từ Mỹ,nghĩa Mỹ) (như) colour",,
bed,bed,cái giường,nền,lòng (sông...)
carry,'kæri,(quân sự) tư thế cầm gươm chào; sự bồng vũ khí,tầm súng; tầm bắn xa,sự khiêng thuyền xuống (từ sông này sang sông khác); nơi kéo thuyền lên khỏi mặt nước (để chuyển đi nơi khác)
glass,glɑ:s,kính thuỷ tinh,đồ dùng bằng thuỷ tinh (nói chung),cái cốc; (một) cốc
paragraph,'pærəgrɑ:f,đoạn văn,dấu mở đầu một đoạn văn; dấu xuống dòng,"mẫu tin (trên báo, thường không có đề)"
sold,sel,(thực vật học) sự làm thất vọng,"(từ Mỹ,nghĩa Mỹ) vố chơi khăm; sự đánh lừa",bán (hàng hoá); chuyên bán
easy,'i:zi,"thoải mái, thanh thản, không lo lắng; thanh thoát, ung dung","dễ, dễ dàng","dễ dãi, dễ tính; dễ thuyết phục"
picture,'piktʃə,"bức tranh, bức ảnh, bức vẽ",chân dung,người giống hệt (một người khác)
remember,ri'membə,"nhớ; nhớ lại, ghi nhớ","nhớ thưởng tiền, nhớ cho tiền",gửi lời chào
someone,'sʌmwʌn,"một người nào đó, có người ((cũng) somebody)",,
wrote,rait,viết,"viết thư, giao dịch thư từ","viết văn, viết sách"
interesting,'intristiɳ,"làm quan tâm, làm chú ý","có thai, có mang",
bar,bɑ:,barơ (đơn vị áp suất),"thanh, thỏi",chấn song; then chắn (cửa)
dark,dɑ:k,"tối, tối tăm, tối mò; mù mịt, u ám","ngăm ngăm đen, đen huyền",thẫm sẫm (màu)
eye,ai,"mắt, con mắt",(thực vật học) mắt (trên củ khoai tây),"lỗ (kim, xâu dây ở giày...)"
speak,spi:k,nói,"nói với, nói chuyện, nói lên","phát biểu, diễn thuyết, đọc diễn văn (ở hội nghị)"
telephone,'telifoun,"dây nói, điện thoại","gọi điện, nói chuyện bằng điện thoại",
girl,gə:l,con gái,cô gái giúp việc (trong gia đình),"(thông tục) người yêu, người tình ((cũng) best girl)"
tree,tri:,cây,(tôn giáo) giá chữ thập,cái nòng (giày); cái cốt (yên); trục (bánh xe)
boy,bɔi,"con trai, thiếu niên; con trai (con đẻ ra)","học trò trai, học sinh nam",người đầy tớ trai
husband,'hʌzbənd,người chồng,"(từ cổ,nghĩa cổ) người quản lý, người trông nom (việc chi tiêu...)","(từ cổ,nghĩa cổ) người làm ruộng"
copy,'kɔpi,"bản sao, bản chép lại","sự sao lại, sự chép lại, sự bắt chước, sự phỏng theo, sự mô phỏng","bản, cuộn (sách); số (báo)"
turn,tə:n,sự quay; vòng quay,"vòng cuộn, vòng xoắn (dây thép...)","sự đổi hướng, sự rẽ; chỗ ngoặt, chỗ rẽ"
animal,'æniməl,"động vật, thú vật",người đầy tính thú,"(thuộc) động vật, (thuộc) thú vật"
reading,'ri:diɳ,"sự đọc, sự xem (sách, báo...)","sự hiểu biết nhiều, sự uyên bác",phiên họp để thông qua (một dự án tại hai viện ở Anh trước khi được nhà vua phê chuẩn)
speech,spi:tʃ,"khả năng nói, năng lực nói","lời nói, lời",cách nói
quickly,'kwikli,"nhanh, nhanh chóng",,
winter,'wint,mùa đông,"(th ca) năm, tuổi",(th ca) lúc tuổi già
brother,'brʌðə,anh; em trai,"(số nhiều (thường) brethren) bạn cùng nghề, bạn đồng sự, bạn đồng ngũ",(số nhiều brethren) (tôn giáo) thầy dòng cùng môn phái
owner,'ounə,"người chủ, chủ nhân",(từ lóng) thuyền trưởng,
learn,lə:n,"học, học tập, nghiên cứu","nghe thất, được nghe, được biết","(từ cổ,nghĩa cổ);(đùa cợt), guộc duỵu âm phâng nội động từ"
game,geim,"trò chơi (như bóng đá, quần vợt, bài lá...)",(thương nghiệp) dụng cụ để chơi (các trò chơi),"(số nhiều) cuộc thi điền kinh, cuộc thi đấu"
radio,'reidiai,rađiô,"máy thu thanh, máy rađiô","truyền đi bằng rađiô, thông tin bằng rađiô, phát thanh bằng rađiô; đánh điện bằng rađiô (cho ai)"
begin,bi'gin,"bắt đầu, mở đầu, khởi đầu",bắt đầu nói,bắt đầu từ
memory,'meməri,"sự nhớ, trí nhớ, ký ức","kỷ niệm, sự tưởng nhớ",
wrong,rɔɳ,"xấu, không tốt, tồi","trái, ngược","sai, không đúng, lầm; trái lý, sai trái"
team,ti:m,"cỗ (ngựa, trâu, bò...)","đội, tổ",thắng (ngựa...) vào xe
miss,mis,cô,"(thông tục) cô gái, thiếu nữ",hoa khôi
fair,feə,"hội chợ, chợ phiên",(xem) day,hội chợ phù hoa
dry,drai,"khô, cạn, ráo","khô nứt; (thông tục) khô cổ, khát khô cả cổ","cạn sữa, hết sữa (bò cái...)"
spent,spent,"mệt lử, kiệt sức, hết nghị lực; hết đà (viên đạn, mũi tên...)",tàn lụi,
hair,heə,"tóc, lông (người, thú, cây...); bộ lông (thú)","(thông tục) xuềnh xoàng, tự nhiên, không nghi thức gò bó",ngược lông (vuốt)
medicine,'medsin,"y học, y khoa",thuốc,khoa nội
play,plei,"sự vui chơi, sự nô đùa, sự đùa giỡn; trò chơi, trò đùa","(thể dục,thể thao) sự đấu, sự chơi; trận đấu; cách chơi, lối chơi","(nghĩa bóng) lối chơi, cách xử sự"
before,bi'fɔ:,"trước, đằng trước","trước đây, ngày trước","ngay bây giờ, chẳng bao lâu nữa"
mouth,mauθ - mauð,mauð/,"mồm, miệng, mõm",miệng ăn
ship,ʃip,"tàu thuỷ, tàu","(từ Mỹ,nghĩa Mỹ) máy bay, phi cơ",(từ lóng) thuyền (đua)
out,aut,"ngoài, ở ngoài, ra ngoài",ra,"hẳn, hoàn toàn hết"
evening,i':vniɳ,"buổi chiều, buổi tối, tối đêm",(nghĩa bóng) lúc xế bóng,
agree,ə'gri:,"đồng ý, tán thành, bằng lòng, thoả thuận",hoà thuận,"hợp với, phù hợp với, thích hợp với"
greatest,,"lớn nhất, có ý nghĩa nhất",,
club,klʌb,"dùi cui, gậy tày","(thể dục,thể thao) gậy (đánh gôn)",(số nhiều) (đánh bài) quân nhép
sat,sit,ngồi,đậu (chim),ấp (gà mái)
start,stɑ:t,"lúc bắt đầu, buổi đầu","dị bắt đầu, cơ hội bắt đầu (một công cuộc gì)","sự khởi hành, sự ra đi, sự lên đường"
thank,θæɳk,"cám ơn, biết ơn","xin, yêu cầu",anh làm thì anh chịu
anyone,'eniwʌn,"người nào, ai","bất cứ người nào, bất cứ ai",
everyone,'evribɔdi,"mọi người, tất cả mọi người, ai ai; mỗi người",,
daughter,'dɔ:tə,con gái,,
close,klous,đóng kín,"chật, chật chội; kín, bí hơi, ngột ngạt","chặt, bền, sít, khít"
correct,kə'rekt,"đúng, chính xác","đúng đắn, được hợp, phải, phải lối",làm (nói) đúng lúc
lives,laif,sự sống,"đời sống, sinh mệnh, tính mệnh","đời, người đời"
piece,pi:s,"mảnh, mẩu, miếng, viên, cục, khúc...","bộ phận, mảnh rời","(thương nghiệp) đơn vị, cái, chiếc, tấm cuộn (vải); thùng (rượu...)"
collected,kə'lektid,"bình tĩnh, tự chủ",,
file,fail,cái giũa,"(từ lóng) thằng cha láu cá, thằng cha quay quắt",lấy thúng úp voi; lấy gậy chọc trời
mail,meil,áo giáp,mặc áo giáp,"thư từ; bưu kiện, bưu phẩm"
phone,foun,(ngôn ngữ học) âm tỏ lời nói,"(thông tục) máy điện thoại, dây nói",gọi dây nói; nói chuyện bằng dây nói
largest,,lớn nhất,,
key,ki:,hòn đảo nhỏ,bâi cát nông; đá ngần,chìa khoá
beautiful,'bju:təful,đẹp; hay,"tốt, tốt đẹp",
window,'windou,cửa sổ,"cửa kính (ô tô, xe lửa)",(thưng nghiệp) tủ kính bày hàng
map,mæp,bản đồ,(toán học) bản đồ; ảnh tượng,(từ lóng) mặt
green,gri:n,"xanh lá cây, (màu) lục",xanh; tươi,đầy sức sống; thanh xuân
talk,tɔ:k,lời nói,"cuộc chuyện trò, cuộc mạn đàm",bài nói chuyện
two,tu:,"hai, đôi",số hai,"đôi, cặp"
bridge,bridʤ,(đánh bài) brit,cái cầu,sống (mũi)
stop,stɔp,"sự ngừng lại, sư dừng, sự đỗ lại","sự ở lại, sự lưu lại",chỗ đỗ (xe khách...)
message,'mesidʤ,"thư tín, điện, thông báo, thông điệp","việc uỷ thác, việc giao làm, việc sai làm","lời truyền lại, lời tiên báo (của thần, nhà tiên tri...)"
either,"'aiðə,(Mỹ)'i:ðə","mỗi (trong hai), một (trong hai)",cả hai,"mỗi người (trong hai), mỗi vật (trong hai); một người (trong hai); một vật (trong hai)"
maybe,'meibi:,"có thể, có lẽ",,
brain,brein,"óc, não","đầu óc, trí óc",(số nhiều) trí tuệ; trí lực; sự thông minh
sugar,'ʃugə,đường,"lời đường mật, lời nịnh hót","(từ Mỹ,nghĩa Mỹ),  (từ lóng) tiền, xìn"
hope,houp,hy vọng,nguồn hy vọng,từ bỏ mọi hy vọng
excellent,'eksələnt,"hơn hẳn, trội hơn; rất tốt, thượng hạng, xuất sắc, ưu tú",,
blue,blu:,xanh,mặc quần áo xanh,"(thông tục) chán nản, thất vọng"
grade,greid,(toán học) Grát,"cấp bậc, mức, độ; hạng, loại; tầng lớp","(từ Mỹ,nghĩa Mỹ) điểm, điểm số (của học sinh)"
ice,ais,băng nước đá,kem,"(từ Mỹ,nghĩa Mỹ),  (từ lóng) kim cương"
rich,ritʃ,"giàu, giàu có","tốt, dồi dào, phong phú, sum sê","đẹp đẽ, tráng lệ, lộng lẫy, đắt tiền, quý giá (quần áo, đồ đạc...)"
learned,'lə:nid,"hay chữ, có học thức, thông thái, uyên bác",của các nhà học giả; đòi hỏi học vấn,
feeling,'fi:liɳ,"sự sờ mó, sự bắt mạch","sự cảm thấy; cảm giác, cảm tưởng","sự cảm động, sự xúc động"
wind,"wind, (thÔ) waind",gió,"phưng gió, phía gió thổi",(số nhiều) các phưng trời
thinking,'θiɳkiɳ,"sự suy nghĩ, sự nghĩ ngợi, sự trầm tư","tư tưởng, ý nghĩ, ý kiến","suy nghĩ, suy xét, nghĩ ngợi"
arm,ɑ:m,cánh tay,tay áo,nhánh (sông...)
closed,,bảo thủ,"không cởi mở, khép kín",
item,'aitem,"khoản (ghi số...), món (ghi trong đơn hàng...); tiết mục",tin tức; (từ lóng) món tin (có thể đăng báo...),
fruit,fru:t,"quả, trái cây","thành quả, kết quả","(số nhiều) thu hoạch, lợi tức"
doctor,'dɔktə,bác sĩ y khoa,tiến sĩ,"(hàng hải),  (từ lóng) người đầu bếp, anh nuôi (trên tàu)"
carefully,,"cẩn thận, chu đáo",,
birth,bə:θ,sự sinh đẻ,sự ra đời; ngày thành lập,dòng dõi
band,bænd,"dải, băng, đai, nẹp",dải đóng gáy sách,"(số nhiều) dải cổ áo (thầy tu, quan toà, viện sĩ hàn lâm...)"
stay,stei,(hàng hải) dây néo (cột buồm...),đang trở buồm,không lợi dụng được chiều gió
fourth,'fɔ:θ,"thứ tư, thứ bốn",một phần tư,"người thứ bốn; vật thứ bốn; ngày mồng bốn; (từ Mỹ,nghĩa Mỹ) (the Fourth) ngày 4 tháng 7 (quốc khánh Mỹ)"
leader,'li:də,"lânh tụ, người lânh đạo, người chỉ huy, người hướng dẫn, người chỉ đạo",luật sư chính (trong một vụ kiện),"bài báo chính, bài xã luận lớn"
block,blɔk,"khối, tảng, súc (đá, gỗ...)","cái thớt, đon kê, tấm gỗ kê để chặt đầu (người bị tử hình)","khuôn (mũ); đầu giả (để trưng bày mũ, tóc giả...)"
build,bild,sự xây dựng,kiểu kiến trúc,khổ người tầm vóc
horse,hɔ:s,ngựa,kỵ binh,"(thể dục,thể thao) ngựa gỗ ((cũng) vaulting horse)"
quarter,'kwɔ:tə,một phần tư,mười lăm phút,quý (ba tháng); học kỳ ba tháng (trường học)
mountain,'mauntin,núi,"(nghĩa bóng) núi, đống to",(xem) molehill
hotel,hou'tel,khách sạn,,
sell,sel,(thực vật học) sự làm thất vọng,"(từ Mỹ,nghĩa Mỹ) vố chơi khăm; sự đánh lừa",bán (hàng hoá); chuyên bán
buy,bai,mua,"(nghĩa bóng) trã bằng giá; đạt được, được (cái gì bằng một sự hy sinh nào đó)","mua chuộc, đút lót, hối lộ (ai)"
goal,goul,"(thể dục,thể thao) khung thành gồm","(thể dục,thể thao) bàn thắng, điểm","đích; mục đích, mục tiêu"
changing,'tʃeindʤiɳ,"hay thay đổi, hay biến đổi",,
plane,plein,"(thực vật học) cây tiêu huyền ((cũng) plane-tree,  platan)",cái bào,"bào (gỗ, kim loại...)"
sentence,'sentəns,(ngôn ngữ học) câu,"sự tuyên án; án; (từ hiếm,nghĩa hiếm) lời phán quyết","ý kiến (tán thành, chống đối)"
weather,'weθə,"thời tiết, tiết trời",bản thông báo thời tiết (đăng trên báo),cảnh giác đề phòng
tube,tju:b,ống,săm (ô tô...) ((cũng) inner tube),tàu điện ngầm
television,"'teli,viʤn",sự truyền hình,,
store,stɔ:,"sự có nhiều, sự dồi dào",dự trữ,kho hàng
reader,'ri:də,"người đọc, độc giả",người mê đọc sách,phó giáo sư (trường đại học)
bottom,'bɔtəm,phần dưới cùng; đáy,(hàng hải) bụng tàu; tàu,mặt (ghế)
card,kɑ:d,"các, thiếp, thẻ","quân bài, bài ((cũng) playing card)",(số nhiều) sự chơi bài
describe,dis'kraib,"tả, diễn tả, mô tả, miêu tả","vạch, vẽ","cho là, coi là; định rõ tính chất"
thin,θin,"mỏng, mảnh","gầy gò, mảnh dẻ, mảnh khảnh",loãng
camp,kæmp,"trại, chỗ cắm trại, hạ trại","(quân sự) chỗ đóng quân, chỗ đóng trại",đời sông quân đội
carrier,'kæriə,pigeon),"người đưa, người mang; người chuyên chở",hãng vận tải
becoming,bi'kʌmiɳ,"vừa, hợp, thích hợp, xứng",,
discuss,dis'kʌs,"thảo luận, bàn cãi, tranh luận (một vấn đề gì); nói đến (ai)","ăn uống ngon lành thích thú (món ăn, rượu)",
sister,'sistə,"chị, em gái",bạn gái thân (coi như chị em gái),"nữ tu sĩ, ni cô"
writer,'raitə,nhà văn; tác giả,"người viết, người thảo (bức thư, văn kiện)",người thư ký
chosen,tʃu:z,"chọn, lựa chọn, kén chọn",thách muốn,"(từ cổ,nghĩa cổ) không còn cách nào khác hơn là"
choose,tʃu:z,"chọn, lựa chọn, kén chọn",thách muốn,"(từ cổ,nghĩa cổ) không còn cách nào khác hơn là"
sign,sain,"dấu, dấu hiệu, ký hiệu; mật hiệu","dấu hiệu biểu hiện, biểu hiện, tượng trưng, điểm",(y học) triệu chứng
grow,grou,"mọc, mọc lên (cây cối); mọc mầm, đâm chồi nẩy nở","lớn, lớn lên (người)","phát triển, tăng lên, lớn thêm"
noise,nɔiz,"tiếng; tiếng ồn ào, tiếng om sòm, tiếng huyên náo","loan (tin), đồn",
spoke,spouk,cái nan hoa,"bậc thang, nấc thang",tay quay (của bánh lái)
three,θri:,ba,số ba,con ba (súc sắc) quân ba (quân bài)
careful,'keəful,"cẩn thận, thận trọng, biết giữ gìn, biết lưu ý","kỹ lưỡng, chu đáo",
train,trein,xe lửa,đoàn; đoàn tuỳ tùng,"dòng, dãy, chuỗi, hạt"
vote,vout,sự bỏ phiếu,lá phiếu,số phiếu (của một đảng trong một cuộc bầu cử)
corner,'kɔ:nə,"góc (tường, nhà, phố...)","nơi kín đáo, xó xỉnh; chỗ ẩn náu, chỗ giấu giếm","nơi, phương"
sight,sait,"sự nhìn, thị lực","sự nhìn, sự trông; cách nhìn",tầm nhìn
grown,groun,"lớn, trưởng thành",,
circle,'sə:kl,"đường tròn, hình tròn",sự tuần hoàn,"nhóm, giới"
tool,tu:l,"dụng cụ, đồ dùng",(nghĩa bóng) công cụ; lợi khí; tay sai,(xem) quarrel
save,seiv,"(thể dục,thể thao) sự phá bóng cứu nguy (chặn không cho đối phương ghi bàn) (bóng đá)",cứu nguy,"(thể dục,thể thao) phá bóng cứu nguy"
keeping,'ki:piɳ,"sự giữ, sự giữ gìn, sự bảo quản","sự coi giữ, sự trông nom, sự bảo vệ","(pháp lý) sự giữ, sự tuân theo"
thick,θik,dày,"to, mập","đặc, sền sệt"
interested,'intristid,"có quan tâm, thích thú, có chú ý","có lợi ích riêng; có liên quan, có dính dáng; có cổ phần, có vốn đầu tư","không vô tư, cầu lợi"
programme,programme,"chương trình (công tác, biểu diễn văn nghệ...)","cương lĩnh (của tổ chức, đảng phái)","đặt chương trình, lập chương trình"
speaking,'spi:kiɳ,sự nói; lời nói,sự phát biểu,"nói, nói lên, biểu lộ, biểu thị"
slow,slou,"chậm, chậm chạp","trì độn, không nhanh trí","buồn tẻ, kém vui"
drive,draiv,"cuộc đi xe, cuộc đi chơi bằng xe","(từ Mỹ,nghĩa Mỹ) đường lái xe vào nhà (trong khu vực một toà nhà)","sự lùa (thú săn), sự săn đuổi, sự dồn (kẻ địch)"
shop,ʃɔp,"cửa hàng, cửa hiệu",phân xưởng,"(từ lóng) cơ sở, trường sở nghề nghiệp, công việc làm ăn"
pleasure,'pleʤə,"niềm vui thích, điều thích thú, điều thú vị, điều vui thú, điều khoái trá","khoái lạc, hoan lạc; sự ăn chơi truỵ lạc","ý muốn, ý thích"
engineer,",endʤi'niə","kỹ sư, công trình sư",kỹ sư xây dựng ((cũng) civil engineer),công binh; người thiết kế và xây dựng công sự
baby,'beibi,đứa bé mới sinh; trẻ thơ,người tính trẻ con,(định ngữ) nhỏ; xinh xinh
caught,kætʃ,"sự bắt, sự nắm lấy; cái bắt, cái vồ, cái chộp",sự đánh cá; mẻ cá,"nhiều người bị bắt, vật bị túm được; mồi ngon đáng để bẫy; món bở"
happen,'hæpən,"xảy đến, xảy ra; ngẫu nhiên xảy ra, tình cờ xảy ra","tình cờ, ngẫu nhiên","(+ upon) tình cờ gặp, ngẫu nhiên gặp; ngẫu nhiên thấy"
starting,'stɑ:tliɳ,sự giật mình,"sự bắt đầu, sự khởi công, sự khởi hành",
pair,peə,"đôi, cặp","cặp vợ chồng; đôi đực cái, đôi trống mái (loài vật)",chiếc; cái (đồ vật có hai bộ phận)
seeing,,liên từ,"xét thấy sự thật là; do, bởi vì",việc nhà
bone,boun,xương,chất xương; chất ngà; chất ngà răng; chất sừng cá voi,"đồ bằng xương; (số nhiều) con súc sắc, quân cờ..."
draw,drɔ:,"sự kéo; sự cố gắng, sự nỗ lực","sức quyến rũ, sức hấp dẫn, sức lôi cuốn; người có sức quyến rũ, vật có sức lôi cuốn",sự rút thăm; sự mở số; số trúng
wait,weit,sự chờ đợi; thời gian chờ đợi,"sự rình, sự mai phục; chỗ rình, chỗ mai phục",(số nhiều) người hát rong ngày lễ Nô-en
famous,'feiməs,"nổi tiếng, nổi danh, trứ danh","(thông tục) cừ, chiến",
leaves,li:f,"lá cây; lá (vàng, bạc...)",tờ (giấy),tấm đôi (tấm ván ở mặt bàn có thể bỏ đi hoặc lắp vào chỗ cho bàn to thêm)
magazine,",mægə'zi:n",tạp chí,"nhà kho; kho súng, kho đạn, kho thuốc nổ",ổ đạn (trong súng)
parent,'peərənt,cha; mẹ,"(số nhiều) cha mẹ; ông cha, tổ tiên",(nghĩa bóng) nguồn gốc
meat,mi:t,thịt,"(từ cổ,nghĩa cổ) thức ăn (nói chung)","làm cho ai khoái trá, làm cho ai vui thích"
star,stɑ:,"sao, ngôi sao, tinh tú",vật hình sao,(ngành in) dấu sao
worker,'wə:kə,"người lao động, người làm việc","thợ, công nhân","(số nhiều) giai cấp công nhân, nhân dân lao động"
seat,si:t,"ghế; vé chỗ ngồi, chỗ ngồi",mặt ghế,mông đít
repeated,ri'pi:tid,"nhiều lần nhắc đi nhắc lại, lặp đi lặp lại",,
sitting,'sitiɳ,sự ngồi; sự đặt ngồi,buổi họp,"lần, lúc, lượt (ngồi)"
corn,kɔ:n,chai (chân),chỗ đau,(xem) tread
yellow,'jelou,vàng,"ghen ghét, ghen tị, đố kỵ, ngờ vực","(thông tục) nhút nhát, nhát gan"
ball,bɔ:l,buổi khiêu vũ,"quả cầu, hình cầu","quả bóng, quả ban"
finished,'finiʃt,"hết, đã hoàn thành, đã kết thúc, đã xong","đã hoàn hảo, đã hoàn chỉnh, đã được sang sửa lần cuối cùng",
warm,wɔ:m,ấm; làm cho ấm,(hội họa) ấm (màu sắc),"(thể dục,thể thao) còn nồng, chưa bay hết; còn mới, còn rõ (hơi, dấu vết của những con thú)"
taught,ti:tʃ,"dạy, dạy học; dạy bảo, dạy dỗ",,
boat,bout,tàu thuyền,đĩa hình thuyền (để đựng nước thịt...),"cùng hội cùng thuyền, cùng chung cảnh ngộ"
join,dʤɔin,"nối lại, chắp, ghép, buộc (cái nọ vào cái kia)",nối liền,"thắt chặt, hợp nhất, kết hợp, liên hiệp; kết giao, kết thân"
broken,'broukən,"bị gãy, bị vỡ",vụn,"đứt quãng, chập chờn, thất thường"
rose,rouz,hoa hồng; cây hoa hồng,"cô gái đẹp nhất, hoa khôi",bông hồng năm cánh (quốc huy của nước Anh)
rice,rais,lúa; gạo; cơm,cây lúa,
minute,'minit,phút,"một lúc, một lát, một thời gian ngắn",(toán học) phút (1 thoành 0 của một độ)
knowing,'nouiɳ,"hiểu biết, thạo","tính khôn, ranh mãnh, láu","(thông tục) diện, bảnh, sang"
conversation,",kɔnvə'seiʃn","sự nói chuyện; cuộc nói chuyện, cuộc chuyện trò, cuộc đàm luận",(pháp lý) sự giao cấu; sự giao hợp,
beach,bi:tʃ,sỏi cát (ở bãi biển),bãi biển,cho (tàu thuyền) lên cạn
sit,sit,ngồi,đậu (chim),ấp (gà mái)
song,sɔɳ,tiếng hát; tiếng hót,"bài hát, điệu hát",thơ ca
gift,gift,"sự ban cho, sự cho, sự tặng","quà tặng, quà biếu","tài, thiên tài, năng khiếu"
afternoon,'ɑ:ftə'nu:n,buổi chiều,,
factory,'fæktəri,"nhà máy, xí nghiệp, xưởng",(sử học) đại lý ở nước ngoài (của một số hãng buôn),
visit,'vizit,"sự đi thăm, sự thăm hỏi, sự thăm viếng",sự tham quan; thời gian ở lại thăm,"(từ Mỹ,nghĩa Mỹ),  (thông tục) cuộc truyện trò thân mật (lúc đến thăm nhau)"
spot,spɔt,"dấu, đốm, vết","vết nhơ, vết đen",chấm đen ở đầu bàn bi-a
neck,nek,"cổ (người, súc vật; chai, lọ)",thịt cổ (cừu),"chỗ thắt lại, chỗ hẹp lại (của một cái gì)"
pollution,pə'lu:ʃn,"sự làm ô uế, sự làm mất thiêng liêng",sự làm nhơ bẩn (nước...),"sự làm hư hỏng, sự làm sa đoạ"
grew,grou,"mọc, mọc lên (cây cối); mọc mầm, đâm chồi nẩy nở","lớn, lớn lên (người)","phát triển, tăng lên, lớn thêm"
trip,trip,"cuộc đi chơi, cuộc dạo chơi, cuộc du ngoạn","(hàng hải) chuyến đi, cuộc hành trình, sự vượt biển",bước nhẹ
newspaper,"'nju:z,peipə",báo,,
strange,streindʤ,"lạ, xa lạ, không quen biết","kỳ lạ, kỳ dị, kỳ quặc","mới, chưa quen"
dinner,'dinə,"bữa cơm (trưa, chiều)","tiệc, tiệc chiêu đãi",
sweet,swi:t,ngọt,ngọt (nước),thơm
clean,kli:n,"sạch, sạch sẽ",(nghĩa bóng) trong sạch không tội lỗi,"không lỗi, dễ đọc (bản in)"
coffee,'kɔfi,cà phê,bột cà phê,hột cà phê rang
interview,'intəvju:,"sự gặp gỡ, sự gặp mặt; cuộc nói chuyện riêng",cuộc phỏng vấn; bài phỏng vấn,"gặp riêng, nói chuyện riêng"
spend,spend,"tiêu, tiêu pha","dùng (thì giờ...), tốn","qua, sống qua"
teeth,tu:θ,răng,răng (của các đồ vật),(xem) arm
payable,'peiəbl,"có thể trả, phải trả",có lợi,
thanks,'θæɳks,"lời cảm ơn, sự cảm ơn",nhờ có,
elementary,",eli'mentəri","cơ bản, sơ yếu",(hoá học) không phân tách được,trường cấp hai
feed,fi:d,"sự ăn, sự cho ăn","cỏ, đồng cỏ","suất lúa mạch, suất cỏ khô (cho ngựa)"
partner,'pɑ:tnə,người cùng chung phần; người cùng canh ty,"hội viên (của một công ty, một minh ước quốc tế)",bạn cùng phe (trong một trò chơi)
cup,kʌp,"tách, chén","(thể dục,thể thao) cúp, giải",(thực vật học) đài (hoa)
break,breik,xe vực ngựa (tập cho ngựa kéo xe),xe ngựa không mui,"sự gãy, sự kéo, sự đứt, sự ngắt"
truck,trʌk,"sự trao đổi, sự đổi chác","đồ linh tinh, hàng vặt","(nghĩa bóng) chuyện nhảm, chuyện tầm bậy"
bright,brait,"sáng, sáng chói",tươi,"sáng sủa; rạng rỡ, sáng ngời; rực rỡ"
loved,,thân ái; yêu quý,,
rain,rein,mưa,(the rains) mùa mưa,(the Rains) (hàng hải) vùng mưa ở Đại tây dương (4 10 o độ vĩ bắc)
begun,bi'gin,"bắt đầu, mở đầu, khởi đầu",bắt đầu nói,bắt đầu từ
fast,fɑ:st,chắc chắn,"thân, thân thiết, keo sơn","bền, không phai"
bought,bai,mua,"(nghĩa bóng) trã bằng giá; đạt được, được (cái gì bằng một sự hy sinh nào đó)","mua chuộc, đút lót, hối lộ (ai)"
kitchen,,"phòng bếp, nhà bếp",,
enjoy,in'dʤɔi,"thích thú, khoái (cái gì)","được hưởng, được, có được",
row,rou,"hàng, dây",dãy nhà phố,hàng ghế (trong rạp hát...)
dollar,'dɔlə,đồng đô la (Mỹ),"(từ lóng) đồng 5 silinh, đồng curon","thần đô la, thần tiền"
bird,bə:d,con chim,"(thông tục) gã, thằng cha",(từ lóng) cô gái
sky,skai,"trời, bầu trời","cõi tiên, thiêng đường","khí hậu, thời tiết"
quiet,'kwaiət,"lặng, yên lặng, yên tĩnh",trầm lặng,nhã (màu sắc)
walk,wɔ:k,sự đi bộ; sự bước,sự dạo chơi,"cách đi, cách bước, dáng đi"
fishing,'fiʃiɳ,"sự đánh cá, sự câu cá",nghề cá,
smile,smail,nụ cười; vẻ mặt tươi cười,"mỉm cười, cười tủm tỉm; cười",cười để xua tan
bus,bʌs,xe buýt,(từ lóng) máy bay; ô tô; mô tô,nhỡ xe buýt
hole,'houl,"lỗ, lỗ thủng; lỗ trống; lỗ khoan",lỗ đáo; lỗ đặt bóng (trong một số trò chơi),"chỗ sâu, chỗ trũng (ở dòng suối); hố"
afraid,ə'freid,"sợ, hãi, hoảng, hoảng sợ",,
grass,grɑ:s,cỏ,"bâi cỏ, đồng cỏ","bãi cỏ, thảm cỏ (ở công viên)"
internet,,Một hệ thống các mạng máy tính được liên kết với nhau trên phạm vi toàn thế giới,,
theatre,'θiətə,"rạp hát, nhà hát",nghệ thuật sân khấu; phép soạn kịch,"sân khấu, nghề ca kịch, nghề diễn kịch"
younger,'jʌɳgə,út,em,
driver,'draivə,"người lái (ô tô, xe điện...), người đánh xe (xe ngựa, xe bò...), người dắt (trâu bò...)","(thể dục,thể thao) cái bạt (đánh gôn)","(kỹ thuật) dụng cụ để đóng, máy đóng"
glad,glæd,"vui lòng, sung sướng, vui mừng, vui vẻ, hân hoan","(từ lóng) nhìn ai âu yếm, liếc mắt đưa tình; nhìn ai hân hoan",tiếp đón ai niềm nở
clothes,klouðz,quần áo,quần áo bẩn (để đem giặt),
fill,fil,cái làm đầy; cái đủ để nhồi đầy,sự no nê,"(từ Mỹ,nghĩa Mỹ),  (ngành đường sắt) nền đường"
nice,nais,"(thông tục) thú vị, dễ chịu; tốt, hấp dẫn",xinh đẹp,"ngoan; tốt, tử tế, chu đáo"
leaf,li:f,"lá cây; lá (vàng, bạc...)",tờ (giấy),tấm đôi (tấm ván ở mặt bàn có thể bỏ đi hoặc lắp vào chỗ cho bàn to thêm)
this,ðis,này,"cái này, điều này, việc này",thế này
shoulder,'ʃouldə,vai,"vai núi, vai chai, vai áo...",miếng thịt vai (thịt lợn...)
teach,ti:tʃ,"dạy, dạy học; dạy bảo, dạy dỗ",,
kill,kil,"giết, giết chết, làm chết, diệt ((nghĩa đen) & (nghĩa bóng))","ngả, giết làm thịt (một con bò...)","tắt (máy...); làm át, làm lấp (tiếng...)"
colour,'kʌlə,"màu, sắc, màu sắc","(số nhiều) thuốc vẽ, thuốc màu",nghệ thuật vẽ màu
healthy,'helθi,khoẻ mạnh,có lợi cho sức khoẻ,lành mạnh
sick,sik,"ốm, đau; ốm yếu; (từ Mỹ,nghĩa Mỹ) khó ở, thấy kinh",buồn nôn,"(hàng hải) cần sửa lại, cần chữa lại"
skill,skil,"sự khéo léo, sự khéo tay, sự tinh xảo; kỹ năng, kỹ xảo","(từ cổ,nghĩa cổ) đáng kể, thành vấn đề",
ear,iə,tai,"vật hình tai (quai, bình đựng nước...)","tai (bông), sự nghe, khả năng nghe"
wheel,wi:l,bánh (xe) ((nghĩa đen) & (nghĩa bóng)),(số nhiều) hệ thống bánh xe (của máy...),xe hình (để buộc tội nhân vào mà đánh)
imagine,i'mædʤin,"tưởng tượng, hình dung","tưởng rằng, nghĩ rằng, cho rằng",đoán được
dream,dri:m,"giấc mơ, giấc mộng","sự mơ mộng, sự mơ màng, sự mộng tưởng","điều mơ tưởng, điều mơ ước; điều kỳ ảo như trong giấc mơ"
listen,'lisn,"nghe, lắng nghe","nghe theo, tuân theo, vâng lời",nghe đài
pool,pu:l,vũng,ao; bể bơi (bơi),vực (chỗ nước sâu và lặng ở con sông)
telling,'teliɳ,"mạnh, có hiệu quả, đích đáng, đanh thép",,
fat,fæt,được vỗ béo (để giết thịt),"béo, mập, béo phì, mũm mĩm","béo, đậm nét (chữ in)"
forget,fə'get,"quên, không nhớ đến","coi thường, coi nhẹ",quên
expensive,iks'pensiv,đắt tiền,"(từ Mỹ,nghĩa Mỹ) xa hoa",
poem,'pouim,bài thơ,"(nghĩa bóng) vật đẹp như bài thơ, cái nên thơ",
ideal,ai'diəl,"(thuộc) quan niệm, (thuộc) tư tưởng","chỉ có trong ý nghĩ, chỉ có trong trí tưởng tượng, tưởng tượng",lý tưởng
painting,'peintiɳ,sự sơn,hội hoạ,"bức vẽ, bức tranh"
moon,mu:n,mặt trăng,ánh trăng,(thơ ca) tháng
and,"ænd, ənd, ən","và, cùng, với","nếu dường như, tuồng như là",còn
suggestion,sə'dʤestʃn,sự gợi ý,ý kiến (lý thuyết...) đề nghị,"sự khêu gợi, sự gợi những ý nghĩa tà dâm"
sorry,'sɔri,"lấy làm buồn, lấy làm tiếc, lấy làm phiền","đáng buồn, xấu, tồi tàn, thiểu não",
sheep,ʃi:p,con cừu,((thường) số nhiều & mỉa) con chiên,da cừu
below,bi'lou,"ở dưới, ở bên dưới, ở dưới thấp, ở phía dưới","dưới, ở dưới, thấp hơn",không xứng đáng; không đáng phải quan tâm
dance,dɑ:ns,sự nhảy múa; sự khiêu vũ,bài nhạc nhảy; điệu nhạc khiêu vũ,buổi liên hoan khiêu vũ
cloth,klɔθ,vải,khăn; khăn lau; khăn trải (bàn),áo thầy tu
topic,'tɔpik,"đề tài, chủ đề",,
watching,,sự canh phòng; sự theo dõi; sự trông coi,,
nurse,nə:s,(động vật học) cá nhám,"vú em, người bảo mẫu, người giữ trẻ","sự nuôi, sự cho bú, sự trông nom; sự được nuôi, sự được cho bú"
guy,gai,"dây, xích","buộc bằng dây, xích lại",bù nhìn; ngáo ộp
leg,leg,"chân, cẳng (người, thú...)",chân (bàn ghế...),"ống (quần, giày...)"
watch,wɔtʃ,đồng hồ quả quít; đồng hồ đeo tay,"sự canh gác, sự canh phòng","người canh gác, người canh phòng; người gác, người trực"
wonderful,'wʌndəful,"kỳ lạ, phi thường; kỳ diệu, thần kỳ",,
med,,thạc sĩ sư phạm (Master of Education),,
video,'vidiou,"(từ Mỹ,nghĩa Mỹ) (thuộc) truyền hình; dùng trong truyền hình","(từ Mỹ,nghĩa Mỹ) truyền hình",
bread,bred,làm thủng,"(quân sự) chọc thủng, phá vỡ (tuyến phòng thủ)",nhảy lên khỏi mặt nước (cá voi)
win,win,sự thắng cuộc,"chiếm, đoạt, thu được, nhận được, kiếm được, có được",thắng cuộc; thắng
touch,tʌtʃ,"sự sờ, sự mó, sự đụng, sự chạm",xúc giác,"nét (vẽ); ngón (đàn); bút pháp, văn phong"
bag,bæg,"bao, túi, bị, xắc",mẻ săn,"(động vật học) túi, bọng, bọc"
tall,tɔ:l,cao,"(từ lóng) phóng đại, không thật, khó tin, khoác lác, ngoa","ngoa, khoác lác, khoe khoang"
meal,'mi:l,bột ((thường) xay chưa mịn),lượng sữa vắt (vắt một lần ở bò sữa),bữa ăn
spoken,spi:k,nói,"nói với, nói chuyện, nói lên","phát biểu, diễn thuyết, đọc diễn văn (ở hội nghị)"
busy,'bizi,"bận rộn, bận; có lắm việc","náo nhiệt, đông đúc","đang bận, đang có người dùng (dây nói)"
camera,'kæmərə,máy ảnh,máy quay phim,(pháp lý) phòng riêng của quan toà
cook,kuk,"người nấu ăn, người làm bếp, cấp dưỡng, anh nuôi",(tục ngữ) lắm thầy thối ma,"nấu, nấu chín"
cream,kri:m,kem (lấy từ sữa),"kem (que, cốc)",kem (để bôi)
moments,,(Econ) Mô men,,
gray,grei,(màu) xám,hoa râm (tóc),"xanh xao, nhợt nhạt, xanh mét (nước da)"
egg,eg,trứng,"(quân sự), lóng bom; mìn; ngư lôi","chật ních, chật như nêm"
everywhere,'evriweə,"ở mọi nơi, khắp nơi, khắp chốn",,
off,ɔ:f,tắt,"đi, đi rồi","ra khỏi, đứt, rời"
tower,'tauə,tháp,"đồn luỹ, pháo đài",là người có đủ sức để bảo vệ cho ai
four,fɔ:,bốn,số bốn,"bộ bốn (người, vật...)"
solve,sɔlv,giải quyết (một vấn đề),(toán học) giải (một phương trình),"(từ cổ,nghĩa cổ) tháo gỡ (nút...)"
nose,nouz,mũi (người); mõm (súc vật),khứu giác; sự đánh hơi,"mùi, hương vị"
five,faiv,năm,số năm,bộ năm
dress,dres,quần áo,"vỏ ngoài, cái bọc ngoài, vẻ ngoài","mặc (quần áo...), ăn mặc"
selling,,sự bán hàng,,
fever,'fi:və,cơn sốt,bệnh sốt,"sự xúc động, sự bồn chồn"
yard,jɑ:d,"Iat, thước Anh (bằng 0, 914 mét)",(hàng hải) trục căng buồm,sân (có rào xung quanh)
uncle,'ʌɳkl,chú; bác; cậu; dượng,bác (tiếng xưng với người có tuổi),(thông tục) người có hiệu cầm đồ
pocket,'pɔkit,túi (quần áo),bao (75 kg),"(nghĩa bóng) tiền, túi tiền"
collect,kə'lekt,tập hợp lại,"(thông tục) đến lấy, đi lấy, thu lượm, thu thập, góp nhặt, sưu tầm",tập trung (tư tưởng...)
introduce,",intrə'dju:s",giới thiệu,"bước đầu làm quen cho, khai tâm cho, vỡ lòng cho",mở đầu
desk,desk,"bàn học sinh, bàn viết, bàn làm việc","(the desk) công việc văn phòng, công tác văn thư; nghiệp bút nghiên","(từ Mỹ,nghĩa Mỹ) giá để kinh; giá để bản nhạc (ở nhà thờ); bục giảng kinh"
everybody,'evribɔdi,"mọi người, tất cả mọi người, ai ai; mỗi người",,
airport,,"sân bay, phi trường",,
classroom,,phòng đọc,,
cap,kæp,"mũ lưỡi trai, mũ vải (y tá cấp dưỡng...); mũ (công nhân, giáo sư, quan toà, lính thuỷ...)","nắp, mũ (chai, van, bút máy...); đầu (đạn...); tai (nấm...)","mỏm, chỏm, chóp, đỉnh"
surprise,sə'praiz,sự ngạc nhiên,"sự bất ngờ, sự bất thình lình","điều làm ngạc nhiên, thú không ngờ"
pick,pik,"sự chọn lọc, sự chọn lựa","người được chọn, cái được chọn","phần chọn lọc, phần tinh hoa, phần tốt nhất"
butter,'bʌtə,bơ,"lời nịnh hót; sự bợ đỡ, sự nịnh nọt đê tiện",làm ra bộ đoan trang; màu mè
photo,'foutou,(viết tắt) của photograph,,
wearing,,làm cho mệt mỏi,,
drama,'drɑ:mə,kịch; tuồng (cổ),(the drama) nghệ thuật kịch; nghệ thuật tuồng,sự việc có tính kịch
dad,dæd,"(thông tục) ba, cha, bố, thầy",,
bath,bɑ:θ,sự tắm,"chậu tắm, bồn tắm, nhà tắm",(số nhiều) nhà tắm có bể bơi
hurt,hə:t,"vết thương, chỗ bị đau","điều hại, tai hại","sự chạm đến, sự xúc phạm, sự làm tổn thương"
coat,kout,"áo choàng ngoài, áo bành tô (đàn ông)","áo choàng (phụ nữ); (từ cổ,nghĩa cổ) váy",bộ lông (thú)
township,'taunʃip,"quận, huyện (từ Mỹ,nghĩa Mỹ),  Ca-na-đa",khu da đen (Nam phi),
flower,flower,"hoa, bông hoa, đoá hoa",cây hoa,(số nhiều) lời lẽ văn hoa
guess,ges,"sự đoán, sự ước chừng","đoán, phỏng đoán, ước chừng","(từ Mỹ,nghĩa Mỹ),  (thông tục) nghĩ, chắc rằng"
fun,fʌn,"sự vui đùa, sự vui thích; trò vui đùa",mạnh mẽ; rất nhanh,nhiều lần
ladies,'leidiz,nơi vệ sinh n,,
catch,kætʃ,"sự bắt, sự nắm lấy; cái bắt, cái vồ, cái chộp",sự đánh cá; mẻ cá,"nhiều người bị bắt, vật bị túm được; mồi ngon đáng để bẫy; món bở"
forgotten,fə'get,"quên, không nhớ đến","coi thường, coi nhẹ",quên
bottle,'bɔtl,"chai, lọ",bầu sữa (cho trẻ em bú) ((cũng) feeding),rượu; thói uống rượu
yesterday,'jestədi,hôm qua,,
closer,,xem close,,
lesson,'lesn,bài học,"lời dạy bảo, lời khuyên","lời quở trách; sự trừng phạt, sự cảnh cáo"
cloud,klaud,"mây, đám mây","đám (khói, bụi)","đàn, đoàn, bầy (ruồi, muỗi đang bay, ngựa đang phi...)"
habit,'hæbit,"thói quen, tập quán","thể chất, tạng người; vóc người","tính khí, tính tình"
lunch,lʌntʃ,bữa ăn trưa,bữa ăn nhẹ trước cơm trưa,dọn bữa ăn trưa cho
along,ə'lɔɳ,"theo chiều dài, suốt theo","tiến lên, về phía trước","(thông tục) vì, do bởi"
rat,ræt,(động vật học) con chuột,(chính trị) kẻ phản bội; kẻ phản đảng; kẻ bỏ đảng trong lúc khó khăn,"công nhân không chịu tham gia đình công, người chiếm chỗ làm của công nhân đình công; người chịu nhận tiền lương ít hơn của công đoàn yêu sách"
wear,weə,sự mang; sự dùng; sự mặc,quần áo; giầy dép,"sự chịu mòn, sự mặc được, sự dùng được"
terrible,'terəbl,"dễ sợ, ghê gớm, khủng khiếp","(thông tục) quá chừng, thậm tệ",
smoke,smouk,khói,hơi thuốc,"(từ lóng) điếu thuốc lá, điếu xì gà"
flying,flying,sự bay,chuyến bay,bay
cool,ku:l,"mát mẻ, mát; hơi lạnh, nguội","trầm tĩnh, điềm tĩnh, bình tĩnh","lãn đạm, nhạt nhẽo, thờ ơ, không sốt sắng, không nhiệt tình, không mặn mà, không đằm thắm"
restaurant,'restərʤ:ɳ,"quán ăn, tiệm ăn",,
strict,strikt,"chính xác, đúng","nghiêm ngặt, nghiêm khắc; nghiêm chỉnh","hoàn toàn, thật sự"
arrive,ə'raiv,"(+ at,  in) đến, tới nơi; xảy đến","đi đến, đạt tới",thành đạt
mice,maus - mauz,mauz/,(động vật học) chuột,"(từ lóng) mắt sưng húp, mắt thâm tím"
angry,'æɳgri,"giận, tức giận, cáu","nhức nhối, viêm tấy (vết thương)","hung dữ, dữ"
dear,diə,"thân, thân yêu, thân mến, yêu quý","kính thưa, thưa; thân mến (viết trong thư)","đáng yêu, đáng mến"
drinking,,sự uống rượu,,
reasoning,'ri:zniɳ,"lý luận, lập luận, lý lẽ","sự tranh luận, sự cãi lý","có lý trí, biết suy luận"
chose,tʃu:z,"chọn, lựa chọn, kén chọn",thách muốn,"(từ cổ,nghĩa cổ) không còn cách nào khác hơn là"
apple,'æpl,quả táo,(xem) Adam,mối bất hoà
inherent,in'hiərənt,"vốn có, cố hữu","vốn thuộc về, vốn gắn liền với",
drink,driɳk,"đồ uống, thức uống",rượu mạnh ((cũng) strong drink),"hớp, ngụm; cốc, ly (rượu, nước giải khát)"
yes,jes,"vâng, phải, dạ, được, ừ, có, có chứ","tiếng vâng dạ, tiếng ừ phải",
sport,spɔ:t,thể thao,"sự giải trí; sự chơi đùa, sự nô đùa; trò đùa, trò cười, trò trớ trêu","cuộc giải trí, cuộc vui chơi ngoài trời (đi săn, đi câu...)"
listening,'lisniɳ,sự nghe,,
visiting,'vizitiɳ,"sự thăm hỏi, sự thăm viếng","đang thăm, thăm viếng",
breakfast,'brekfəst,"bữa ăn sáng, bữa điểm tâm","ăn sáng, điểm tâm",mời (ai) ăn điểm tâm
cheese,tʃi:z,"phó mát, bánh phó mát",vật đóng bánh (như phó mát),sữa trớ ra (trẻ con)
flag,'flæg,(thực vật học) cây irit,phiến đá lát đường ((cũng) flag stone),(số nhiều) mặt đường lát bằng đá phiến
player,'pleiə,"(thể dục,thể thao) cầu thủ, đấu thủ",nhạc sĩ (biểu diễn),(sân khấu) diễn viên
because,bi'kɔz,"vì, bởi vì","vì, do bởi",
button,'bʌtn,"cái khuy, cái cúc (áo)","cái nút, cái núm, cái bấm (chuông điện...)",nụ hoa; búp mầm (chưa nở)
orange,'ɔrindʤ,quả cam,cây cam,màu da cam
renewal,ri'nju:əl,"sự phụ hồi, sự khôi phục, sự tái sinh","sự thay mới, sự đổi mới","sự làm lại, sự nối lại, sự nhắc lại, sự tiếp tục lại"
theater,'θiətə,"(từ Mỹ,nghĩa Mỹ) (như) thetre",,
justification,",dʤʌstifi'keiʃn","sự bào chữa, sự biện hộ, sự chứng minh là đúng; lý lẽ bào chữa",(ngành in) sự sắp chữ cho đúng hàng đúng chỗ,
mom,mə'mɑ:,uây khyếm mẹ,"(từ Mỹ,nghĩa Mỹ),  (từ lóng) gái nạ giòng mà vẫn còn xuân",(giải phẫu) v
sixth,siksθ,thứ sáu,một phần sáu,người thứ sáu; vật thứ sáu; ngày mồng sáu
underlying,",ʌndə'laiiɳ","nằm dưới, dưới","(nghĩa bóng) cơ bản, cơ sở",
grey,grei,(màu) xám,hoa râm (tóc),"xanh xao, nhợt nhạt, xanh mét (nước da)"
clock,klɔk,đường chỉ viền ở cạnh bít tất,đồng hồ,giờ
periodic,",piəri'ɔdik",(thuộc) chu kỳ,"định kỳ, thường kỳ",tuần hoàn
movie,'mu:vi,phim xi nê,rạp chiếu bóng,(số nhiều) ngành phim ảnh; nghệ thuật phim xi nê
paint,peint,sơn,thuốc màu,phấn (bôi má)
pen,pen,bút lông chim (ngỗng),"bút, ngòi bút","(nghĩa bóng) nghề cầm bút, nghề viết văn; bút pháp, văn phong"
knife,naif,con dao,(y học) dao mổ,"(kỹ thuật) dao cắt gọt, dao nạo"
mouse,maus - mauz,mauz/,(động vật học) chuột,"(từ lóng) mắt sưng húp, mắt thâm tím"
jet,dʤet,bằng huyền,"đen nhánh, đen hạt huyền ((cũng) jet black)",huyền
holiday,'hɔlədi,"ngày lễ, ngày nghỉ","(số nhiều) kỳ nghỉ (hè, đông...)","(định ngữ) (thuộc) ngày lễ, (thuộc) ngày nghỉ"
tenant,'tenənt,"người thuê mướn (nhà, đất...)",tá điền,"người ở, người chiếm cứ"
tight,tait,"kín, không thấm, không rỉ","chặt, khít","chật, bó sát"
vegetable,'vedʤitəbl,(thực vật học) (thuộc) thực vật,(thuộc) rau,rau
delegation,",deli'geiʃn","phái đoàn, đoàn đại biểu",sự cử đại biểu,"sự uỷ quyền, sự uỷ thác"
congressional,kɔɳ'greʃənl,"(thuộc) đại hội, (thuộc) hội nghị","(Congressional) (thuộc) quốc hội (Mỹ,  Phi-líp-pin,  Châu mỹ la-tinh trừ Cu-ba)",
wore,weə,sự mang; sự dùng; sự mặc,quần áo; giầy dép,"sự chịu mòn, sự mặc được, sự dùng được"
warrant,'wɔrənt,sự cho phép; giấy phép,"lý do, lý do xác đáng (của việc làm, báo cáo...)",sự bảo đảm (cho việc gì)
beef,bi:f,thịt bò,(thường) số nhiều bò thịt (để giết ăn thịt),"sức mạnh, thể lực; bắp thịt (người)"
shirt,ʃə:t,áo sơ mi,"(từ lóng) chọc tức ai, làm cho ai nổi giận",bắt ai làm đổ mồ hôi sôi nước mắt
aunt,ɑ:nt,"cô, dì, thím, mợ, bác gái","trời ơi!, thật à! (tỏ sự ngạc nhiên)",
anybody,"'eni,bɔdi",(thông tục) một người nào đó,"người nào, ai","bất kỳ ai, bất cứ ai"
cleaning,'kli:niɳ,"sự quét tước, sự dọn dẹp",,
pray,prei,"cầu, cầu nguyện","khẩn cầu, cầu xin","xin, xin mời (ngụ ý lễ phép)"
bowl,boul,cái bát,bát (đầy),"nõ (điếu, tẩu thuốc lá); long (thìa, môi)"
eating,'i:tiɳ,sự ăn,thức ăn,
turner,'tə:nə,thợ tiện,,
piano,'pjænou,(âm nhạc) pianô,(âm nhạc) nhẹ,
fly,fly,con ruồi,ruồi (làm mồi câu); ruồi giả (làm mồi câu cá),"(nông nghiệp) bệnh do ruồi, sâu bệnh"
our,'auə,"của chúng ta, của chúng tôi, của chúng mình",của trẫm (vua chúa...),thượng đế
everyday,'evridei,"hằng ngày, dùng hằng ngày","thường, thông thường, xảy ra hằng ngày",tầm thường
guest,gest,khách,khách trọ (ở khách sạn),vật ký sinh; trùng ký sinh; cây ký sinh
wives,waif,vợ,"(từ cổ,nghĩa cổ) người đàn bà; bà già",
dictionary,'dikʃənəri,từ điển,"(định ngữ) có tính chất từ điển, có tính chất sách vở",
submission,səb'miʃn,"sự trình, sự đệ trình","sự phục tùng, sự quy phục",(pháp lý) ý kiến trình toà (của luật sư)
washed,,"được rửa sạch, được tắm sạch",được giặt sạch,(nghĩa bóng) xanh xao; mệt mỏi; kiệt sức
gold,gould,vàng,tiền vàng,số tiền lớn; sự giàu có
reporter,ri'pɔ:tə,người báo cáo,phóng viên nhà báo,
festival,'festivəl,thuộc ngày hội,ngày hội; đại hội liên hoan; hội diễn,"đợt biểu diễn nhạc lớn, thường kỳ (ở các nơi nổi tiếng)"
tired,'taiəd,"mệt, mệt mỏi, nhọc",chán,
lovely,'lʌvli,"đẹp đẽ, xinh, đáng yêu, dễ thương, có duyên, yêu kiều","(thông tục) thú vị, vui thú, thích thú","(từ Mỹ,nghĩa Mỹ) đẹp (về mặt đạo đức)"
super,'sju:pə,(thông tục) thượng hảo hạng,"vuông, (đo) diện tích (đơn vị đo) (không phải đo bề dài hay đo thể tích) ((cũng) superficial)","(từ lóng) cừ, chiến"
juice,dʤu:s,"nước ép (của quả, thịt, rau)",dịch,"(nghĩa bóng) phần tinh hoa, phần tinh tuý (của cái gì)"
notable,'noutəbl,"có tiếng, trứ danh","đáng kể, đáng chú ý","(từ cổ,nghĩa cổ) tần tảo"
happening,'hæpniɳ,"sự việc xảy ra, chuyện xảy ra; biến cố",,
closing,'klouziɳ,"sự kết thúc, sự đóng","kết thúc, cuối cùng",
grammar,'græmə,(ngôn ngữ học) ngữ pháp,,
median,'mi:djən,"ở giữa, qua điểm giữa",(y học) động mạch giữa dây thần kinh,(toán học) trung tuyến
repeat,ri'pi:t,"(thông tục) sự nhắc lại, sự lặp lại; cái lặp lại",(sân khấu) tiết mục được biểu diễn lại (sau khi khản giả yêu cầu),(âm nhạc) phần chỉ lại; dấu chỉ phần trở lại
math,,toán,,
pink,piɳk,hồng,"(chính trị) hơi đỏ, khuynh tả, thân cộng",(thực vật học) cây cẩm chướng; hoa cẩm chướng
match,mætʃ,diêm,ngòi (châm súng hoả mai...),cuộc thi đấu
finish,'finiʃ,"sự kết thúc, sự kết liễu; phần cuối, phần kết thúc, đoạn kết thúc","sự sang sửa, cuối cùng, sự hoàn thiện","tích chất kỹ, tính chất trau chuốt"
quarterly,'kwɔ:təli,"hàng quý, ba tháng một lần",tạp chí xuất bản ba tháng một lần,
nights,,đêm tối,,
mapping,'mæpiɳ,"bản vẽ, bản đồ","sự sắp xếp, sự sắp đặt, sự vạch ra (chiến lược...)",(toán học) phép ánh xạ
football,'futbɔ:l,quả bóng đá,môn bóng đá,
fan,fæn,"người hâm mộ, người say mê",cái quạt,cái quạt lúa
seventh,'sevnθ,thứ bảy,(xem) heaven,một phần bảy
collecting,,(Tech) góp; sưu tầm (d),,
letting,,"tài sản (nhà, căn hộ) cho thuê",,
bedroom,'bedrum,buồng ngủ,,
subjective,səb'dʤektiv,chủ quan,(thông tục) tưởng tượng,(ngôn ngữ học) (thuộc) chủ cách
notably,'noutəbli,"đáng kể, đáng chú ý","đặc biệt, nhất là",
luck,lʌk,"vận, sự may rủi","vận may, vận đỏ",
brush,brʌʃ,bàn chải,sự chải,bút lông (vẽ)
coach,koutʃ,xe ngựa bốn bánh ((thường) bốn ngựa),(ngành đường sắt) toa hành khách,xe buýt chạy đường dài
characterization,",kæriktərai'zeiʃn","sự biểu thị đặc điểm, sự mô tả đặc điểm",sự truyền đặc tính cho (ai),sự xây dựng thành công nhân vật (trong một tiểu thuyết...)
actor,'æktə,"diễn viên (kịch, tuồng, chèo, điện ảnh...); kép, kép hát","(từ hiếm,nghĩa hiếm) người làm (một việc gì)",
push,puʃ,"sự xô, sự đẩy; cú đẩy","sự thúc đẩy, sự giúp sức (ai tiến lên)","(kiến trúc) sức đẩy lên, sức đỡ lên (của vòng...)"
sooner,'su:nə,"(từ Mỹ,nghĩa Mỹ),  (từ lóng) người được thế trước (được lợi thế vì tranh thủ làm trước)",,
shelf,ʃelf,giá sách; ngăn sách,cái xích đông,đá ngầm; bãi cạn
resonance,'reznəns,tiếng âm vang; sự dội tiếng,(vật lý) cộng hưởng,
poorly,'puəli,"nghèo nàn, thiếu thốn","xoàng, tồi","không khoẻ, khó ở"
cry,krai,"tiếng kêu, tiêng la, tiếng hò hét, tiếng hò reo (vì đau đớn, sợ, mừng rỡ...)",tiếng rao hàng ngoài phố,"lời hô, lời kêu gọi"
pig,pig,lợn heo,thịt lợn; thịt lợn sữa,(thông tục) người phàm ăn; người bẩn thỉu; người khó chịu; người thô tục; người quạu cọ
notification,",noutifi'keiʃn","sự báo, sự khai báo; sự thông báo",,
sing,siɳ,"hát, ca hát",ca ngợi,"hát, hót"
favorite,'feivərit,"được mến chuộng, được ưa thích",người được ưa chuộng; vật được ưa thích,"(thể dục,thể thao) (the favourite) người dự cuộc ai cũng chắc sẽ thắng; con vật (ngựa, chó...) dự cuộc ai cũng chắc sẽ thắng"
six,siks,sáu,số sáu,(số nhiều) nếu số sáu (cứ 6 cây được một pao)
momentum,mou'mentəm,"(vật lý) động lượng, xung lượng",(thông tục) đà,được tăng cường mạnh lên
contest,kən'test,"cuộc tranh luận, cuộc tranh cãi","(thể dục,thể thao) cuộc thi; trận đấu, trận giao tranh","cuộc chiến đấu, cuộc đấu tranh"
smoking,,"sự hút thuốc; hành động hút thuốc, thói quen hút thuốc",,
vacation,və'keiʃn,"sự bỏ trống, sự bỏ không","sự bỏ, sự thôi","kỳ nghỉ hè, kỳ nghỉ lễ"
handsome,'hænsəm,đẹp,"tốt đẹp, rộng rãi, hào phóng, hậu hĩ","lớn, đáng kể"
hide,haid,"da sống (chưa thuộc, mới chỉ cạo và rửa)",(đùa cợt) da người,không có bất cứ một dấu vết gì
shopping,'ʃɔpiɳ,sự đi mua hàng,,
exciting,ik'saitiɳ,"kích thích, kích động","hứng thú, lý thú, hồi hộp; làm say mê, làm náo động",(kỹ thuật) để kích thích
joining,,sự nối; chỗ nối,,
kid,kid,con dê non,"da dê non (làm găng tay, đóng giày...)","(từ lóng) đứa trẻ con, thằng bé"
ate,i:t,"ăn; (từ Mỹ,nghĩa Mỹ) ăn cơm","ăn mòn, ăn thủng, làm hỏng",nấu cơm (cho ai)
riding,'raidiɳ,môn cưỡi ngựa,"sự đi xe (xe lửa, xe buýt, xe điện...); sự đi xe đạp",sự cưỡi lên (lưng...)
socialism,'souʃəlizm,chủ nghĩa xã hội,,
dirty,'də:ti,"bẩn thỉu, dơ bẩn, dơ dáy; cáu ghét, cáu bẩn, đầy bùn bẩn","có mưa gió sụt sùi, nhớp nháp bẩn thỉu; xấu (thời tiết)",không sáng (màu sắc)
tooth,tu:θ,răng,răng (của các đồ vật),(xem) arm
lucky,'lʌki,"đỏ, gặp may, may mắn, gặp vận may, hạnh phúc","đem lại may mắn, đem lại kết quả tốt, mang điềm lành","may mà đúng, may mà được"
coating,'koutiɳ,lần phủ ngoài; lớp phủ ngoài,vải may áo choàng,
knee,ni:,đầu gối,chỗ đầu gối quần,"(kỹ thuật) khuỷu, khớp xoay"
aging,'eidʤiɳ,sự hoá già,,
ticket,'tikit,vé,"giấy (giấy phép, giấy mời...)","bông, phiếu"
concert,kən'sə:t,"sự phối hợp, sự hoà hợp",buổi hoà nhạc,"dự tính, sắp đặt; bàn định, bàn tính; phối hợp"
excited,ik'saitid,"bị kích thích, bị kích động; sôi nổi",hãy bình tĩnh! đừng nóng mà!,
tonight,tə'nait,night),"đêm nay, tối nay",
grandfather,"'grænd,fɑ:ðə",ông,đồng hồ to để đứng,
cake,keik,bánh ngọt,thức ăn đóng thành bánh,miếng bánh
birthday,'bə:θdei,ngày sinh; lễ sinh nhật,(đùa cợt) da (người),
hungry,'hʌɳgri,"đói, cảm thấy đói, ra vẻ đói ăn","làm cho thấy đói, gợi thèm (ăn)","(nghĩa bóng) khao khát, thèm khát, ham muốn"
scientist,'saiəntist,nhà khoa học; người giỏi về khoa học tự nhiên,người theo thuyết khoa học vạn năng,
borrowed,'bɔroud,"vay, mượn",,
sized,,(trong từ ghép) có quy mô như thế nào đó,,
photos,,"vt của photograph (ảnh, bức ảnh)",,
blank,blæɳk,"để trống, để trắng (tờ giấy...)","trống rỗng; ngây ra, không có thần (cái nhìn...)",không nạp chì (đạn); giả
shoe,ʃu:,giày,sắt bị móng (ngựa...),"miếng bịt (miếng sắt bị chân bàn, ghế)"
antibody,"'ænti,bɔdi",thể kháng,,
dismissal,dis'misəl,sự giải tán,sự cho đi,"sự đuổi đi, sự thải hồi, sự sa thải (người làm...)"
inlet,'inlet,vịnh nhỏ; lạch (giữa hai hòn đảo),"vật khảm, vật dát; vật lắp vào, vật lồng vào","(từ Mỹ,nghĩa Mỹ) lối vào"
ghost,goust,ma,gầy như ma,"bóng mờ, nét thoáng một chút"
notify,'noutifai,"báo, khai báo; thông báo, cho hay, cho biết",,
smart,smɑ:t,"sự đau đớn, sự nhức nhối; nỗi đau khổ","đau đớn, nhức nhối, đau khổ","bị trừng phạt vì, chịu những hậu quả của"
smell,smel,khứu giác,"sự ngửi, sự hít",mùi
tenure,'tenjuə,"đất cho làm rẽ, đất phát canh","sự chiếm hữu, sự hưởng dụng; thời gian chiếm hữu, thời gian hưởng dụng, nhiệm kỳ",thái ấp
flew,flew,con ruồi,ruồi (làm mồi câu); ruồi giả (làm mồi câu cá),"(nông nghiệp) bệnh do ruồi, sâu bệnh"
ride,raid,"sự đi chơi, cuộc đi chơi (bằng ngựa, xe đạp, xe ô tô, xe buýt, xe lửa...)",đường xe ngựa đi qua rừng,(quân sự) lớp kỵ binh mới tuyển
eaten,i:t,"ăn; (từ Mỹ,nghĩa Mỹ) ăn cơm","ăn mòn, ăn thủng, làm hỏng",nấu cơm (cho ai)
presumption,pri'zʌmpʃn,"tính tự phụ, tính quá tự tin","sự cho là đúng, sự cầm bằng, sự đoán chừng; điều cho là đúng, điều cầm bằng, điều đoán chừng; căn cứ để cho là đúng, căn cứ để cầm bằng, căn cứ để đoán chừng",
baseball,'beisbɔ:l,"(thể dục,thể thao) bóng chày",,
wash,wɔʃ,"sự tắm rửa, sự tắm gội, sự rửa ráy",sự rửa (vật gì),"sự giặt, sự giặt giũ; quần áo giặt; nơi giặt"
grandmother,"'græn,mʌðə",bà,"nuông chiều, nâng niu (như bà đối với cháu)",
singer,'siɳə,"người hát, ca sĩ",chim hót (loài chim hay hót),"nhà thơ, thi sĩ"
under,'ʌndə,"dưới, ở dưới","dưới, chưa đầy, chưa đến","dưới (sự lãnh đạo, quyền...)"
neighbor,,như neighbour,,
him,him,"nó, hắn, ông ấy, anh ấy",,
weekend,,cuối tuần (thứ bảy và chủ nhật),"đi nghỉ cuối tuần, đi thăm cuối tuần",
excuse,iks'kju:z,lời xin lỗi; lý do để xin lỗi,lời bào chữa; lý do để bào chữa,"sự miễn cho, sự tha cho (nhiệm vụ gì)"
chocolate,'tʃɔkəlit,sôcôla,kẹo sôcôla,nước sôcôla
tenth,tenθ,thứ mười,một phần mười,người thứ mười; vật thứ mười; vật thứ mười; ngày mồng mười
rode,roud,bay buổi chiều về phía đất liền (chim trời),bay buổi chiều trong mùa sinh sản (chim dẽ gà),
funny,'fʌni,"buồn cười, ngồ ngộ, khôi hài","là lạ, khang khác",(thông tục) lời nói buồn cười; câu chuyện khôi hài
dish,diʃ,đĩa (đựng thức ăn),móm ăn (đựng trong đĩa),vật hình đĩa
legacy,'legəsi,"tài sản kế thừa, gia tài, di sản",,
impairment,im'peəmənt,"sự làm suy yếu, sự làm sút kém; sự suy yếu, sự sút kém","sự làm hư hỏng, sự làm hư hại; sự hư hỏng, sự hư hại",
ruler,'ru:lə,"người thống trị, người chuyên quyền; vua, chúa",cái thước kẻ,thợ kẻ giấy; máy kẻ giấy
balls,,hột dái,"chuyện vớ vẩn, nhảm nhí",
celebration,",seli'breiʃn",sự kỷ niệm; lễ kỷ niệm,"sự tán dương, sự ca tụng",
stopping,,sự trám răng; chất trám răng,,
nationality,",næʃə'næliti",tính chất dân tộc; tính chất quốc gia,dân tộc; quốc gia,quốc tịch
fifty,'fifti,năm mươi,"bao nhiêu là, vô số",số năm mươi
yearly,'jə:li,hằng năm,"kéo dài một năm, suốt một năm",
finishing,'finiʃiɳ,(kỹ thuật) sự sang sửa lần cuối,(nghành dệt) sự hồ (vải),"kết thúc, kết liễu"
snake,sneik,con rắn,người nham hiểm nhẫn tâm,mê sảng rượu
beta,'bi:tə,Bêta (chữ cái Hy lạp),hơn loại hai một ít,kém loại hai một ít
readiness,'redinis,sự sẵn sàng (làm việc gì),"sự sẵn lòng, thiện ý","sự lưu loát, sự nhanh nhẹn, sự lanh lợi"
borrow,'bɔrou,"vay, mượn","theo, mượn",
bathroom,,thành ngữ bath,bathroom,"buồng tắm, nhà vệ sinh"
airplane,'eəplein,"(từ Mỹ,nghĩa Mỹ) máy bay, tàu bay",,
seventy,'sevnti,bay mươi,số bảy mươi,(số nhiều) (the seventies) những năm bảy mươi (từ 70 đến 70 của (thế kỷ)); những năm tuổi thọ trên 70 (từ 70 đến 79)
loving,'lʌviɳ,"thương mến, thương yêu, âu yếm; có tình",,
practiced,,"có kinh nghiệm, chuyên gia (đặc biệt là do luyện tập nhiều)",,
est,,giờ chuẩn ở miền Đông (Eastern standard time),phương pháp trị liệu bằng xung điện (Electro-shock treatment),
lonely,'lounli,"vắng vẻ, hiu quạnh","cô đơn, cô độc, bơ vơ",
bean,bi:n,đậu,hột (cà phê),(từ lóng) cái đầu
kiss,kis,cái hôn,sự chạm nhẹ (của hai hòn bi-a đang lăn),kẹo bi đường
pencil,'pensl,bút chì,vật hình bút chì,"(vật lý); (toán học) hình chùm nhọn, chùm"
cinema,'sinimə,"rạp xi nê, rạp chiếu bóng","the cinema điện ảnh, xi nê, phim chiếu bóng",nghệ thuật điện ảnh; kỹ thuật điện ảnh
drinks,,liên quan đến rượu,,
restrictive,ris'triktiv,"hạn chế, giới hạn, thu hẹp",,
dancing,'dɑ:nsiɳ,"sự nhảy múa, sự khiêu vũ","đang nhảy múa, rung rinh, bập bềnh",
pop,pɔp,(thông tục) buổi hoà nhạc bình dân,đĩa hát bình dân; bài hát bình dân,"(từ Mỹ,nghĩa Mỹ) (như) poppa"
clever,'klevə,"lanh lợi, thông minh","giỏi, tài giỏi, khéo léo, lành nghề","thần tình, tài tình, hay; khôn ngoan, lâu"
washing,'wɔʃiɳ,"sự tắm rửa, sự tắm gội, sự rửa ráy",sự giặt giũ,quần áo giặt
sang,siɳ,"hát, ca hát",ca ngợi,"hát, hót"
sixteenth,'siks'ti:nθ,thứ mười sáu,một phần mười sáu,người thứ mười sáu; vật thứ mười sáu; người mười sáu
denote,di'nout,"biểu hiện, biểu thị, chứng tỏ, chỉ rõ",có nghĩa là,bao hàm (nghĩa)
shower,'ʃouə,"người chỉ, người cho xem, người dẫn; người trưng bày",trận mưa rào; trận mưa đá,"trận mưa (đạn, đá...)"
notation,nou'teiʃn,ký hiệu,"(từ Mỹ,nghĩa Mỹ) lời chú thích, lời chú giải, lời ghi ch",
wake,weik,(hàng hải) lằn tàu,"theo chân ai, theo liền ngay sau ai",(nghĩa bóng) theo gương ai
injustice,in'dʤʌstis,sự bất công,việc bất công,
saturation,",sætʃə'reiʃn","sự no, sự bão hoà, trạng thái bão hoà; độ bão hoà","sự tẩm, sự thấm đẫm",
seven,'sevn,bảy,số bảy,nhóm bảy người
celebrated,'selibreitid,"nỗi tiếng, trứ danh, lừng danh",,
oversight,'ouvəsaid,sự quên sót; điều lầm lỗi,sự bỏ đi,"sự giám sát, sự giám thị"
email,,thư điện tử,,
incapable,in'keipəbl,"không đủ khả năng, bất tài, bất lực",(+ of) không thể,(pháp lý) không đủ tư cách
breadth,bredθ,"bề ngang, bề rộng",khổ (vải),"sự rông rãi, sự phóng khoáng (quan điểm, tư tưởng...)"
bodily,'bɔdili,"(thuộc) thể xác, (thuộc) xác thịt",đích thân,"toàn thể, tất cả"
forgot,fə'get,"quên, không nhớ đến","coi thường, coi nhẹ",quên
realism,'riəlizm,chủ nghĩa hiện thực,(triết học) thuyết duy thực,
postwar,,"hậu chiến; tồn tại sau chiến tranh, xảy ra sau chiến tranh",,
eight,eit,tám,số tám,hình con số tám
sunshine,'sʌnʃain,"ánh sáng mặt trời, ánh nắng","sự vui tươi, sự hớn hở, sự tươi sáng",(định ngữ) nắng
wheeler,'wi:l,ngựa buộc gần bánh xe (trong một cỗ xe),(kỹ thuật) thợ đóng xe,
ugly,'ʌgli,"xấu, xấu xí","xấu, xấu xa, khó chịu; đáng sợ",
toilet,'tɔilit,sự trang điểm,"bàn phấn, bàn trang điểm","cách ăn mặc, phục sức"
twenty,'twenti,hai mươi,tôi đã nói với nó nhiều lần,số hai mươi
missionary,'miʃnəri,(thuộc) hội truyền giáo; có tính chất truyền giáo,người truyền giáo,
hardness,'hɑ:dnis,"sự cứng rắn, tính cứng rắn; độ cứng, độ rắn","tính khắc nghiệt (thời tiết, khí hậu)",
ten,ten,"mười, chục",số mười,"nhóm mười, bộ mười"
managerial,",mænə'dʤiəriəl","(thuộc) người quản lý, (thuộc) giám đốc; (thuộc) ban quản trị",,
casing,'keisiɳ,"vỏ bọc, bao",,
collectively,,"chung, tập thể",,
breathe,bri:ð,"hít, thở","thốt ra, nói lộ ra",thở ra
hers,hə:z,"cái của nó, cái của cô ấy, cái của chị ấy, cái của bà ấy",,
periodically,,một cách định kỳ,,
okay,,"sự đồng ý, sự tán thành",interj,"vâng, được lắm"
grounded,,(Tech) được nối với đất,,
behind,bi'haind,"sau, ở đằng sau","chậm, trễ","sau, ở đằng sau"
ware,weə,"đồ, vật chế tạo",(số nhiều) hàng hoá,(thơ ca) (như) aware
schooling,'sku:liɳ,"sự dạy dỗ ở nhà trường, sự giáo dục ở nhà trường",tiền học phí ăn ở tại nhà trường,"(từ cổ,nghĩa cổ) sự trách phạt, sự thi hành kỷ luật"
headache,'hedeik,chứng nhức đầu,(thông tục) vấn đề hắc búa,
problematic,problematic,"còn phải bàn; không chắc, mơ hồ",,
repayment,ri:'peimənt,sự trả lại,"sự báo đáp, sự đền đáp",
borrowing,'bɔrouiɳ,sự vay mượn,,
couch,kautʃ,"trường kỷ, đi văng",giường,"hang (chồn, cáo...)"
jump,dʤʌmp,"sự nhảy, bước nhảy",sự giật mình; cái giật mình,(the jumps) mê sảng rượu
drank,driɳk,"đồ uống, thức uống",rượu mạnh ((cũng) strong drink),"hớp, ngụm; cốc, ly (rượu, nước giải khát)"
borrower,'bɔrouə,"người đi vay, người đi mượn",,
ratification,",rætifi'keiʃn","sự thông qua, sự phê chuẩn",,
pants,pænts,quần lót dài,"(từ Mỹ,nghĩa Mỹ) quần dài",
candy,'kændi,"(từ Mỹ,nghĩa Mỹ) kẹo","(từ Mỹ,nghĩa Mỹ),  (từ lóng) côcain",làm thành đường phèn
unjust,'ʌn'dʤʌst,bất công,"phi lý, trái lẽ, bất chính, không chính đáng","không đúng, sai"
nos,,hệ điều hành mạng,,
swimming,'swimiɳ,sự bơi,bơi,dùng để bơi
coloured,'kʌləd,có màu sắc; mang màu sắc,"thêu dệt, tô vẽ (câu chuyện...)",
fairy,'feəri,"(thuộc) tiên, (thuộc) cánh tiên","tưởng tượng, hư cấu","xinh đẹp như tiên, uyển chuyển như tiên"
sectional,'sekʃənl,(thuộc) tầng lớp,(thuộc) mặt cắt; chia theo mắt cắt,(thuộc) đoạn
jewelry,'dʤu:əlri,"đồ châu báu; đồ nữ trang, đồ kim hoàn (nói chung)",nghệ thuật làm đồ kim hoàn,nghề bán đồ châu báu; nghề bán đồ kim hoàn
fuller,'fulə,thợ chuội và hồ vải,,
thirty,'θə:ti,số ba mươi,(số nhiều) (the thirties) những năm ba mươi (từ 30 đến 39 của (thế kỷ)); những năm tuổi trên 40 (từ 40 đến 49),
arterial,'ɑ:tiəriə,(giải phẫu) (thuộc) động mạch,chia làm nhiều nhánh,"chính (đường, trục giao thông...)"
spell,spel,lời thần chú,bùa mê,sự làm say mê; sức quyến rũ
album,'ælbəm,"tập ảnh, quyển anbom",,
coated,,xem coat,,
celebrate,'selibretid,"kỷ niệm, làm lễ kỷ niệm","tán dương, ca tụng",
bucket,'bʌkit,"thùng, xô (để múc nước)",pittông (ống bơm),gầu (ở guồng nước)
yellowish,'jelouiʃ,"hơi vàng, vàng vàng",,
salad,'sæləd,rau xà lách,món rau trộn dầu giấm,
hiding,'haidiɳ,"sự đánh đập, sự đánh đòn",sự ẩn náu; sự trốn tránh,
howe,,thung lũng,,
theatrical,θi'ætrikəl,"(thuộc) sự diễn kịch, (thuộc ngành) sân khẩu","có tính chất tuồng, có vẻ sân khấu, có vẻ đóng kịch, không tự nhiên, màu mè, điệu bộ",
sided,,(trong tính từ ghép) có một số hoặc loại cạnh được nói rõ,,
saturated,'sætʃəreitid,"no, bão hoà",thấm đẫm,"thẫm, đậm, không hoà màu trắng (màu sắc)"
garbage,'gɑ:bidʤ,"lòng, ruột (thú...)",rác (nhà bếp),văn chương sọt rác ((cũng) literary garbage)
dos,,hệ điều hành MS-DOS,,
pigment,'pigmənt,"chất màu, chất nhuộm","(sinh vật học) chất sắc, sắc tố (của tế bào)",
monkey,'mʌɳki,con khỉ,"(thông tục) thằng nhãi, thằng ranh, thằng nhóc",cái vồ (để nện cọc)
caps,,những chữ cái hoa,,
taxi,'tæksi,xe tắc xi,đi tắc xi,(hàng không) chạy trên đất; trượt trên nước (khi cất cánh hoặc sau khi hạ cánh)
specialization,",speʃəlai'zeiʃn","sự chuyên môn hoá, sự chuyên khoa",(sinh vật học) sự chuyên hoá,
basketball,,<thể> bóng rổ,,
surveyor,sə:'veiə,"viên thanh tra, người kiểm sát","(từ Mỹ,nghĩa Mỹ) nhân viên thuế quan (chuyên kiểm sát số lượng và giá trị hàng nhập)",người chuyên vẽ bản đồ địa hình
ribbon,'ribən,"dải, băng, ruy băng","mảnh dài, mảnh","dây dải (huân chương, phù hiệu của trường đại học, câu lạc bộ, hội thể thao...)"
fifteenth,'fif'ti:nθ,số mười lăm,nhóm mười lăm người,"(thể dục,thể thao) một bên đội bóng bầu dục (gồm 15 cầu thủ)"
bicycle,'baisikl,xe đạp,đi xe đạp,
brightness,'braitnis,sự sáng ngời; sự rực rỡ,"sự sáng dạ, sự thông minh, sự nhanh trí",
repeating,,tuần hoàn,liên châu,đánh theo định kỳ
delicious,di'liʃəs,"thơm tho, ngon ngọt, ngọt ngào","vui thích, khoái",
catching,'kætʃiɳ,"truyền nhiễm, hay lây","hấp dẫn, lôi cuốn, quyến rũ",
legion,'li:dʤən,"quân đoàn ((từ cổ,nghĩa cổ) La-mâ, từ ba đến sáu nghìn người)","nhiều, vô số; đoàn, lũ",đội lính lê dương (Pháp)
meta,,tiền tố,sau,siêu
favourite,'feivərit,"được mến chuộng, được ưa thích",người được ưa chuộng; vật được ưa thích,"(thể dục,thể thao) (the favourite) người dự cuộc ai cũng chắc sẽ thắng; con vật (ngựa, chó...) dự cuộc ai cũng chắc sẽ thắng"
bat,bæt,"(thể dục,thể thao) gây (đánh bóng chày,  crikê); (từ cổ,nghĩa cổ) vợt (quần vợt)","vận động viên bóng chày, vận động viên crikê ((cũng) bat sman)",(từ lóng) cú đánh bất ngờ
sunny,'sʌni,"nắng, có nhiều ánh nắng","vui vẻ, hớn hở, tươi sáng",chưa đến 40 (50...) tuổi
awake,ə'weik,"đánh thức, làm thức dậy","(nghĩa bóng) làm thức tỉnh, làm tỉnh ngộ, làm cho nhận thức ra","(nghĩa bóng) khêu gợi, gợi"
presume,pri'zju:m,"cho là, coi như là, cầm bằng là; đoán chừng","dám, đánh bạo, mạo muội; may","(+ on,  upon) lợi dung, lạm dụng"
fourteenth,'fɔ:'ti:nθ,thứ mười bốn,một phần mười bốn,người thứ mười bốn; vật thứ mười bốn; ngày mười bốn
sung,siɳ,"hát, ca hát",ca ngợi,"hát, hót"
sprang,spriɳ,sự nhảy; cái nhảy,mùa xuân (đen & bóng),suối
skirt,skə:t,vạt áo,"váy, xiêm","khụng (từ lóng) đàn bà, con gái, thị mẹt, cái hĩm"
pardon,'pɑ:dn,"sự tha thứ, sự tha lỗi",(pháp lý) sự ăn xài,"tha thứ, tha lỗi, xá tội"
fortress,'fɔ:tris,pháo đài,(thơ ca) là pháo đài của; bảo vệ,
cation,'kætaiən,(vật lý) cation,,
eldest,'eldist,"cả (anh, chị), nhiều tuổi nhất",,
fruitful,'fru:tful,"ra nhiều quả, có nhiều quả, sai quả","tốt, màu mỡ",sinh sản nhiều
medial,'mi:djəl,ở giữa,trung bình; vừa,
hurry,'hʌri,"sự vội vàng, sự hấp tấp, sự hối hả, sự gấp rút","sự sốt ruột (muốn làm vội việc gì, mong có cái gì ngay...)","vội vàng, hối hả, gấp rút"
righteous,'raitʃəs,"ngay thẳng, đạo đức, công bằng (người)","chính đáng, đúng lý (hành động)",
periodical,",piəri'ɔdikəl",(thuộc) chu kỳ,"định kỳ, thường kỳ",tuần hoàn
inherently,,vốn đã,,
swim,swim,sự bơi lội,vực sâu nhiều cá (ở sông),"tình hình chung, chiều hướng chung"
computerized,,"(Tech) được điện toán hóa, được dùng máy điện toán (tt)",,
coded,,mã hoá,,
penal,'pi:nl,(thuộc) hình phạt; (thuộc) hình sự,có thể bị hình phạt,"coi như hình phạt, dùng làm nơi hình phạt"
learnt,lə:n,"học, học tập, nghiên cứu","nghe thất, được nghe, được biết","(từ cổ,nghĩa cổ);(đùa cợt), guộc duỵu âm phâng nội động từ"
shy,ʃai,"nhút nhát, bẽn lẽn, e thẹn","khó tìm, khó thấy, khó nắm",(từ lóng) thiếu; mất
rationality,",ræʃə'næliti","sự hợp lý, sự hợp lẽ phải",(toán học) tính hữu t,
cop,kɔp,"suốt chỉ, con chỉ","(từ lóng) cảnh sát, mật thám, cớm","(từ lóng) sự bắt được, sự tóm được"
doctoral,'dɔktərəl,(thuộc) tiến sĩ,,
wording,'wə:diɳ,"sự viết ra, cách viết; cách diễn tả","lời, từ",
trucking,,<Mỹ> việc chở hàng bằng xe tải,,
frog,frɔg,"(động vật học) con ếch, con ngoé",(động vật học) đế guốc (chân ngựa),"quai đeo kiếm, quai đeo lưỡi lê"
grape,greip,quả nho,(như) grape-shot,"(thú y học) bệnh sưng chùm nho ((từ cổ,nghĩa cổ) chân, ngựa, lừa)"
trousers,'trauzəz,quần ((cũng) pair of trousers),,
guitar,,<nhạc> đàn ghita,chơi đàn ghita,
coding,,"(Tech) biên mã, mã hóa, định mã (d)",,
desirability,"di,zaiərə'biliti","sự đáng thèm muốn; sự đáng ao ước, sự đáng khát khao",,
musician,mju:'ziʃn,nhạc sĩ,nhà soạn nhạc,
reasoned,,"trình bày hợp lý, trình bày có biện luận chặt chẽ",,
poster,'poustə,áp phích; quảng cáo,"người dán áp phích, người dán quảng cáo ((cũng) bill-poster)",
tubing,'tju:biɳ,"ống, hệ thống ống",sự đặt ống,
latent,'leitənt,"ngầm, ngấm ngần, âm ỉ, ẩn, tiềm tàng",,
mapped,,được ánh xạ,,
riches,'ritʃiz,"sự giàu có, sự phong phú","của cải, tiền của, tài sản; vật quý báu",
bedding,'bediɳ,"bộ đồ giường (chăn, gối, nệm, khăn trải giường)",ổ rơm (cho súc vật),"nền, lớp dưới cùng"
justly,,xem just,,
knives,naif,con dao,(y học) dao mổ,"(kỹ thuật) dao cắt gọt, dao nạo"
mum,mʌm,"lặng yên, lặng thinh","lặng yên, lặng thinh","ra ý, ra hiệu"
umbrella,ʌm'brelə,"ô, dù; lọng",(nghĩa bóng) cai ô bảo vệ (về mặt chính trị); sự bảo vệ,màn yểm hộ (bằng máy bay chiến đấu)
lazy,'leizi,"lười biếng, biếng nhác",,
haired,,có tóc (dùng trong tính từ ghép),,
unfinished,'ʌn'finiʃt,"chưa xong, chưa hoàn thành; bỏ dở",không hoàn chỉnh,
bike,baik,(thông tục) (viết tắt) của bicycle xe đạp,(thông tục) đi xe đạp,
beet,bi:t,(thực vật học) cây củ cải đường,,
nine,nain,chín,cái kỳ lạ nhất thời,số chín
renewable,ri'nju:əbl,có thể hồi phục lại,"có thể thay mới, có thể đổi mới",
notebook,'noutbuk,"sổ tay, sổ ghi chép",,
flown,flown,"(từ cổ,nghĩa cổ) căng ra, phình ra, phồng ra",,
sailor,'seilə,"lính thuỷ, thuỷ thủ",người hay bị say sóng,người đi biển không bị say sóng
flung,flung,"sự ném, sự vứt, sự quăng, sự liệng, sự lao, sự gieo (quân súc sắc)","sự nhào xuống, sự nhảy bổ",sự lu bù (ăn chơi...)
grower,'grouə,người trồng,cây trồng,
neighbour,'neibə,"người hàng xóm, người láng giềng, người ở bên cạnh; vật ở cạnh",người đồng loại,"ở gần, ở bên, ở cạnh"
paired,,"thành cặp, thành đôi",,
they,ðei,"chúng nó, chúng, họ",người ta,
midway,'mid'wei,"nửa đường, giữa đường","ở nửa đường, nửa chừng",
spy,spai,"gián điệp; người do thám, người trinh sát","làm gián điệp; do thám, theo dõi","xem xét kỹ lưỡng, kiểm soát kỹ lưỡng"
practised,'præktist,"thực hành nhiều, có kinh nghiệm",,
cafe,'kæfei,tiệm cà phê,quán ăn,tiệm rượu
openness,'oupnnis,"sự mở, tình trạng mở","sự không giấu giếm, sự không che đậy; tính chất công khai","sự cởi mở, sự thẳng thắn, sự chân thật"
thirteenth,'θə:ti:nθ,thứ mười ba,một phần mười ba,người thứ mười ba; vật thứ mười ba; ngày mười ba
concerted,kən'sə:tid,"có dự tính, có bàn tính, có phối hợp",(âm nhạc) soạn cho hoà nhạc,
socialization,",souʃəlzai'zeiʃn",sự xã hội hoá,,
rude,ru:d,"khiếm nhã, bất lịch sự, vô lễ, láo xược; thô lỗ",thô sơ,"man rợ, không văn minh"
habitual,hə'bitjuəl,"thường, thường lệ, quen thuộc, thường dùng","quen thói, thường xuyên, nghiện nặng",
cos,kɔs,rau diếp cốt ((cũng) Cos-lettuce),(viết tắt) của cosine,
herring,'heriɳ,(động vật học) cá trích,xếp chật như nêm,
elder,'eldə,nhiều tuổi hơn,người nhiều tuổi hơn,(số nhiều) bậc huynh trưởng
grandparents,"'græn,peərənts",ông bà (nội ngoại),,
gladly,,"vui vẻ, sung sướng",,
richness,'ritʃnis,"sự giàu có, sự phong phú, sự đầy đủ, sự dồi dào",sự màu mỡ (đất đai...),"sự đẹp đẽ, sự nguy nga tráng lệ, sự quý giá"
any,'eni,"một, một (người, vật) nào đó (trong câu hỏi)","tuyệt không, không tí nào (ý phủ định)",bất cứ (ý khẳng định)
homework,'houmwə:k,bài làm ở nhà (cho học sinh),công việc làm ở nhà,
tenor,'tenə,"phương hướng chung, tiến trình","ý nghĩa, tinh thần chung, nội dung chính",kỳ hạn (hối phiếu)
deletion,di'li:ʃn,"sự gạch đi, sự xoá đi, sự bỏ đi",,
unseen,' n'si:n,"không thấy; không nhìn thấy được, vô hình","không xem trước, không chuẩn bị trước",bn dịch ngay không chuẩn bị
gaming,'geimiɳ,sự đánh bạc,,
idealism,ai'diəlaiz,(triết học) chủ nghĩa duy tâm,chủ nghĩa lý tưởng,
where,we,"đâu, ở đâu, ở ni nào, ở chỗ nào, ở phía nào, ở mặt nào","như thế nào, ra làm sao","đâu, từ đâu; ở đâu"
subway,'sʌbwei,"đường ngầm, hầm ngầm","(từ Mỹ,nghĩa Mỹ) đường xe lửa ngầm; đường xe điện ngầm","(từ Mỹ,nghĩa Mỹ) đi bằng xe lửa ngầm; đi bằng xe điện ngầm"
eleventh,i'levnθ,thứ mười một,"đến giờ chót, đến phút cuối cùng",một phần mười một
manually,,(manually operated) được điều khiển bằng tay,(manually operated) được điều khiển bằng tay,
penis,'pi:nis,(giải phẫu) dương vật,,
merry,'meri,"vui, vui vẻ","(thông tục) ngà ngà say, chếnh choáng","(từ cổ,nghĩa cổ) vui vẻ, thú vị, dễ chịu"
hardening,,một cái gì rắn lại,(y học) bệnh xơ cứng,
zoo,zu:,"(thông tục) ((viết tắt) của zoological garden) vườn bách thú, vườn thú",,
january,'dʤænjuəri,tháng giêng,,
what,w t,"gì, thế nào","sao, vậy thì sao",có tin tức gì về... không?
manhood,'mænhud,"nhân cách, nhân tính",tuổi trưởng thành,"dũng khí, lòng can đảm, tính cương nghị"
soccer,'sɔkə,(thông tục) môn bóng đá,,
seating,,sự sắp xếp chỗ ngồi; chỗ để ngồi; ghế ngồi,,
boring,'bɔ:riɳ,"sự khoan, sự đào",lỗ khoan,(số nhiều) phoi khoan
pizza,,"món pitsa (món ăn của ă, làm bằng bột nhão bẹt (tròn) được phủ phó mát, cá cơm  và nướng trong bếp lò)",,
rainy,'reini,có mưa; có nhiều mưa; hay mưa,,
thirties,,những con số từ 30 đến 39,(the thirties) những năm 30 (của (thế kỷ)),tuổi từ 30 đến 39
kick,kik,trôn chai (chỗ lõm ở đít chai),"cái đá, cú đá (đá bóng); cái đá hậu (ngựa)","sự giật (của súng, khi bắn)"
lading,'leidiɳ,sự chất hàng (lên tàu),hàng hoá (chở trong tàu),(hàng hải) hoá đơn vận chuyển
twenties,,số nhiều twenties,những năm hai mươi,tuổi giữa 20 và 29
subjectivity,səb'dʤektivnis,tính chủ quan; tính chất chủ quan,,
thinner,,chất để pha loãng,,
waiter,'weitə,người hầu bàn,"khay, mâm","người đợi, người chờ; người trông đợi"
boyfriend,,"bạn trai (đi lại thường xuyên với một cô gái, một chị phụ nữ)",,
selves,,số nhiều của self,,
grandma,'grænmɑ:,"uây oác['grænmə,mɑ:]",(thân mật) bà,
with,wi,"với, cùng, cùng với",có,"ở, ở ni"
desirous,di'zaiərəs,"thèm muốn; ước ao, khát khao, mơ ước",,
interviewer,",intəvju:ə",người gặp riêng (những người đến xin việc làm),người phỏng vấn,lỗ nhòm (trong cửa vào)
bathing,'beiðiɳ,sự tắm rửa,,
monies,,xem money,,
parenting,,việc nuôi nấng con cái,,
reasonableness,'ri:znəblnis,tính hợp lý,"sự biết điều; sự vừa phải, sự phải chăng (giá cả)","(từ hiếm,nghĩa hiếm) sự biết suy luận, sự biết suy nghĩ"
visitation,",vizi'teiʃn","sự đi thăm, sự đến thăm, sự thăm hỏi, sự thăm viếng","sự thanh tra, sự kiểm tra (của giám mục, trong địa phận mình)","(động vật học) sự di trú ồ ạt và bất thường (của chim, thú...)"
greet,gri:t,"chào, chào hỏi, đón chào","chào mừng, hoan hô","bày ra (trước mắt); đập vào (mắt, tai); vang đến, vọng đến (tai)"
sixties,,số nhiều,những năm sáu mươi,
ultrasonic,'ʌltrə'sɔnik,siêu âm,,
remission,ri'miʃn,"sự tha thứ, sự miễn giảm","sự thuyên giảm, sự dịu bớt (cơn sốt...)",
heredity,hi'rediti,tính di truyền; sự di truyền,,
ming,,(lịch sử TrungHoa) Nhà Minh (1368 - 1644),(lịch sử TrungHoa) Nhà Minh (1368 - 1644),
justifiable,'dʤʌstifaiəbl,"có thể bào chữa được, có thể chứng minh là đúng","hợp pháp, hợp lý, chính đáng",
richly,'ritʃli,"giàu có, phong phú, đầy đủ, dồi dào","lộng lẫy, huy hoàng",hoàn toàn
walled,,có tường bao quanh; (từ lóng) như có tường bao quanh,(lịch sử) có công sự bao bọc,
impersonal,im'pə:snl,"không liên quan đến riêng ai, không nói về riêng ai, không ám chỉ riêng ai, nói trống, bâng quơ; khách quan",không có cá tính con người,(ngôn ngữ học) không ngôi
workable,'wə:kəbl,"có thể làm được, có thể thực hiện được, dễ thực hiện","dễ dùng, dễ cho chạy, dễ điều khiển",dễ khai thác
proletariat,proletariat,giai cấp vô sản,,
machining,,sự gia công cơ khí; sự gia công cắt gọt,,
mountainous,'mauntinəs,"có núi, lắm núi",to lớn khổng lồ,
unbroken,'ʌn'broukən,"không bị bẻ gãy, không sứt mẻ; nguyên vẹn",(nông nghiệp) không cày; chưa cày,không được tập cho thuần (ngựa)
thematic,θi'mætik,(thuộc) chủ đề,,
how,hau,"thế nào, như thế nào; sao, ra sao, làm sao",bao nhiêu; giá bao nhiêu,"làm sao, biết bao, xiếc bao, biết bao nhiêu, sao mà... đến thế"
pet,pet,"cơn giận, cơn giận dỗi","con vật yêu quý, vật cưng","người yêu quý, con cưng..."
sum,sʌm,tổng số; (toán) tổng,số tiền,nội dung tổng quát
practise,'præktis,"thực hành, đem thực hành","làm, hành (nghề...)","tập, tập luyện, rèn luyện"
interplay,'intə'plei,"ảnh hưởng lẫn nhau; sự tác động lẫn nhau[,intə'plei]",ảnh hưởng lẫn nhau; tác động lẫn nhau,
surveying,,sự đo vẽ,forest surveying,sự đo vẽ rừng
cartoon,kɑ:'tu:n,"tranh đả kích, tranh biếm hoạ ((thường) về chính trị)",trang tranh đả kích; trang tranh vui,(hội họa) bản hình mẫu
summation,sʌ'meiʃn,(toán học) sự tổng; phép tổng,phần tóm tắt và kết luận (của một lập luận),
staging,'steidʤiɳ,sự đưa một vở kịch lên sân khấu,sự chạy xe ngựa chở khách (theo chặn đường nhất định),sự bắc giàn
promissory,,hứa hẹn; hẹn (trả tiền ),,
than,ðæn,hơn,,
awoke,ə'weik,"đánh thức, làm thức dậy","(nghĩa bóng) làm thức tỉnh, làm tỉnh ngộ, làm cho nhận thức ra","(nghĩa bóng) khêu gợi, gợi"
foreigner,'fɔrinə,người nước ngoài,tàu nước ngoài,con vật nhập từ nước ngoài; đồ nhập từ nước ngoài
singly,'siɳgli,"đơn độc, một mình, đơn thương độc mã","lẻ, từng người một, từng cái một",
unwarranted,n'w r ntid,không có lý do xác đáng,không được bo đm,
resumption,ri'zʌmpʃn,"sự lấy lại, sự chiếm lại, sự hồi phục lại","sự bắt đầu lại, sự tiếp tục lại (sau khi ngừng)",
readable,'ri:dəbl,"hay, đọc được (sách)","(từ hiếm,nghĩa hiếm) dễ đọc, viết rõ",
ours,'auəz,"cái của chúng ta, cái của chúng tôi, cái của chúng mình","trung đoàn của chúng ta, đội của chúng ta, trung đoàn của chúng tôi, đội của chúng tôi",
cultured,'kʌltʃə,có học thức,"có giáo dục, có văn hoá",
sporting,'spɔ:tiɳ,(thuộc) thể thao; thích thể thao,"thượng võ, thẳng thắn, trung thực; dũng cảm",
cute,kju:t,"lanh lợi, sắc sảo, tinh khôn","(từ Mỹ,nghĩa Mỹ) duyên dáng, đáng yêu, xinh xắn",
rehearing,'ri:'hiəriɳ,(pháp lý) sự nghe trình bày lại,,
outlying,"'aut,laiiɳ","ở xa, ở ngoài rìa, xa trung tâm, xa xôi hẻo lánh",,
realist,'riəlist,người theo thuyết duy thực,người có óc thực tế,(như) realistic
supermarket,'sju:pə'mɑ:kit,cửa hàng tự động lớn (bán đồ ăn và đồ dùng trong nhà),,
into,"'intu, 'intə","vào, vào trong","thành, thành ra; hoá ra","(toán học),  (từ hiếm,nghĩa hiếm) với (nhân, chia)"
sun,sʌn,"mặt trời, vừng thái dương","ánh nắng, ánh mặt trời","(nghĩa bóng) thế, thời"
thinly,,mỏng; mong manh,,
outright,aut'rait,"hoàn toàn, toàn bộ","thẳng, công khai; toạc móng heo","triệt để, dứt khoát"
sprung,spriɳ,sự nhảy; cái nhảy,mùa xuân (đen & bóng),suối
doctorate,'dɔktərit,học vị tiến sĩ,,
ageing,'eidʤiɳ,sự hoá già,,
flooring,flooring,nguyên vật liệu làm sàn,sự làm sàn nhà,
washer,'wɔʃə,"người giặt, người rửa",máy giặt (quần áo); máy đãi (quặng),giẻ rửa bát
fullness,'fulnis,sự đầy đủ,sự no đủ,"sự đầy đặn, sự nở nang"
eats,i:ts,"(từ Mỹ,nghĩa Mỹ),  (từ lóng) thức ăn, đồ ăn",,
surf,sə:f,sóng nhào,"(thể dục,thể thao) lướt sóng",
hideous,'hidiəs,gớm guốc (hình thù); ghê tởm (tinh thần đạo đức),,
unnoticed,'ʌn'noutist,"không ai thấy, không ai để ý","bị bỏ qua, bị làm ngơ, bị coi là thường",
rightful,'raitful,"ngay thẳng, công bằng, đúng đắn (hành động, cách cư xử); hợp pháp",,
tensor,'tensə,(giải phẫu) cơ căng,,
siding,'saidiɳ,đường tàu tránh,"(từ Mỹ,nghĩa Mỹ) lớp ván gỗ ngoài giàn khung",
supersonic,'sju:pə'sɔnik,máy bay vượt âm,,
numbering,,sự ghi số vào cái gì; sự đánh số,,
shortening,'ʃɔtniɳ,sự thu ngắn lại,mỡ pha vào bánh cho xốp giòn,
aeroplane,'eərəplein,"máy bay, tàu bay",,
cloudy,'klaudi,"có mây phủ, đầy mây; u ám","đục, vẩn","tối nghĩa, không sáng tỏ, không rõ ràng (văn)"
cookie,'kuki,(Ê-cốt) bánh bao,"(từ Mỹ,nghĩa Mỹ) bánh dẹt nhỏ, bánh quy",
tenement,'tenimənt,"nhà ở, phòng ở",(pháp lý) đất đai nhà cửa hưởng dụng,"nhà nhiều buồng, nhà tập thể"
noticeably,,"đáng lưu ý, đáng quan tâm",,
habitation,",hæbi'teiʃn","sự ở, sự cư trú","nhà ở, nơi cứ trú",
boating,'boutiɳ,sự đi chơi bằng thuyền,cuộc đi chơi bằng thuyền,
discard,'diskɑ:d,"sự chui bài, sự dập bài","quân chui bài, quân bài dập","(đánh bài) chui, dập"
closeness,'klousnis,"sự gần gũi, sự thân mật",sự chật chội; sự bí hơi; sự ngột ngạt khó thở (không khí...),"tính dày chặt, tính khít, tính mau (vải...)"
cornea,'kɔ:niə,"(giải phẫu) màng sừng, giác mạc (mắt)",,
legged,,có chân,,
bodied,'bɔdid,có thân thể ((thường) ở từ ghép),,
weathering,'weθəriɳ,"thời tiết, nắng mưa, gió mưa, tuyết sương","sự mòn, sự vụn, sự rã ra, sự đổi màu (vì nắng mưa), sự dãi nắng dầm mưa","(địa lý,địa chất) sự phong hoá"
grandpa,grandpa,nhuấy &,,
bye,bai,"thứ yếu, phụ","cái thứ yếu, cái phụ",(như) by the by
persona,pə:'sounə,(ngoại giao) người,,
unclean,'ʌn'kli:n,"bẩn, bẩn thỉu","(tôn giáo) ô trọc, không tinh khiết",dâm ô
habitually,,"đều đặn, thường xuyên",,
sighted,,có thể nhìn thấy; không mù,(trong tính từ ghép) có loại thị lực như thế nào đó,
legation,li'geiʃn,"việc cử đại diện, việc cử phái viên",công sứ và những người tuỳ tùng,toà công s
twelve,twelv,mười hai,số mười hai,
coloration,",kʌlə'reiʃn","sự tô màu, sự nhuộm màu, sự sơn màu",màu sắc,
boyhood,'bɔihud,thời niên thiếu,,
catchment,'kætʃmənt,"sự hứng nước, sự dẫn nước",,
rationing,,(Econ) Chia khẩu phần.,,
eleven,i'levn,mười một,số mười một,đội mười một người
unclassified,'ʌn'klæsifaid,chưa được phân loại,"(từ Mỹ,nghĩa Mỹ) không được coi là mật (tài liệu)",
selfishness,'selfiʃnis,tính ích kỷ,,
putative,'pju:tətiv,"giả định là, được cho là, được coi là",,
blackness,'blæknis,màu đen,"sự tối tăm; bóng tối, chỗ tối",(nghĩa bóng) sự đen tối
finder,'faində,"người tìm ra, người tìm thấy",(kỹ thuật) bộ tìm,
cater,'keitə,"cung cấp thực phẩm, lương thực","phục vụ cho, mua vui cho, giải trí cho",
shorten,'ʃɔ:tn,"thu ngắn lại, thu hẹp vào",mặc quần soóc (cho trẻ em),cho mỡ (vào bánh cho xốp giòn)
corneal,'kɔ:niəl,(giải phẫu) (thuộc) màng sừng,,
readership,,địa vị phó giáo sư; chức phó giáo sư,"số người đọc một tờ báo, tạp chí..., tập thể độc giả của một tờ báo, tạp chí...",
stoppage,'stɔpidʤ,"sự ngừng lại, sự đình chỉ","sự tắc, sự nghẽn",
starter,'stɑ:tlə,người ra lệnh xuất phát (một cuộc đua),đấu thủ xuất phát trong cuộc đua,(kỹ thuật) nhân viên điều độ
rebirth,'ri:'belou,"sự sinh lại, sự hiện thân mới",,
wheeling,,sự đi xe đạp,chỗ ngoặc,tình trạng đường xá
unreal,' n'ri l,"không thực, không thực tế, h o huyền",,
notary,'noutəri,công chứng viên ((cũng) notary public),,
summing,,"tổng, phép cộng",,
swam,,xem swim,,
jewellery,'dʤu:əlri,"đồ châu báu; đồ nữ trang, đồ kim hoàn (nói chung)",nghệ thuật làm đồ kim hoàn,nghề bán đồ châu báu; nghề bán đồ kim hoàn
bookstore,bukstɔ:,"(từ Mỹ,nghĩa Mỹ) hiệu sách",,
afternoons,,vào các buổi chiều (như là một thói quen),,
thickening,'θikniɳ,sự dày đặc,chất (vật) làm cho đặc (xúp...),chỗ đông người; chỗ dày đặc
upkeep,' pki:p,"sự bo dưỡng, sự sửa sang","phí tổn bo dưỡng, phí tổn sửa sang",
storey,'stɔ:ri,"tầng, tầng gác",(nghĩa bóng) bộ óc,
momentous,mou'mentəs,"quan trong, trọng yếu",,
wheeled,'wi:ld,có bánh xe,,
pooling,,"sự hợp nhất, sự gộp",p. of classes (thống kê) sự gộp các lớp,
reputable,'repjutəbl,"có tiếng tốt, danh giá; đáng kính trọng",,
rationalization,",ræʃnəlai'zeiʃn",sự hợp lý hoá,sự giải thích duy lý,(toán học) sự hữu tỷ hoá
manageable,'mænidʤəbl,"có thể quản lý, có thể trông nom","có thể điều khiển, có thể sai khiến","dễ cầm, dễ dùng, dễ sử dụng"
mania,'meinjə,"chứng điên, chứng cuồng","tính gàn, tính kỳ quặc","tính ham mê, tính nghiện"
pairing,,danh từ,(sinh vật học) sự ghép đôi; kết đôi; kết cặp,
proletarian,proletarian,vô sản,người vô sản,
manly,'mænli,"có tính chất đàn ông; có đức tính đàn ông; hùng dũng, mạnh mẽ, can đảm, kiên cường",có vẻ đàn ông (đàn bà),hợp với đàn ông (đồ dùng)
lettering,'letəriɳ,"sự ghi chữ, sự in chữ, sự viết chữ, sự khắc chữ, chữ in, chữ viết, chữ khắc",sự viết thư,
pivot,'pivət,"trụ, ngõng, chốt",(quân sự) chiến sĩ đứng làm chốt (khi một đội quân xoay hướng đi),"(nghĩa bóng) điểm then chốt, điểm mấu chốt"
watchful,'wɔtʃful,"thận trọng, cảnh giác, đề phòng","thức, thao thức, không ngủ",
whiteness,'waitnis,"sắc trắng, màu bạc",sắc tái nhợt (mặt...),"(nghĩa bóng) sự ngây th, sự trong trắng"
copious,'koupiəs,"phong phú, dồi dào, hậu hỉ",,
notoriously,,"(nghĩa xấu) lừng danh, khét tiếng",,
reopen,'ri:'oupən,"mở lại; lại tiếp tục, bắt đầu lại (sau một thời gian gián đoạn)",,
banded,,đầu thắt giải buộc,,
grounding,'graundiɳ,sự mắc cạn (tàu thuỷ),sự hạ cánh (máy bay); sự bắn rơi (máy bay),sự truyền thụ kiến thức vững vàng
uneasiness,ʌn'i:zinis,"trạng thái không thoải mái, trạng thái bực bội, trạng thái bứt rứt, trạng thái khó chịu","trạng thái lo lắng, trạng thái băn khoăn, trạng thái không yên tâm",
unreasonably,,xem unreasonable,,
springing,,sự đàn hồi,sự treo bằng lò xo,đế vòm
waitress,'weitris,chị hầu bàn,,
sonic,'sɔnik,(thuộc) âm thanh,,
coldly,'kouldli,"lạnh nhạt, hờ hững, nhẫn tâm",,
june,dʤu:n,tháng sáu,,
untenable,' n'ten bl,"không giữ được, không vững","không c i được, không biện hộ được, không bo vệ được",
thee,ði:,"(thơ ca); (tôn giáo) ngươi, anh, người",,
ratify,'rætifai,"thông qua, phê chuẩn",,
subjection,səb'dʤəkʃn,"sự chinh phục, sự khuất phục",sự đưa ra (để góp ý...),
towering,'tauəriɳ,"cao, cao ngất, cao vượt hẳn lên","mạnh mẽ, dữ tợn, hung dữ, dữ dội",
penance,'penəns,"sự ăn năn, sự hối lỗi",sự tự hành xác để hối lỗi,làm cho (ai) phải ăn năn
summarily,,sơ lược; tóm tắt,giản lược,
colouring,'kʌləriɳ,"màu (mặt, tóc, mắt)","thuốc màu, phẩm màu","cách dùng màu, cách tô màu"
shea,ʃiə,"(thực vật học) cây hạt mỡ (loài cây Tây phi, hạt cho một chất mỡ trắng, dùng để ăn hay thắp đèn) ((cũng) shea tree)",,
blackish,'blækiʃ,"hơi đen, đen đen",,
unthinkable,n' i k bl,không thể nghĩ ra được; không thể tưởng tượng được,(thông tục) không thể có,
muster,'mʌstə,"sự tập hợp, sự tập trung",(quân sự) sự duyệt binh,"sự hội họp, sự tụ họp"
gotta,,"phải, cần phải",,
outspoken,aut'spoukn,"nói thẳng, trực tính",thẳng thắn (lời phê bình...),
some,"sʌm, səm",nào đó,"một ít, một vài, dăm ba","khá nhiều, đáng kể"
periodicity,",piəri'disiti",tính chu kỳ,"tính định kỳ, tính thường kỳ",tính tuần hoàn
cornish,,thuộc về xứ Cornwall,,
meteor,'mi:tjə,"sao sa, sao băng",hiện tượng khí tượng,(thông tục) người bỗng nổi tiếng như cồn; vật bổng nổi tiếng như cồn
bridging,,(Tech) rẽ mạch; nối tắt,,
tooling,,(kỹ thuật) sự gia công bằng máy,việc trang bị dụng cụ máy móc,sự hiệu chỉnh (máy công cụ)
prepayment,'pri'peimənt,sự trả trước,,
comer,'kʌmə,người đến,"(từ Mỹ,nghĩa Mỹ),  (thông tục) người có triển vọng, vật có triển vọng","bất cứ ai đề nghị, bất cứ ai nhận sự thách thức..."
unjustified,,phi lý,không được lý giải,
snowy,'snoui,"đầy tuyết, phủ tuyết, nhiều tuyết",,
siting,,sự chọn địa điểm,,
reputed,ri'pju:tid,"có tiếng tốt, nổi tiếng","được cho là, được giả dụ là, được coi là",
subclass,'sʌbklɑ:s,(sinh vật học) phân lớp,,
rationalism,ræʃnəlizm,chủ nghĩa duy lý,,
ridden,raid,"sự đi chơi, cuộc đi chơi (bằng ngựa, xe đạp, xe ô tô, xe buýt, xe lửa...)",đường xe ngựa đi qua rừng,(quân sự) lớp kỵ binh mới tuyển
classifier,,người phân loại,,
legible,,"rõ ràng, dễ đọc",,
tomorrow,tə'mɔrou,morrow),"mai, ngày mai",
nineties,,độ tuổi từ 9 o đến 99,những con số từ 90 đến 99,
illegible,i'ledʤəbl,"khó đọc, không đọc được (chữ viết...)",,
icing,'aisiɳ,sự đóng băng,"sự ướp nước đá, sự ướp lạnh",kem lòng trắng trứng; đường cô (để phủ trên mặt bánh ngọt)
discoloration,dis'kʌləmənt,sự đổi màu; sự bẩn màu; sự bạc màu,sự làm đổi màu; sự làm bẩn màu; sự làm bạc màu,
deputation,",depju:'teiʃn",sự uỷ nhiệm,sự cử đại biểu,"đại biểu, đại diện; đoàn đại biểu, phái đoàn"
healthful,'helθful,lành mạnh,"có lợi cho sức khoẻ, làm tăng sức khoẻ",
fifteen,'fif'ti:n,mười lăm,,
thankfully,,một cách biết ơn,<thgt> tôi/ chúng tôi rất vui mừng; may mắn,
siren,'saiərin,(số nhiều) tiên chim (thần thoại Hy lạp),người hát có giọng quyến rũ,"còi tầm, còi báo động"
you,ju:,"anh, chị, ông, bà, ngài, ngươi, mày; các anh, các chị, các ông, các bà, các ngài, các người, chúng mày","ai, người ta",
pigmentation,",pigmən'teiʃn",màu da (do chất sắc trong tế bào da tạo thành),,
resonator,'rezəneitə,(vật lý) cái cộng hưởng,,
sizing,,"suất ăn, khẩu phần (ở đại học Căm-brít)",,
caricature,",kærikə'tjuə",lối vẽ biếm hoạ,tranh biếm hoạ,vẽ biếm hoạ
nothingness,'nʌθiɳnis,"hư vô, hư không","tính vô tài, tính vô giá trị, tính nhỏ mọn, tính tầm thường",
giver,'givə,"người cho, người biếu, người tặng",,
metrical,'metrikəl,có vận luật ((thơ ca)),(thuộc) sự đo; mêtric,
miscarriage,mis'kæridʤ,"sự sai, sự sai lầm",sự thất bại (kế hoạch...),"sự thất lạc (thư từ, hàng hoá)"
insightful,'insaitful,"sâu sắc, sáng suốt",,
whilst,wailst,(như) while,,
stopper,'stɔpə,"người làm ngừng, người chặn lại; vật làm ngừng, vật chặn lại","nút, nút chai","(hàng hải) dây buộc; móc sắt (để buộc, móc dây cáp)"
imputation,",impju:'teiʃn","sự đổ tội, sự quy tội (cho người nào)","tội đổ cho ai, lỗi quy cho ai, điều quy cho ai",
illegality,,sự không hợp pháp; tính không hợp pháp,<snh> hành động không hợp pháp,
untold,' n'tould,"không kể lại, không nói ra","không kể xiết, không biết bao nhiêu mà kể",
payer,'peiə,người trả tiền,,
repute,ri'pju:t,"tiếng, tiếng tăm, lời đồn",tiếng tốt,"cho là, đồn là; nghĩ về, nói về"
imagines,i'meigou,(động vật học) thành trùng,,
oneness,'wʌnnis,"tính chất duy nhất, tính chất độc nhất",tính chất thống nhất,"tính chất tổng thể, tính chất hoà hợp"
famously,'feiməsli,"(thông tục) hay, giỏi, tốt, cừ, chiến",,
fruition,fru:'iʃn,sự hưởng (cái mong muốn); sự thực hiện (nguyện vọng...),"(từ Mỹ,nghĩa Mỹ) sự khai hoa kết trái",
overdose,'ouvədous,liều quá mức,cho quá liều,
personage,'pə:snidʤ,"nhân vật quan trọng, người có địa vị cao sang, người có vai vế","vai, nhân vật (trong truyện, kịch)",người
presumptive,pri'zʌmptiv,"cho là đúng, cầm bằng; đoán chừng",,
unspoken,' n'spoukn,"không nói lên, hiểu ngầm",,
busily,'bizili,bận rộn,,
flagship,'flægʃip,(hàng hải) tàu đô đốc (trong đó có đô đốc),,
dissonance,'disənəns,(âm nhạc) sự nghịch tai; tính không hoà tan,"sự không hoà hợp, sự bất hoà",
catcher,'kætʃə,người bắt tóm,"(thể dục,thể thao) người bắt bóng (bóng chày)",
unhappily,,buồn,"bất hạnh, không may",
forty,'fɔ:ti,bốn mươi,(xem) wink,số bốn mươi
mes,,tiền tố,như meso,tiền tố
attest,ə'test,"chứng nhận, nhận thực, chứng thực","bắt thề, bắt tuyên thệ",làm chứng
artisan,",ɑ:ti'zæn",thợ thủ công,,
submissive,səb'misiv,"dễ phục tùng, dễ quy phục; dễ bảo, ngoan ngoãn",,
hateful,'heitful,"đầy căm thù, đầy căm hờn","đáng căm thù, đáng căm hờn, đáng căm ghét",
keyed,,có khoá,(âm nhạc) theo âm điệu,"(kiến trúc) đã được chèn, đóng chốt"
overrun,'ouvərʌn,"sự lan tràn, sự tràn ra","sự vượt quá, sự chạy vượt","số lượng (in...) thừa[,ouvə'rʌn]"
nosed,,(tạo thành tính từ kép) có cái mũi như thế nào đó,red-nosed,mũi đỏ
fillet,'filit,"dây bưng, dải lụa (để buộc đầu)",(y học) băng (để buộc bó vết thương),(kiến trúc) đường chỉ vòng
unspeakable,n'spi:k bl,"không thể nói được, không diễn t được; không t xiết",,
itemized,'aitemaizd,"ghi thành từng khoản, ghi thành từng món",,
flyer,flyer,"vật bay, con vật có cánh (như chim, sâu bọ...)",xe đi nhanh như bay; con vật bay nhanh,người lái máy bay
coldness,'kouldnis,"sự lạnh, sự lạnh lẽo",,
lotion,'louʃn,"nước thơm (để gội đầu, để tắm)",thuốc rửa (vết thương),"(từ lóng) chất cay, rượu"
hotly,,"sôi động, kịch liệt",,
ghostly,'goustli,(thuộc) ma quỷ; như một bóng ma,"(từ cổ,nghĩa cổ) (thuộc) tinh thần",lý lẽ tôn giáo
imbedded,,"bị nhúng, được nhúng",wildly i. (tô pô) bị nhúng thô,
cleverly,,"khéo léo, sắc sảo, khôn ngoan",,
toothed,'tu:θt,có răng; khía răng cưa,,
speciality,",spəʃi'æliti","đặc tính, đặc trưng, nét đặc biệt",ngành chuyên môn,
fanatical,fə'nætik,người cuồng tín,cuồng tín,
fastener,'fɑ:snə,"người buộc, người đóng","cái khoá, cái hầm, cái móc, cái chốt ((cũng) fastening)",
milk,milk,sữa,"nhựa mủ (cây), nước (dừa...)",(xem) spill
immanent,'imənənt,(triết học),nội tại,(tôn giáo) ở khắp nơi (Chúa)
eighteen,'ei'ti:,mười tám,số mười tám,
sitter,'sitə,người ngồi,người mẫu (để vẽ),gà ấp
rationalize,'ræʃnəlaiz,hợp lý hoá (một ngành sản xuất),giải thích duy lý (tín ngưỡng...) làm cho (hành vi tư tưởng...) phù hợp với lẽ phải,(toán học) hữu tỷ hoá
artifice,'ɑ:tifis,"mẹo, mưu mẹo, gian ngoan, ngón gian xảo","tài khéo léo, kỹ xảo",cái được sáng chế ra một cách tài tình; cái được sáng chế tinh xảo
tenable,'tenəbl,"giữ được, bảo vệ được, cố thủ được (vị trí, địa vị, đồn luỹ...)","cãi được, biện hộ được, bảo vệ được (lập luận, lý lẽ...); lôgic",
volleyball,'vɔlibɔ:l,"(thể dục,thể thao) bóng chuyền",,
fanaticism,fə'nætisizm,sự cuồng tín,,
darkly,'dɑ:kli,"tối tăm, tối mò","mờ mịt, mơ hồ, không rõ ràng, không minh bạch","ảm đạm, buồn rầu, ủ ê"
sickly,'sikli,"hay ốm, có vẻ ốm yếu, đau yếu; gầy yếu","xanh, xanh xao","độc; tanh, làm buồn nôn"
harden,'hɑ:dn,"làm cho cứng, làm cho rắn",(kỹ thuật) tôi (thép...),"(nghĩa bóng) làm chai điếng, làm cứng rắn, làm trở thành nhẫn tâm"
paging,,số trang của quyển sách,thứ tự các trang,
tenacious,ti'neiʃəs,"dai, bền, bám chặt","bền bỉ, dẻo dai, ngoan cường, kiên trì","gan lì, ngoan cố"
justifiably,,chính đáng,,
revisit,'ri:'vizit,đi thăm lại,,
iced,aist,đóng băng,phủ băng,"ướp nước đá, ướp lạnh, có nước đá"
answerable,'ɑ:nsərəbl,có thể trả lời được,"có thể biện bác, có thẻ cãi lại được",(toán học) có thể giải được
drinker,'driɳkə,người uống,người nghiện rượu,
sixty,'siksti,sáu mươi,số sáu mươi,(số nhiều) (the sixties) những năm sáu mươi (từ 60 đến 69 của (thế kỷ)); những năm tuổi thọ trên sáu mươi (từ 60 đến 69)
notoriety,",noutə'raiəti","trạng thái rõ ràng, trạng thái hiển nhiên, trạng thái ai cũng biết","(thường),  (nghĩa xấu) người nổi danh, người ai cũng biết",
sunday,'sʌndi,ngày chủ nhật,(định ngữ) (thuộc) chủ nhật,(xem) month
hades,'heidi:z,"âm ty, âm phủ",diêm vương,
artistically,,"khéo léo, sắc sảo",,
mommy,,mẹ (cũng) mummy,,
greyish,'greiiʃ,"hơi xám, xam xám",,
mouthful,'mauθful,miếng (đầy mồm),,
boyish,'bɔiiʃ,"(thuộc) trẻ con, như trẻ con",,
rethink,,"suy tính lại, cân nhắc lại","sự suy tính lại, sự cân nhắc lại",
saver,'seivə,cái để tiết kiệm; mẹo để tiết kiệm,,
gladness,'glædnis,"sự sung sướng, sự vui mừng, sự vui vẻ, sự hân hoan",,
fours,,"đếm cách một (1, 3, 5, 7...), cách hai, cách ba...",column c. tính theo cột,digit c. tính chữ số
unsold,' n'sould,(thưng nghiệp) không bán được,,
cornice,'kɔ:nis,(kiến trúc) gờ; mái đua,khối tuyết cứng trên miệng vực thẳm,
mouthed,,có kiểu mồm như thế nào đó,có lối ăn nói như thế nào đó,
shyness,'ʃainis,"tính nhút nhát, tính bẽn lẽn, tính e thẹn",,
wearer,'weərə,"người mang, người đeo; người mặc; người đội",,
subjectively,,xem subjective,,
nightly,'naitli,"về đêm, đêm đêm",(thơ ca) (thuộc) đêm; hợp với ban đêm,"về đêm, đêm đêm"
unrealized,' n'ri laizd,chưa thực hiện,"không thấy rõ, không nhận thức rõ",không bán được; không thu được (l i)
downright,'daunrait,"thẳng thắn, thẳng thừng, toạc móng heo, không úp mở","đích thực, rành rành, hoàn toàn hết sức, đại","(từ cổ,nghĩa cổ) thẳng đứng"
thirtieth,'θə:tiiθ,thứ ba mươi,một phần ba mươi,người thứ ba mươi; vật thứ ba mươi
merrily,'merili,"vui, vui vẻ",,
clothe,klouð,mặc quần áo cho,"phủ, che phủ",
smallness,'smɔ:lnis,sự nhỏ bé,sự ít ỏi,"sự nhỏ mọn, sự hẹp hòi"
sameness,'seimnis,"tính đều đều, tính đơn điệu","tính không thay đổi, tính giống nhau, tính như nhau, tính cũng thế",
playfully,,"ham vui đùa, khôi hài",vừa làm vừa vui đùa; không nghiêm túc,
sighting,,sự trông thấy; sự bị trông thấy,,
august,'ɔ:gəst - ɔ:'gʌst,ɔ:'gʌst/,tháng tám,"uy nghi, oai nghiêm, oai vệ, oai phong"
unjustifiable,ʌn'dʤʌstifaiəbl,"không thể bào chữa được; không thể biện bạch được, vô lý",,
personalty,,<pháp> động sản,,
fourteen,'fɔ:'ti:n,mười bốn,số mười bốn,
thine,ðain,(xem) thy,"(thơ ca); (tôn giáo) cái của mày, cái của ngươi, cái của người",
thirteen,'θə:'ti:n,mười ba,số mười ba,
classically,'klæsikəli,kinh điển,cổ điển,
opener,'oupnə,người mở,"vật để mở, cái mở (hộp, nút chai...)","(thể dục,thể thao) cuộc đấu mở màn"
your,jɔ:,"của anh, của chị, của ngài, của mày; của các anh, của các chị, của các ngài, của chúng mày",,
manic,,vui buồn thất thường,,
classmate,,bạn cùng  lớp,,
forgetfulness,fə'getfulnis,tính hay quên,,
attestation,",ætes'teiʃn","sự chứng nhận, sự nhận thực, sự chứng thực","lời chứng, lời cung khai làm chứng","sự thề, sự tuyên thệ"
hearth,hɑ:θ,"nền lò sưởi, lòng lò sưởi","khoảng lát (đá, xi măng, gạch...) trước lò sưởi","(kỹ thuật) đáy lò, lòng lò (lò luyện kim...)"
cationic,,xem cation,,
rationalist,'ræʃnəlist,người theo chủ nghĩa duy lý,,
reread,,đọc lại,,
repeater,ri'pi:tə,người nhắc lại (điều gì),đồng hồ điểm chuông định kỳ,"súng (tiểu liên, súng lục) bắn nhiều phát liền (mà không phải nạp đạn)"
menial,'mi:njəl,"(thuộc) người ở, (thuộc) đầy tớ","khúm núm, quỵ luỵ","người ở, người hầu, đầy tớ"
unmanned,'ʌn'mænd,không có người,,
lettered,'letəd,"có học, hay chữ, thông thái","có chữ in, có chữ viết vào...","(thuộc) văn chương, (thuộc) văn học"
figuratively,,"văn hoa, bóng bảy",theo phép ẩn dụ,
foggy,'fɔgi,có sương mù; tối tăm,"lờ mờ, mơ hồ, không rõ rệt",
ladyship,'leidiʃip,thân thế quý tộc (của một người đàn bà),tâu lệnh bà,
americanization,"ə,merikənai'zeiʃn",sự Mỹ hoá,,
sadistic,sæ'distik,ác dâm,thích thú những trò tàn ác,
maths,",mæθi'mætiks","môn toán, toán học",,
nineteen,'nain'ti:n,mười chín,số mười chín,(xem) dozen
eater,'i:tə,người ăn,quả ăn tươi,
cleanly,'klenli,"sạch, sạch sẽ","ưa sạch, ưa sạch sẽ; có tính sạch sẽ",
cleverness,'klevənis,"sự lanh lợi, sự thông minh",sự tài giỏi,"sự thần tình, sự tài tình"
contestant,kən'testənt,"đấu thủ, đối thủ, người tranh giải, người dự thi","người tranh luận, người tranh cãi",
subsonic,'sʌb'sɔnik,dưới âm tốc,,
fling,fling,"sự ném, sự vứt, sự quăng, sự liệng, sự lao, sự gieo (quân súc sắc)","sự nhào xuống, sự nhảy bổ",sự lu bù (ăn chơi...)
problematical,problematical,"còn phải bàn; không chắc, mơ hồ",,
olden,'ouldən,"(từ cổ,nghĩa cổ),  (văn học) xưa, ngày xưa, thuở xưa","làm cho già, làm cho yếu","già đi, yếu đi"
eventful,i'ventful,có nhiều sự kiện quan trọng,có kết quả quan trọng,
lazily,,"uể oải, lờ đờ",,
stoned,stound,"cỏ rải đá, lát đá",,
unmet,,"(đòi hỏi, mục đích...) không được đạt đến, không được thoả mãn",,
brotherly,'brʌðəli,anh em,"như anh em, anh em",
lily,'lili,hoa huệ tây; hoa loa kèn,"sắc trắng ngần, nước da trắng ngần",nước da trắng hồng
insuperable,in'sju:pərəbl,không thể vượt qua được (vật chướng ngại...); không thể khắc phục được (khó khăn...),"(từ hiếm,nghĩa hiếm) không thể hơn được, không thể vượt được",
classicism,'klæsisizm,chủ nghĩa kinh điển,sự nghiên cứu ngôn ngữ và văn học kinh điển,"lối văn kinh điển, thể văn kinh điển"
resold,'ri:'sel,bán lại,,
outage,'autidʤ,"(từ Mỹ,nghĩa Mỹ) sự ngừng chạy (máy) vì thiếu điện, thiếu chất đốt)","thời kỳ thiếu điện, thời kỳ thiếu chất đốt...","số lượng hàng mất, số lượng hàng thiếu (trong một chuyến hàng)"
notional,'nouʃənl,"(thuộc) ý niệm, (thuộc) khái niệm; tư biện",tưởng tượng (vật),"hay mơ tưởng hão, ảo tưởng (người)"
unworkable,' n'w :k bl,"không thể làm được, không thể thực hiện được",không thể cho chạy được (máy móc); không thể khai thác được (mỏ...); khó lái (tàu),
merriment,'merimənt,"sự vui vẻ, sự hớn hở; sự vui chơi",,
heaviness,'hevinis,"sự nặng, sự nặng nề","tính chất nặng, tính chất khó tiêu (đồ ăn)","tính chất nặng trình trịch, tính chất vụng về khó coi, tính chất thô"
unsightly,n'saitli,"khó coi, xấu xí, không đẹp mắt",,
copulation,",kɔpju'leiʃn",(ngôn ngữ học) sự nối,"sự giao cấu, sự giao hợp",
glade,gleid,"(địa lý,ddịa chất) trảng",,
shyly,'ʃaili,"nhút nhát, bẽn lẽn, e thẹn",,
newness,'nju:nis,"tính chất mới, tính chất mới mẻ, tính chất mới lạ",,
blankly,'blæɳkli,"ngây ra, không có thần","thẳng, thẳng thừng, dứt khoát",
repayable,ri:'peiəbl,"có thể trả lại, có thể hoàn lại","có thể báo đáp, có thể đền đáp",
mayan,,(thuộc) ngôn ngữ Maya; (thuộc) người Maya,,
mannered,'mænəd,"kiểu cách, cầu kỳ (văn phong)",,
habitable,'hæbitəbl,có thể ở được,,
she,ʃi:,"nó, bà ấy, chị ấy, cô ấy...","nó (chỉ tàu, xe... đã được nhân cách hoá), tàu ấy, xe ấy","người đàn bà, chị"
artful,'ɑ:tful,"xảo quyệt, lắm mưu mẹo; tinh ranh",khéo léo (người); làm có nghệ thuật (đồ vật),
collectivism,kə'lektivizm,chủ nghĩa tập thể,,
overgrown,'ouvə'grou,"mọc tràn ra, mọc che kín; mọc cao lên","lớn mau quá, lớn nhanh quá",lớn quá khổ
smartly,,"mạnh, ác liệt (về một cú đánh)","mạnh, gây gắt (lời phê bình)","mau lẹ, nhanh"
presuming,pri'zju:miɳ,"tự phụ, quá tự tin","lợi dụng, lạm dụng",
darken,'dɑ:kən,"làm tối, làm u ám (bầu trời)",làm sạm (da...),làm thẫm (màu...)
rateable,'reitəbl,có thể đánh giá được,có thể bị đánh thuế địa phương,"(từ cổ,nghĩa cổ) tính theo tỉ lệ"
brighten,'braitn,"làm sáng sủa, làm tươi sáng, làm rạng rỡ, làm tươi tỉnh","làm sung sướng, làm vui tươi",đánh bóng (đồ đồng)
watcher,'wɔtʃə,"người thức canh, người canh đêm",người rình,"(từ Mỹ,nghĩa Mỹ) người quan sát theo dõi (tình hình)"
fourthly,'fɔ:θli,bốn là,,
uncollected,'ʌnkə'lektid,"không tập hợp, không tập trung, không thu góp lại","không tập trung tư tưởng; không bình tĩnh, bối rối",không thu (thuế)
yours,jɔ:z,"cái của anh, cái của chị, cái của ngài, cái của mày; cái của các anh, cái của các chị, cái của các ngài, cái của chúng mày",bạn chân thành của anh (chị...) (công thức cuối thư),
carrion,'kæriən,xác chết đã thối,"cái thối tha; vật nhơ bẩn, vật kinh tởm","thối tha, kinh tởm"
idealization,"ai,diəlai'zeiʃn",sự lý tưởng hoá,,
theism,'θi:izm,(triết học) thuyết có thần,(y học) chứng trúng độc tein,bệnh nghiện trà nặng
unreality,' nri' liti,"tính chất không thực, tính chất h o huyền",(số nhiều) những điều không có thực; những điều h o huyền,
selfhood,'selfhud,"(từ Mỹ,nghĩa Mỹ) tính ích kỷ, tính chỉ nghĩ đến mình","(từ hiếm,nghĩa hiếm) cá tính, tính chất cá nhân",
warring,,đang đánh nhau; đang có chiến tranh,mâu thuẩn; xung khắc,
unpaired,'ʌn'peəd,"không có cặp, không có đôi","(giải phẫu) không có đôi, lẻ (cơ quan như gan, dạ dày...)",
walling,,sự xây tường,(kiến trúc) vật liệu xây tường; tường vách,
funerary,fju'ni:briəl,"(từ hiếm,nghĩa hiếm) (thuộc) lễ tang, (thuộc) đám ma",,
sickening,'sikniɳ,"làm lợm giọng, kinh tởm, ghê tởm","làm chán nản, làm thất vọng",
disreputable,dis'repjutəbl,"làm mang tai tiếng, làm ô danh, làm ô nhục; mang tai mang tiếng, có tiếng xấu, nhơ nhuốc, thành tích bất hảo",,
interwar,",intə'wɔ:",giữa hai chiến tranh,,
meteoric,",mi:ti'ɔrik","(thuộc) sao băng, như sao băng",khí tượng,"(nghĩa bóng) rạng rỡ trong chốc lát, sáng người trong chốc lát (như sao băng)"
unknowingly,,xem unknowing,,
eared,,có đôi tai đặc biệt,,
drumming,,tiếng lộp độp đều đều,,
saturate,'sætʃəreit,"no, bão hoà","(thơ ca) thẫm, đẫm, đậm","làm no, làm bão hoà"
towered,'tauəd,có tháp,cao vượt lên như tháp,
collectivity,",kəlek'tiviti","tập thể, đoàn thể, tập đoàn",tài sản chung; của chung,
wintering,'wint ri,"sự trú đông, sự đưa đi tránh rét",sự qua đông,
habitus,,thể trạng,habitus of the patient,thể trạng của người bệnh
thicken,'θikən,"làm cho dày, làm cho dày đặc, làm cho sít",trở nên dày,trở nên đặc
from,"frɔm, frəm",từ,"dựa vào, theo, do từ, xuất phát từ","khỏi, đừng; tách khỏi, rời xa, cách"
transfiguration,",trænsfigju'reiʃn","sự biến hình, sự biến dạng","(Transfiguration) lễ biến hình (trong đạo Cơ đốc, ngày 6 tháng 8)",
forgetful,fə'getful,"hay quên, có trí nhớ tồi",(thơ ca) làm cho quên,cẩu thả
womanly,'wumənli,(thuộc) đàn bà,nhu mì thuỳ mị,kiều mị
impute,im'pju:t,"đổ (tội...) cho, quy (tội...) cho",,
satanic,sə'tænik,"(thuộc) Xa tăng, (thuộc) ma vương; quỷ quái",,
unknowable,'ʌn'nouəbl,không thể biết được,không thể nhận thức được,
upturn,p't :n,"sự tăng, sự lên (giá c)","sự khá lên, sự tiến lên",
legate,li'geit,giáo sĩ đại diện giáo hoàng,"(từ cổ,nghĩa cổ) đại sứ; người đại diện","để lại, truyền cho"
legalistic,,"theo chủ nghĩa hợp pháp, ủng hộ chủ nghĩa hợp pháp",,
uncontested,'ʌnkən'testid,"không cãi được, không bác được",không ai tranh giành,
seventeen,'sevn'ti:n,mười bảy,số mười bảy,"tuổi trăng tròn, tuổi đôi tám"
hill,hil,đồi,"cồn, gò, đống, đụn, mô đất, chỗ đất đùn lên (mối, kiến...)",(the Hills) (Anh-Ân) vùng đồi núi nơi nghỉ an dưỡng
profanity,profanity,tính báng bổ,lời nói báng bổ; hành động báng bổ,
sonorous,sə'nɔ:rəs,kêu (âm),kêu (văn),sonorous râle (y) tiếng ran giòn
hypersonic,,(thuộc) tốc độ nhanh hơn 5 lần của âm thanh,(thuộc) tần số âm thanh cao hơn 1 ngàn triệu héc,
changer,,(Tech) máy đổi,,
midyear,'midjə:,giữa năm,(số nhiều) (thông tục) kỳ thi giữa năm,"giữa năm, vào giữa năm"
resonate,'rezəneit,vang âm; dội tiếng,(vật lý) cộng hưởng,
rightness,,sự công bằng; sự đúng đắn; sự thích đáng; sự có lý,,
rudeness,'ru:dnis,"sự khiếm nhã, sự bất lịch sự, sự vô lễ, sự láo xược; sự thô lỗ","trạng thái man rợ, trạng thái dã man","sự mạnh mẽ, sự dữ dội, sự đột ngột"
dismissive,,"thô bạo, tùy tiện",,
recuperation,"ri,kju:pə'reiʃn",sự hồi phục (sức khoẻ),sự lấy lại,(kỹ thuật) sự thu hồi
strictness,'striktnis,tính chính xác,"tính nghiêm ngặt, tính nghiêm khắc; tính nghiêm chỉnh",
repetitious,,có đặc trưng lặp đi lặp lại,,
soldering,,sự hàn,electic soldering,sự hàn điện
autumnal,ɔ:'tʌmnəl,(thuộc) mùa thu,"(thực vật học) chín vào mùa thu, nở vào mùa thu","hết thời thanh xuân, bắt đầu xế chiều"
restart,'ri:'stɑ:t,"lại bắt đầu, lại khởi đầu",,
classifiable,,có thể phân loại được,,
outlier,"'aut,laiə","người nằm ngoài, cái nằm ngoài","(từ Mỹ,nghĩa Mỹ) người đứng ngoài (một tổ chức...), người tách khỏi nhóm...","(địa lý,địa chất) phần tách ngoài (tách ra khỏi phần chính)"
storied,'stɔ:rid,được ca ngợi thành truyện; có liên quan đến truyền thuyết; được truyền thuyết thêu dệt thêm,,
cornered,'kɔ:nəd,có góc,"bị dồn vào chân tường, bị dồn vào thế bí",
hater,heitə,"người căm thù, người căm ghét",,
unopened,'ʌn'oupənd,"không mở, bị đóng lại",,
cartoonist,kɑ:'tu:nist,"người vẽ tranh đả kích, người vẽ tranh biếm hoạ",,
presumptively,,xem presumptive,,
unanswerable,ʌn'ɑ:nsərəbl,"không trả lời lại được, không cãi lại được",không thể bác được,
realizable,'riəlaizəbl,có thể thực hiện được,"có thể hiểu được, có thể nhận thức được",
ager,,xem age,,
artfully,,"khéo léo, sắc sảo",,
contestation,",kɔntes'teiʃn","sự tranh cãi, sự tranh luận",điều tranh cãi,
legibility,",ledʤi'biliti","tính dễ đọc dễ xem, tính rõ ràng",,
computerization,,"(Tech) điện toán hóa, dùng máy điện toán",,
maya,,thế giới vật chất tri giác được (ấn Độ giáo cho nó là ảo tưởng che giấu sự tồn tại tuyệt đối),,
personae,,số nhiều,xem persona,
a,/ˈeɪ/,loại a,hạng nhất,hạng tốt nhất hạng rất tốt
an,/ˈæn/,(thông tục),,
another,/əˈnəðɝ/,khác,,
april,/ˈeɪpɹəɫ/,tháng tư,,
apron,/ˈeɪpɹən/,cái tạp dề,,
as,/ˈæz/,như,,
at,/ˈæt/,ở tại (chỉ vị trí),,
autumn,/ˈɔtəm/,mùa thu,,
banana,/bəˈnænə/,cây chuối,,
be,/ˈbi/,thì,là,
bee,/ˈbi/,con ong,,
bell,/ˈbɛɫ/,cái chuông,nhạc (ở cổ ngựa...),
beside,/ˌbiˈsaɪd/,bên,bên cạnh,
between,/bitˈwin/,giữa,ở giữa,
biscuit,/ˈbɪskət/,bánh quy,,
both,/ˈboʊθ/,cả hai,,
butterfly,/ˈbətɝˌfɫaɪ/,con bướm,,
by,/ˈbaɪ/,gần,cạnh,kế
chicken,/ˈtʃɪkən/,gà con,gà giò,
coke,/ˈkoʊk/,(thông tục) (như) coca,,
cousin,/ˈkəzən/,anh (chị) con bác,em con chú,anh (em) con cô con cậu ruột
cow,/ˈkaʊ/,bò cái,,
daddy,/ˈdædi/,ba,cha,bố
december,/dɪˈsɛmbɝ/,tháng mười hai,tháng chạp,
dig,/ˈdɪɡ/,sự đào,sự bới,sự xới
do,/ˈdu/,làm,thực hiện,
doll,/ˈdɑɫ/,diện,mặc quần áo đẹp,
drum,/ˈdɹəm/,cái trống,,
each,/ˈitʃ/,mỗi,,
eighty,/ˈeɪti/,tám mươi,,
every,/ˈɛvɝi/,mỗi,mọi,
false,/ˈfɔɫs/,sai,nhầm,
farmer,/ˈfɑɹmɝ/,người tá điền,người nông dân,
february,/ˈfɛbjəˌwɛɹi/,tháng hai,,
friday,/ˈfɹaɪˌdeɪ/,ngày thứ sáu,,
garden,/ˈɡɑɹdən/,vườn,,
go,/ˈɡoʊ/,sự đi,,
hamburger,/ˈhæmbɝɡɝ/,thịt băm viên,,
hat,/ˈhæt/,cái mũ ((thường) có vành),,
he,/ˈhi/,đàn ông,con đực,
hello,/həˈɫoʊ/,chào anh,,
her,/ˈhɝ/,nó,cô ấy,bà ấy
hi,/ˈhaɪ/,này,,
his,/ˈhɪz/,của nó,của hắn,của ông ấy
hobby,/ˈhɑbi/,thú riêng,sở thích riêng,
hometown,/ˈhoʊmˌtaʊn/,quê nhà,,
i,/ˈaɪ/,một (chữ số La mã),,
if,/ˈɪf/,nếu,nếu như,
in,/ˈɪn/,ở,tại,trong (nơi chốn
its,/ˈɪts/,của cái đó,của điều đó,của con vật đó*  đại từ sở hữu
jacket,/ˈdʒækət/,áo vét tông (đành ông),áo vét (đàn bà),
july,/ˌdʒuˈɫaɪ/,tháng bảy,,
kite,/ˈkaɪt/,cái diều,,
lady,/ˈɫeɪdi/,vợ,phu nhân,
lion,/ˈɫaɪən/,con sư tử,,
march,/ˈmɑɹtʃ/,March tháng ba,,
me,/ˈmi/,tôi,tao,tớ
monday,/ˈmənˌdeɪ/,ngày thứ hai,,
my,/ˈmaɪ/,của tôi*  thán từ,,
ninety,/ˈnaɪnti/,chín mươi,,
no,/ˈnoʊ/,không,,
november,/noʊˈvɛmbɝ/,tháng mười một,,
october,/ɑkˈtoʊbɝ/,tháng mười,,
of,/ˈəv/,của,,
on,/ˈɑn/,trên,ở trên,
opera,/ˈɑpɹə/,Opêra,,
or,/ˈɔɹ/,trước,trước khi*  liên từ,
palace,/ˈpæɫəs/,cung,điện,lâu đài
picnic,/ˈpɪkˌnɪk/,cuộc đi chơi và ăn ngoài trời,,
potato,/pəˈteɪˌtoʊ/,khoai tây,,
prince,/ˈpɹɪns/,hoàng tử,hoàng thân,ông hoàng
princess,/ˈpɹɪnsɛs/,nữ vương,,
rabbit,/ˈɹæbət/,con thỏ,,
sandwich,/ˈsæmwɪtʃ/,bánh xăngđuych,,
saturday,/ˈsæˌtɪˌdeɪ/,ngày thứ bảy,,
september,/sɛpˈtɛmbɝ/,tháng chín,,
shake,/ˈʃeɪk/,sự rung,sự lắc,sự giũ
sir,/ˈsɝ/,tơ,,
sixteen,/ˈsɪkˈstin/,mười sáu*  danh từ,,
snow,/ˈsnoʊ/,tuyết,,
so,/ˈsoʊ/,như thế,như vậy,
sofa,/ˈsoʊfə/,ghế xôfa,ghế trường kỷ,
son,/ˈsən/,con trai,,
soup,/ˈsup/,xúp,canh,cháo
stone,/ˈstoʊn/,đá,,
tea,/ˈti/,cây chè,,
temple,/ˈtɛmpəɫ/,đến,điện,miếu
tennis,/ˈtɛnəs/,quần vợt,,
that,/ˈðæt/,ấy,đó,kia
their,/ˈðɛɹ/,của chúng,của chúng nó,của họ
them,/ˈðɛm/,chúng,chúng nó,họ
these,/ˈðiz/,này,,
thursday,/ˈθɝzˌdeɪ/,ngày thứ năm (trong tuần lễ),,
tiger,/ˈtaɪɡɝ/,hổ,cọp,
to,/ˈtu/,đến,tới,về
tomato,/təˈmɑˌtoʊ/,cây cà chua,,
towel,/ˈtaʊəɫ/,khăn lau,khăn tắm,
toy,/ˈtɔɪ/,đồ chơi (của trẻ con),,
t-shirt,/ˈtiˌsɝt/,áo lót dệt kim ngắn tay,,
tuesday,/ˈtjuzˌdeɪ/,ngày thứ ba (trong tuần),,
turkey,/ˈtɝki/,gà tây,,
underline,/ˈəndɝˌɫaɪn/,đường gạch dưới (một chữ...),,
until,/ənˈtɪɫ/,cho đến,cho đến khi,
up,/ˈəp/,ở trên,lên trên,lên
us,/ˈəs/,chúng tôi,chúng ta,chúng mình
vase,/ˈvɑz/,bình,lọ,
we,/ˈwi/,chúng tôi,chúng ta,
when,/ˈhwɛn/,khi nào,hồi nào,lúc nào
which,/ˈhwɪtʃ/,nào (ngụ ý chọn lựa),,
who,/ˈhu/,ai,người nào,kẻ nào
whose,/ˈhuz/,của ai,,
why,/ˈhwaɪ/,tại sao,vì sao,
yogurt,/ˈjoʊɡɝt/,sữa chua,,
yourself,/ˈjɔɹsɛɫf/,tự anh,tự chị,chính anh
