word,pronunciation,meaning1,meaning2,meaning3
weather,/ˈweðər/,thời tiết,khí hậu tạm thời,tình hình trời
holiday,/ˈhɒlədeɪ/,kỳ nghỉ,ngày lễ,ngày nghỉ
travel,/ˈtrævl/,du lịch,đi du lịch,đi lại
hospital,/ˈhɒspɪtl/,bệnh viện,nơi khám bệnh,viện
restaurant,/ˈrestrɒnt/,nhà hàng,quán ăn,tiệm ăn
birthday,/ˈbɜːrθdeɪ/,sinh nhật,ngày sinh,ngày ra đời
neighbor,/ˈneɪbər/,hàng xóm,người ở gần,láng giềng
borrow,/ˈbɒroʊ/,mượn,vay,vay mượn
lend,/lend/,cho mượn,cho vay,cho vay mượn
arrive,/əˈraɪv/,đến,đến nơi,tới nơi
leave,/liːv/,rời đi,để lại,khởi hành
remember,/rɪˈmembər/,nhớ,ghi nhớ,nhớ lại
forget,/fərˈɡet/,quên,quên mất,bỏ quên
difficult,/ˈdɪfɪkəlt/,khó,khó khăn,gian nan
easy,/ˈiːzi/,dễ,dễ dàng,đơn giản
important,/ɪmˈpɔːrtnt/,quan trọng,trọng yếu,thiết yếu
dangerous,/ˈdeɪndʒərəs/,nguy hiểm,rủi ro,gây hại
healthy,/ˈhelθi/,khỏe mạnh,lành mạnh,tốt cho sức khỏe
exercise,/ˈeksərsaɪz/,tập thể dục,bài tập,vận động
delicious,/dɪˈlɪʃəs/,ngon,thơm ngon,ngon miệng
expensive,/ɪkˈspensɪv/,đắt,đắt đỏ,giá cao
cheap,/tʃiːp/,rẻ,giá rẻ,bình dân
crowded,/ˈkraʊdɪd/,đông đúc,chật chội,đông người
quiet,/ˈkwaɪət/,yên tĩnh,im lặng,tĩnh lặng
noisy,/ˈnɔɪzi/,ồn ào,ầm ĩ,náo nhiệt
comfortable,/ˈkʌmftəbl/,thoải mái,dễ chịu,tiện nghi
decision,/dɪˈsɪʒn/,quyết định,sự quyết định,sự lựa chọn
opinion,/əˈpɪnjən/,ý kiến,quan điểm,nhận định
environment,/ɪnˈvaɪrənmənt/,môi trường,hoàn cảnh xung quanh,sinh cảnh
experience,/ɪkˈspɪəriəns/,kinh nghiệm,trải nghiệm,sự từng trải
been,bi:,"thì, là","có, tồn tại, ở, sống","trở nên, trở thành"
will,wil,"ý chí, chí, ý định, lòng","sự hăng say; sự quyết chí, sự quyết tâm","nguyện vọng, ý muốn; ý thích"
can,kæn,"bình, bi đông, ca (đựng nước)","vỏ đồ hộp, hộp đồ hộp","(từ Mỹ,nghĩa Mỹ) ghế đẩu, ghế ngồi ở nhà tiêu"
other,'ʌðə,khác,kia,(xem) every
such,sʌtʃ,"như thế, như vậy, như loại đó","thật là, quả là",đến nỗi
said,sei,"(từ hiếm,nghĩa hiếm) vải chéo","lời nói, tiếng nói; dịp nói; quyền ăn nói (quyền tham gia quyết định về một vấn đề)",tuyên bố; hứa hẹn; tiên đoán
state,steit,"trạng thái, tình trạng",địa vị xã hội,(thông tục) sự lo lắng
made,meid,"làm, hoàn thành, thực hiện",,
shall,"ʃæl, ʃəl, ʃl",(dùng ở ngôi 1 số ít và số nhiều để cấu tạo thời tương lai) sẽ,"(dùng ở ngôi 2 và ngôi 3 số ít và số nhiều để chỉ sự hứa hẹn, sự cảnh cáo, sự quyết định, sự cần thiết, nhiệm vụ phải làm...) thế nào cũng sẽ, nhất định sẽ phải","(dùng ở ngôi 2 trong câu hỏi vì người hỏi chắc mầm trong câu trả lời sẽ có shall) chắc sẽ, hẳn là sẽ"
used,ju:zd,"thường dùng, đang dùng","cũ, đ  dùng rồi (đồ vật)",quen
part,pɑ:t,"phần, bộ phận, tập (sách)",bộ phận cơ thể,"phần việc, nhiệm vụ"
even,'i:vən,"chiều, chiều hôm",bằng phẳng,"ngang bằng, ngang"
system,'sistim,hệ thống; chế độ,phương pháp,(the system) cơ thể
however,hau'evə,"dù đến đâu, dù cách nào, dù cách gì","tuy nhiên, tuy thế, tuy vậy",
government,'gʌvnmənt,"sự cai trị, sự thống trị","chính phủ, nội các",chính quyền
most,moust,"lớn nhất, nhiều nhất","hầu hết, phần lớn, đa số",(xem) part
law,lɔ:,"phép, phép tắc, luật; quy luật, định luật; điều lệ","pháp luật, luật",luật học; nghề luật sư
act,ækt,"hành động, việc làm, cử chỉ, hành vi",đạo luật,chứng thư
court,kɔ:t,sân nhà,toà án; quan toà; phiên toà,cung diện (vua); triều đình; quần thần; buổi chầu
use,ju:s,sự dùng; cách dùng,"quyền dùng, quyền sử dụng",năng lực sử dụng
company,'kʌmpəni,sự cùng đi; sự cùng ở; sự có bầu có bạn,"khách, khách khứa","bạn, bè bạn"
given,'givn,"đề ngày (tài liệu, văn kiện)",nếu,đã quy định; (toán học) đã cho
power,'pauə,"khả năng, tài năng, năng lực","sức, lực, sức mạnh","quyền, chính quyền, quyền hạn, quyền lực, quyền thế, thế lực, uy quyền"
university,",ju:ni'və:siti",trường đại học,tập thể (của một) trường đại học,đội đại học (đội thể thao của một trường đại học)
research,ri'sə:tʃ,sự nghiên cứu,nghiên cứu,
still,stil,"im, yên, tĩnh mịch","làm thinh, nín lặng","không sủi bọt (rượu, bia...)"
might,mait,"sức mạnh, lực (thân thể hoặc tinh thần)",,
committee,kə'miti,uỷ ban,,
area,'eəriə,"diện tích, bề mặt","vùng, khu vực",khoảng đất trống
fact,fækt,"việc, sự việc",sự thật,sự kiện
value,'vælju:,giá trị,"(thương nghiệp); (tài chính) giá cả, giá",(vật lý) năng suất
education,",edju:'keiʃn","sự giáo dục, sự cho ăn học",sự dạy (súc vật...),sự rèn luyện (kỹ năng...)
last,lɑ:st,"khuôn giày, cốt giày",không dính vào những chuyện mà mình không biết,"lát (đơn vị đo trọng tải của tàu thuỷ, bằng 2000 kg)"
control,kən'troul,"quyền hành, quyền lực, quyền chỉ huy","sự điều khiển, sự lái, sự cầm lái","sự kiềm chế, sự nén lại"
report,ri'pɔ:t,bản báo cáo; biên bản,"bản tin, bản dự báo; phiếu thành tích học tập (hằng tháng hoặc từng học kỳ của học sinh)",tin đồn
few,fju:,ít vải,"(a few) một vài, một ít","ít, số ít, vài"
study,'stʌdi,sự học tập; sự nghiên cứu,đối tượng nghiên cứu,"sự chăm chú, sự chú ý"
interest,'intrist,"sự quan tâm, sự chú ý; điều quan tâm, điều chú ý",sự thích thú; điều thích thú,tầm quan trọng
possible,'pɔsəbl,"có thể, có thể được, có thể làm được, có thể xảy ra","có thể chơi (với) được, có thể chịu đựng được",sự có thể
country,'kʌntri,"nước, quốc gia","đất nước, tổ quốc, quê hương, xứ sở",nhân dân (một nước)
certain,'sə:tn,"chắc, chắc chắn",nào đó,"đôi chút, chút ít"
effect,i'fekt,kết quả,"hiệu lực, hiệu quả, tác dụng","tác động, ảnh hưởng; ấn tượng"
rate,reit,tỷ lệ,tốc độ,"giá, suất, mức (lương...)"
several,'sevrəl,vài,"riêng, cá nhân; khác nhau",vài
taken,teik,"sự cầm, sự nắm, sự lấy","chầu, mẻ (số lượng săn được, câu được, bắt được)","tiền thu (trong buổi hoà nhạc, diễn kịch)"
local,'loukəl,địa phương,"bộ phận, cục bộ",(toán học) (thuộc) quỹ tích
production,production,"sự đưa ra, sự trình bày","sự sản xuất, sự chế tạo",sự sinh
national,'neiʃənl,(thuộc) dân tộc,(thuộc) quốc gia,chính phủ liên hiệp
figure,'figə,hình dáng,(toán học) hình,"hình ảnh, hình vẽ minh hoạ ((viết tắt) fig); vật tượng trưng, vật điển hình, vật giống"
necessary,'nesisəri,"cần, cần thiết, thiết yếu","tất nhiên, tất yếu",những thứ cần dùng
air,eə,"không khí, bầu không khí; không gian, không trung",(hàng không) máy bay; hàng không,làn gió nhẹ
therefore,'ðeəfɔ:,"bởi vậy, cho nên, vì thế, vậy thì",,
following,'fɔlouiɳ,"sự theo, sự noi theo","số người theo, số người ủng hộ","(the following) những người sau đây, những thứ sau đây"
others,,đại từ,những người khác; những vật khác,(the others) những người hoặc vật còn lại trong một nhóm; những người/vật khác/kia
rather,'rɑ:ðə,"thà... hơn, thích... hơn","đúng hơn, hơn là","phần nào, hơi, khá"
chapter,'tʃæps,chương (sách),"đề tài, vấn đề",(tôn giáo) tăng hội
level,'levl,"ống bọt nước, ống thuỷ","mức, mực; mặt","(nghĩa bóng) trình độ, vị trí, cấp, mức ngang nhau"
far,fɑ:,"xa, xa xôi, xa xăm",(xem) cry,xa
evidence,'evidəns,"tính hiển nhiên; tính rõ ràng, tính rõ rệt","(pháp lý) chứng, chứng cớ, bằng chứng",dấu hiệu; chứng chỉ
held,hould,khoang (của tàu thuỷ),"sự cầm, sự nắm giữ, sự nắm chặt","(nghĩa bóng) sự nắm được, sự hiểu thấu"
going,'gouiɳ,sự ra đi,"trạng thái đường sá (xấu, tốt...); việc đi lại",tốc độ (của xe lửa...)
society,sə'saiəti,xã hội,lối sống xã hội,tầng lớp thượng lưu; tầng lớp quan sang chức trọng
provide,provide,"((thường) + for,  against) chuẩn bị đầy đủ, dự phòng","((thường) + for) cung cấp, chu cấp, lo cho cái ăn cái mặc cho; lo liệu cho","((thường) + with,  for,  to) cung cấp, kiếm cho"
cost,kɔst,giá,"chi phí, phí tổn","sự phí (thì giờ, sức lực)"
political,pə'litikə,chính trị,"(thuộc) việc quản lý nhà nước, (thuộc) chính quyền",cán sự (của chính quyền)
less,les,"nhỏ hơn, bé hơn, ít hơn, kém",mong anh không gầy đi,"nhỏ hơn, bé hơn, ít hơn, không bằng, kém"
position,pə'ziʃn,"vị trí, chỗ (của một vật gì)",(quân sự) vị trí,thế
trade,treid,"nghề, nghề nghiệp","thương nghiệp, thương mại, sự buôn bán, mậu dịch",ngành buôn bán; những người trong ngành buôn bán
done,dʌn,"xong, hoàn thành, đã thực hiện","mệt lử, mệt rã rời",đã qua đi
shown,ʃou,sự bày tỏ,sự trưng bày; cuộc triển lãm,"sự phô trương, sự khoe khoang"
cent,sent,đồng xu (bằng 1 qoành 00 đô la),(xem) care,
low,lou,tiếng rống (trâu bò),rống (trâu bò),ngọn lửa
association,"ə,sousi'eiʃn","sự kết hợp, sự liên hợp, sự liên kết; sự liên đới","sự kết giao, sự giao thiệp",sự liên tưởng
common,'kɔmən,"chung, công, công cộng","thường, thông thường, bình thường, phổ biến, phổ thông",tầm thường; thô tục
nature,'neitʃə,"tự nhiên, thiên nhiên, tạo hoá",trạng thái tự nhiên; trạng thái nguyên thuỷ,"tính, bản chất, bản tính"
material,mə'tiəriəl,vật chất,"(thuộc) thân thể, (thuộc) xác thịt","hữu hình, cụ thể, thực chất"
method,'meθəd,"phương pháp, cách thức",thứ tự; hệ thống,(đùa cợt) cứ bán cái điên của nó đi mà ăn
market,'mɑ:kit,chợ,"thị trường, nơi tiêu thụ; khách hàng",giá thị trường; tình hình thị trường
human,'hju:mən,"(thuộc) con người, (thuộc) loài người","có tính người, có tình cảm của con người",con người
right,rait,"điều tốt, điều phải, điều đứng đắn; điều thiện",quyền,quyền lợi
took,teik,"sự cầm, sự nắm, sự lấy","chầu, mẻ (số lượng săn được, câu được, bắt được)","tiền thu (trong buổi hoà nhạc, diễn kịch)"
view,vju:,"sự nhìn, sự thấy, tầm nhìn, tầm mắt","cái nhìn thấy, cảnh, quang cảnh","dịp được xem, cơ hội được thấy"
member,'membə,"(sinh vật học) chân, tay, chi",bộ phạn (của một toàn thể),"thành viên, hội viên"
south,sauθ,"hướng nam, phương nam, phía nam",miền nam,gió nam
similar,'similə,"giống nhau, như nhau, tương tự",(toán học) đồng dạng,"vật giống, vật tương tự"
secretary,'sekrətri,"thư ký, bí thư","bộ trưởng, tổng trưởng","(từ Mỹ,nghĩa Mỹ) (như) secretaire"
left,left,trái; tả,"về phía trái, về phía tả","phía trái, phía tả"
need,ni:d,sự cần,"tình cảnh túng thiếu; lúc khó khăn, lúc hoạn nạn",thứ cần dùng nhu cầu
received,,được thừa nhận rộng rãi là đúng,,
making,'meikiɳ,"sự làm, sự chế tạo; cách làm, cách chế tạo","sự tiến bộ, sự thành công, sự lớn lên; nguyên nhân tiến bộ, nguyên nhân thành công","(số nhiều) đức tính, tài năng; yếu tố"
death,deθ,sự chết; cái chết,"sự tiêu tan, sự tan vỡ, sự kết liễu, sự chấm dứt","(thông tục) thạo bắn (thú, chim...); thạo, giỏi, cừ (về cái gì...)"
model,moud,"kiểu, mẫu, mô hình","(nghĩa bóng) người làm gương, người gương mẫu",(thông tục) người giống hệt; vật giống hệt
purpose,'pə:pəs,"mục đích, ý định","chủ định, chủ tâm","ý nhất định, tính quả quyết"
early,'ə:li,"sớm, ban đầu, đầu mùa",gần đây,"sớm, ở lúc ban đầu, ở đầu mùa"
force,fɔ:s,thác nước,"sức, lực, sức mạnh","vũ lực, quyền lực; sự bắt buộc"
include,in'klu:d,"bao gồm, gồm có","tính đến, kể cả",
major,'meidʤə,(quân sự) thiếu tá (lục quân),"(từ Mỹ,nghĩa Mỹ) con trai đến tuổi thành niên (21 tuổi)",chuyên đề (của một sinh viên)
thought,ðou,"sự suy nghĩ, sự ngẫm nghĩ, sự nghĩ ngợi, sự trầm tư","ý nghĩ, tư tưởng","ý, ý, kiến, ý định, ý muốn"
support,sə'pɔ:t,sự ủng hộ,người ủng hộ,"người nhờ cậy, nơi nương tựa, cột trụ (của gia đình...); nguồn sinh sống"
oil,ɔil,dầu,(số nhiều) tranh sơn dầu,"(thông tục) sự nịnh nọt, sự phỉnh nịnh"
higher,,"cao hơn, có cấp cao hơn",,
knowledge,'nɔlidʤ,sự biết,"sự nhận biết, sự nhận ra",sự quen biết
north,nɔ:θ,"hướng bắc, phương bắc, phía bắc",miền bắc,gió bấc
whole,houl,"bình an vô sự, không suy suyển, không hư hỏng","đầy đủ, nguyên vẹn, nguyên chất, trọn vẹn, toàn bộ","(từ cổ,nghĩa cổ) khoẻ mạnh"
population,",pɔpju'leiʃn",số dân,(the population) dân cư,
west,west,"hướng tây, phưng tây, phía tây",miền tây,"(the West) phưng tây, các nước phưng tây; miền tây nước Mỹ; miền tây nước Anh; xứ Ê-cốt, xứ Ai-len"
account,ə'kaunt,sự tính toán,"sự kế toán; sổ sách, kế toán","bản kê khai; bản thanh toán tiền, bản ghi những món tiền phải trả"
structure,'strʌktʃə,"kết cấu, cấu trúc","công trình kiến trúc, công trình xây dựng",
addition,ə'diʃn,(toán học) tính cộng; phép cộng; sự cộng lại,"sự thêm, phần thêm",
capital,'kæpitl,"thủ đô, thủ phủ",chữ viết hoa,"tiền vốn, tư bản"
ever,'evə,"bao giờ; từ trước đến giờ; hàng, từng","luôn luôn, mãi mãi",(thông tục) nhỉ
single,'siɳgl,"đơn, đơn độc, một mình, chỉ một","đơn độc, cô đơn, không vợ, không chồng, ở vậy","một, dù là một"
training,'treiniɳ,"sự dạy dỗ, sự rèn luyện; sự đào tạo","(thể dục,thể thao) sự tập dượt",sự uốn cây
plant,plɑ:nt,"thực vật, cây (nhỏ)",sự mọc,"dáng đứng, thế đứng"
especially,is'peʃəli,"đặc biệt là, nhất là",,
specific,spi'sifik,"dứt khoát, rành mạch, rõ ràng",(thuộc) loài,"đặc trưng, riêng biệt"
perhaps,"pə'hæps, (Àthtục) præps","có lẽ, có thể",,
statement,'steitmənt,"sự bày tỏ, sự trình bày, sự phát biểu",lời tuyên bố; bản tuyên bố,
center,'sentə,"(từ Mỹ,nghĩa Mỹ) (như) centre",,
private,private,"riêng, tư, cá nhân","riêng, mật, kín","xa vắng, khuất nẻo, hẻo lánh (chỗ, nơi)"
space,'speis,"không gian, không trung, khoảng không","khoảng, chỗ",khoảng cách
quite,kwait,"hoàn toàn, hầu hết, đúng là",khá,"đúng, đồng ý, phải (trong câu đáp)"
gas,gæs,khí,"khí thắp, hơi đốt",khí tê (dùng khi chữa răng) ((cũng) laughing gas)
quality,'kwɔliti,"chất, phẩm chất","phẩm chất ưu tú, tính chất hảo hạng","đặc tính, nét đặc biệt; năng lực, tài năng"
probably,,hầu như chắc chắn,,
clear,kliə,"trong, trong trẻo, trong sạch","sáng sủa, dễ hiểu","thông trống, không có trở ngại (đường xá)"
sense,sens,giác quan,"tri giác, cảm giác",ý thức
further,'fə:ðə,"xa hơn nữa, bên kia","thêm nữa, hơn nữa",xa hơn nữa
road,roud,con đường,"(từ Mỹ,nghĩa Mỹ) đường sắt",đường phố
source,sɔ:s,"nguồn sông, nguồi suối","nguồn, nguồn gốc",nhàn cư vi bất tiện
range,reindʤ,"dãy, hàng","phạm vị, lĩnh vực; trình độ",loại
additional,ə'diʃənl,"thêm vào, phụ vào, tăng thêm",,
title,'taitl,tên (sách); nhan đề,tước; danh hiệu,"tư cách, danh nghĩa"
established,is'tæbliʃt,"đã thành lập, đã thiết lập",đã được đặt (vào một địa vị),đã xác minh (sự kiện...)
pressure,'preʃə,"sức ép, áp lực ((nghĩa đen) & (nghĩa bóng)), áp suất","sự đè nặng, sự ép buộc, sự thúc bách; cảnh quẩn bách","sự vội vã, sự cấp bách, sự gấp, sự khẩn cấp"
reported,ri'pɔ:tid,(ngôn ngữ học) gián tiếp,,
temperature,'tempritʃə,nhiệt độ,,
natural,'nætʃrəl,"(thuộc) tự nhiên, (thuộc) thiên nhiên","(thuộc) thiên tính; bẩm sinh, trời sinh","tự nhiên, đương nhiên, tất nhiên, dĩ nhiên"
performance,pə'fɔ:məns,sự làm; sự thực hiện; sự thi hành (lệnh...); sự cử hành (lễ...); sự hoàn thành (nhiệm vụ),"việc diễn, việc đóng (phim, kịch...); cuộc biểu diễn",kỳ công
issue,'isju:,sự phát ra; sự phát hành; sự đưa ra,số báo (in ra); số lượng cho ra (tem...),"vấn đề (đang tranh câi, đang kiện cáo...); vấn đề chín muồi (có thể quyết định)"
international,",intə'næʃənl",quốc tế,(thuộc) tổ chức quốc tế cộng sản,vận động viên trình độ quốc tế
century,'sentʃuri,"trăm năm, thế kỷ",trăm (cái gì đó...),"(từ Mỹ,nghĩa Mỹ),  (thông tục) trăm đô la"
situation,",sitju'eiʃn","vị trí, địa thế","tình thế, tình cảnh, hoàn cảnh, trạng thái","chỗ làm, việc làm"
director,di'rektə,"giám đốc, người điều khiển, người chỉ huy",(sử học) quan đốc chính (hồi cách mạng Pháp),(tôn giáo) cha đạo
unit,'ju:nit,"một, một cái",đơn vị,
included,in'klu:did,"bao gồm cả, kể cả",(thực vật học) không thò ra (nhị hoa),
condition,kən'diʃn,điều kiện,"(số nhiều) hoàn cảnh, tình cảnh, tình thế","địa vị, thân phận"
enough,i'nʌf,"đủ, đủ dùng","sự đủ dùng, số đủ dùng, lượng đủ dùng","chịu thua, xin hàng"
third,θə:d,thứ ba,một phần ba,người thứ ba; vật thứ ba; ngày mồng ba
attention,ə'tenʃn,sự chú ý,sự chăm sóc,"(số nhiều) sự ân cần, sự chu đáo với ai"
normal,'nɔ:məl,"thường, thông thường, bình thường",tiêu chuẩn; ((toán học)) chuẩn tác,(toán học) trực giao
chairman,'tʃeəmən,chủ tịch; người chủ toạ (buổi họp),người cho thuê ghế lăn; người đẩy ghế lăn,"(từ cổ,nghĩa cổ) người khiêng kiệu"
continued,,liên tục,,
lord,lɔ:d,"chủ đề, chúa tể, vua",vua (tư bản độc quyền nắm một ngành công nghiệp nào),"Chúa,  Thiên chúa"
felt,felt,"nỉ, phớt","(định ngữ) bằng nỉ, bằng dạ, bằng phớt",kết lại thành nỉ; kết lại với nhau
product,product,"sản vật, sản phẩm, vật phẩm",kết quả,(toán học) tích
staff,stɑ:f,"gậy, ba toong",gậy quyền (gậy biểu thị chức vị quyền lực),"cán, cột"
significant,sig'nifikənt,"đầy ý nghĩa, có tính chất gợi ý","quan trọng, trọng đại, đáng chú ý",
solution,sə'lu:ʃn,sự hoà tan,dung dịch,"giải pháp, cách giải quyết"
complete,kəm'pli:t,"đầy đủ, trọn vẹn, hoàn toàn","hoàn thành, xong","(từ cổ,nghĩa cổ) hoàn toàn, toàn diện (người)"
agency,'eidʤənsi,"tác dụng, lực","sự môi giới, sự trung gian","(thương nghiệp) đại lý, phân điểm, chi nhánh"
average,'ævəridʤ,"số trung bình, mức trung bình; sự ước lượng trung bình","loại trung bình, tiêu chuẩn bình thường",(thương nghiệp) sự chia số thiệt hại (về tàu bè hoặc hàng hoá chở trên tàu bè) do tai nạn (giữa chủ tàu và hãng bảo hiểm)
recent,'ri:snt,"gần đây, xảy ra gần đây, mới đây, mới xảy ra","mới, tân thời",
original,ə'ridʤənl,"(thuộc) gốc, (thuộc) nguồn gốc, (thuộc) căn nguyên, đầu tiên",(thuộc) nguyên bản chính,độc đáo
blood,blʌd,"máu, huyết",nhựa (cây); nước ngọt (hoa quả...),"sự tàn sát, sự chém giết, sự đổ máu"
final,'fainl,cuối cùng,"quyết định, dứt khoát, không thay đổi được nữa",(triết học); (ngôn ngữ học) (thuộc) mục đích
defendant,di'fendənt,"(pháp lý) người bị kiện, người bị cáo","(định ngữ) bị kiện, bị cáo",
response,ris'pɔns,sự trả lời,"sự đáp lại, sự hưởng ứng",sự phản ứng lại; vận động phản ứng lại (khi bị kích thích...)
produced,,dài quá đáng,,
taking,'teikiɳ,"sự cầm, sự lấy, sự chiếm lấy",(số nhiều) tiền thu,(y học) sự lấy (máu)
physical,'fizikəl,(thuộc) vật chất,(thuộc) khoa học tự nhiên; theo quy luật khoa học tự nhiên,(thuộc) vật lý; theo vật lý
direct,di'rekt,"gửi, viết để gửi cho (ai), viết cho (ai); nói với (ai), nói để nhắn (ai)",hướng nhắm (về phía...),"chỉ đường; hướng dẫn, chỉ đạo, chi phối"
finally,'fainəli,"cuối cùng, sau cùng",dứt khoát,
degree,di'gri:,"mức độ, trình độ","địa vị, cấp bậc (trong xã hội)",độ
military,'militəri,"(thuộc) quân đội, (thuộc) quân sự","(thường) the military quân đội, bộ đội",
consider,kən'sidə,"cân nhắc, xem xét, suy xét, suy nghĩ","để ý đến, quan tâm đến, lưu ý đến","xem như, coi như"
sent,send,"gửi, sai, phái, cho đi ((cũng) scend)","cho, ban cho, phù hộ cho, giáng (trời,  Thượng đế...)","bắn ra, làm bốc lên, làm nẩy ra, toả ra"
appear,ə'piə,"xuất hiện, hiện ra, ló ra",trình diện; ra mắt,được xuất bản (sách)
discussion,dis'kʌʃn,"sự thảo luận, sự bàn cãi, sự tranh luận; cuộc thảo luận, cuộc bàn cãi, cuộc tranh luận","sự ăn uống ngon lành thích thú (món ăn, rượu)",
instead,in'sted,"để thay vào, để thế cho; đáng lẽ là",,
east,i:st,"hướng đông, phương đông, phía đông",miền đông,gió đông
understand,",ʌndə'stænd","hiểu, nắm được ý, biết",hiểu ngầm (một từ không phát biểu trong câu),
appropriate,ə'proupriit,"(+ to,  for) thích hợp, thích đáng","chiếm hữu, chiếm đoạt (làm của riêng)",dành riêng (để dùng vào việc gì)
weight,'weit,"trọng lượng, sức nặng",cái chặn (giấy...),qu cân
basic,'beisik,"cơ bản, cơ sở",(hoá học) (thuộc) bazơ,
wanted,'wɔntid,"cần, được cần đến, được yêu cầu, được đòi hỏi","bị tìm bắt, bị truy nã",
direction,di'rekʃn,"sự điều khiển, sự chỉ huy, sự cai quản","((thường) số nhiều) lời chỉ bảo, lời hướng dẫn, chỉ thị, huấn thị","phương hướng, chiều, phía, ngả"
passed,,"hợp qui cách (thi cử, ứng tuyển)",,
indeed,in'di:d,"thực vậy, thực mà, quả thực, thực lại là","thực vậy ư, thế à, vậy à, thế",
base,beis,"cơ sở, nền, nền tảng, nền móng","đáy, chấn đế",căn cứ
simple,'simpl,"đơn, đơn giản","giản dị, mộc mạc, xuềnh xoàng, bình dị, hồn nhiên","dễ hiểu, dễ làm"
author,'ɔ:θə,tác giả,"người tạo ra, người gây ra",(tôn giáo) đảng sáng tạo (Chúa)
lost,lu:z,mất không còn nữa,"mất, mất hút, không thấy nữa; lạc, thất lạc","bỏ lỡ, bỏ uổng, bỏ qua"
wide,waid,"rộng, rộng lớn","mở rộng, mở to","(nghĩa bóng) rộng, uyên bác (học vấn)"
applied,ə'plaid,ứng dụng,,
importance,im'pɔ:təns,"sự quan trọng, tầm quan trọng","quyền thế, thế lực",
text,tekst,"nguyên văn, nguyên bản","bản văn, bài đọc, bài khoá","đề, đề mục, chủ đề"
medical,'medikəl,"y, y học",(thuộc) khoa nội,(thông tục) học sinh trường y
credit,'kredit,"sự tin, lòng tin","danh tiếng; danh vọng, uy tín",nguồn vẻ vang; sự vẻ vang
notice,'noutis,"thông tri, yết thị, thông cáo",lời báo trước; sự báo trước; thời hạn,"đoạn ngắn, bài ngắn (trên báo; để thông báo, để bình phẩm một cuốn sách, một vở kịch)"
modern,'mɔdən,hiện đại,cận đại,"người cận đại, người hiện đại"
exchange,iks'tʃeindʤ,"sự đổi, sự đổi chác, sự trao đổi; vật trao đổi",sự đổi tiền; nghề đổi tiền; sự hối đoái; cơ quan hối đoái,sự thanh toán nợ bằng hối phiếu
proper,proper,"đúng, thích đáng, thích hợp","đúng, đúng đắn, chính xác","((thường) đặt sau danh từ) thật sự, đích thực, đích thị, đích thân, bản thân"
clearly,'kliəli,"rõ ràng, sáng sủa, sáng tỏ","cố nhiên, hẳn đi rồi (trong câu trả lời)",
likely,'laikli,"chắc đúng, có lẽ đúng, có lẽ thật",có thể,"thích hợp, đúng với"
simply,'simpli,chỉ là; thường là,đơn giản,mộc mạc; hồn nhiên
actually,'æktjuəli,"thực sự, quả thật, đúng, quả là","hiện tại, hiện thời, hiện nay",ngay cả đến và hơn thế
seem,si:m,"có vẻ như, dường như, coi bộ",vì một lý do nào đó (nên) không...,được ai cho là giải pháp tốt nhất
influence,'influəns,"ảnh hưởng, tác dụng","uy thế, thế lực",người có ảnh hưởng; điều có ảnh hưởng; điều có tác dụng
nearly,'niəli,"gần, sắp, suýt","mặt thiết, sát",
heat,hi:t,"hơi nóng, sức nóng; sự nóng",(vật lý) nhiệt,"sự nóng bức, sự nóng nực"
continue,kən'tinju:,"tiếp tục, làm tiếp","giữ, duy trì","vẫn cứ, tiếp diễn"
earth,ə:θ,"đất, đất liền, mặt đất (đối lại với trời); quả đất",(hoá học) đất,"hang (cáo, chồn...)"
call,kɔ:l,"tiếng kêu, tiếng la, tiếng gọi",tiếng chim kêu; tiếng bắt chước tiếng chim,"kèn lệnh, trống lệnh, còi hiệu"
voice,vɔis,"tiếng, tiếng nói, giọng nói ((nghĩa đen) & (nghĩa bóng))","ý kiến; lời, lời nói; sự bày tỏ, sự phát biểu",(ngôn ngữ học) âm kêu
opportunity,",ɔpə'tju:niti","cơ hội, thời cơ","(từ hiếm,nghĩa hiếm) tính chất đúng lúc",
apply,ə'plai,"gắn vào, áp vào, ghép vào, đính vào, đắp vào, tra vào","dùng ứng dụng, dùng áp dụng","chăm chú, chuyên tâm"
amendment,ə'mendmənt,sự cải tà quy chánh,sự sửa đổi cho tốt hơn; sự cải thiện; sự bồi bổ cho tốt hơn,"sự sửa đổi, sự bổ sung (chỗ thiếu sót, sai lầm...)"
behavior,,"(Tech) cách xử lý, chế độ; hành vi, trạng thái",,
contact,kɔntækt,"sự chạm, sự tiếp xúc",(toán học) tiếp điểm,"(điện học) sự cho tiếp xúc; chỗ tiếp xúc (hai dòng điện); cái ngắt điện, cái công tắc ((cũng) contact piece)"
lot,lɔt,"thăm, việc rút thăm; sự chọn bằng cách rút thăm",phần do rút thăm định; phần tham gia,"số, phận, số phận, số mệnh"
nation,'neiʃn,dân tộc,"nước, quốc gia",
police,pə'li:s,"cảnh sát, công an (lực lượng, tổ chức...)","(dùng như số nhiều) những người cảnh sát, những người công an",khống chế (kiểm soát) (một vùng...) bằng lực lượng cảnh sát (công an)
hold,hould,khoang (của tàu thuỷ),"sự cầm, sự nắm giữ, sự nắm chặt","(nghĩa bóng) sự nắm được, sự hiểu thấu"
needs,'ni:dz,(tục ngữ) túng phải tính,,
produce,produce,sản lượng,"sản vật, sản phẩm",kết quả
sample,'sɑ:mpl,"mẫu, mẫu hàng","lấy mẫu, đưa mẫu",thử
strength,'streɳθ,"sức mạnh, sức lực, sức khoẻ","độ đậm, nồng độ; cường độ",số lượng đầy đủ (của một tập thể...)
ability,ə'biliti,"năng lực, khả năng (làm việc gì)","(số nhiều) tài năng, tài cán",thẩm quyền
return,ri'tə:n,"sự trở lại, sự trở về, sự quay trở lại",vé khứ hồi ((cũng) return ticket),"sự gửi trả lại, sự trả lại (một vật gì); vật được trả lại"
plaintiff,'pleintif,"(pháp lý) nguyên đơn, người đứng kiện",,
front,frʌnt,(thơ ca) cái trán,cái mặt,"đằng trước, phía trước; mặt trước (nhà...); (thông tục) bình phong ((nghĩa bóng))"
receive,ri'si:v,"nhận, lĩnh, thu","tiếp, tiếp đón, tiếp đãi","kết nạp (ai vào một tổ chức), tiếp thu, tiếp nhận (một đề nghị...)"
patient,'peiʃənt,"kiên nhẫn, nhẫn nại, bền chí",chịu đựng một cách kiên nhẫn,"có thể nhận, phù hợp với"
success,sək'ses,"sự thành công, sự thắng lợi","người thành công, người thành đạt (trong một việc gì); thí sinh trúng tuyển","(từ hiếm,nghĩa hiếm) kết quả"
effort,'efət,"sự cố gắng, sự ráng sức; sự cố thử làm",sự ra tay,kết quả đạt được (của sự cố gắng)
description,dis'kripʃn,"sự tả, sự diễn tả, sự mô tả, sự miêu tả","diện mạo, tướng mạo, hình dạng","sự vạch, sự vẽ (hình)"
impact,'impækt,"sự va chạm, sự chạm mạnh; sức va chạm","tác động, ảnh hưởng","(+ in,  into) đóng chặt vào, lèn chặt vào, nêm chặt vào"
longer,'lɔɳgə,"nữa, hơn nữa, lâu hơn nữa",,
develop,di'veləp,"trình bày, bày tỏ, thuyết minh (luận điểm, vấn đề...)","phát triển, mở mang, mở rộng, khuếch trương, làm cho phát đạt",khai thác
increasing,in'kri:siɳ,"ngày càng tăng, tăng dần",,
certainly,'sə:tnli,"chắc, nhất định","hẳn thế, hẳn đi, hẳn là thế, tất nhiên, dĩ nhiên (dùng trong câu trả lời)",
allow,ə'lau,cho phép để cho,"thừa nhận, công nhận, chấp nhận","cho, cấp cho, trợ cấp, cấp phát"
fully,'fuli,"đầy đủ, hoàn toàn",,
forest,'fɔrist,rừng,(pháp lý) rừng săn bắn,trồng cây ở; biến thành rừng; trồng cây gây rừng
recently,'ri:sntli,"gần đây, mới đây",,
decided,di'saidid,"đã được giải quyết, đã được phân xử",đã được quyết định,"kiên quyết, không do dự, dứt khoát"
born,bɔ:n,"bẩm sinh, đẻ ra đã là","thậm, chí, hết sức",suốt đời
truth,tru:θ,"sự thật, lẽ phải, chân lý","sự đúng đắn, sự chính xác","tính thật thà, lòng chân thật"
communication,"kə,mju:ni'keiʃn","sự truyền đạt, sự thông tri, sự thông tin; tin tức truyền đạt; thông báo","sự giao thiệp, sự liên lạc","sự giao thông, sự thông nhau"
try,trai,"sự thử, sự làm thử","thử, thử xem, làm thử",dùng thử
budget,'bʌdʤit,"ngân sách, ngân quỹ","túi (đầy), bao (đầy)","(nghĩa rộng) đống, kho, cô khối"
covered,,có mái che,kín đáo,được yểm hộ (nhờ pháo binh)
scale,skeil,"vảy (cá, rắn, cánh sâu bọ)",(thực vật học) vảy bắc,"vảy, vật hình vảy"
separate,'seprit,"riêng rẽ, rời, không dính với nhau",vặt rời,bản in rời (bài trích ở báo...)
follow,'fɔlou,cú đánh theo (bi-a),nửa suất thêm (ở hàng ăn),đi theo sau
providing,providing,"được chuẩn bị đầy đủ, được dự phòng","được cung cấp, được chu cấp",trường tiểu học công do chính quyền địa phương đài thọ
meaning,'mi:niɳ,"nghĩa, ý nghĩa","có ý nghĩa, đầy ý nghĩa",
remain,ri'mein,"đồ thừa, cái còn lại","tàn tích, di vật, di tích",di cảo (của một tác giả)
metal,'metl,kim loại,"đá lát đường, đá ba lát (đường xe lửa) ((cũng) toad metal)","(số nhiều) đường sắt, đường ray"
request,ri'kwest,"lời thỉnh cầu, lời yêu cầu, lời đề nghị","(thương nghiệp) nhu cầu, sự hỏi mua","thỉnh cầu, yêu cầu, đề nghị"
british,'britiʃ,(thuộc) Anh,áo khoác ngắn của quân đội,the british người Anh
expression,iks'preʃn,"sự vắt, sự ép, sự bóp","sự biểu lộ (tình cảm...), sự diễn cảm; sự biểu hiện (nghệ thuật...); sự diễn đạt (ý nghĩ...)","nét, vẻ (mặt...); giọng (nói...)"
step,step,"bước, bước đi; bước khiêu vũ","bậc lên xuống, nấc thang; thang đứng ((cũng) step  ladder); bục, bệ (bàn thờ...)",cấp bậc; sự thăng cấp
middle,'midl,giữa,"nửa người, chỗ thắt lưng","ở giữa, trung"
agent,'eidʤənt,người đại lý,"((thường) số nhiều) tay sai, chỉ điểm tay chân, bộ hạ",tác nhân
serve,sə:v,"(thể dục,thể thao) cú giao bóng; lượt giao bóng (quần vợt...)","phục vụ, phụng sự","đáp ứng, có lợi cho, thoả mãn, hợp với"
tried,traid,"đã được thử thách, đã qua thử thách, đáng tin cậy",,
useful,'ju:sful,"có ích, dùng được","(từ lóng) làm ăn được, cừ",(từ lóng) thạo dùng
professional,professional,"(thuộc) nghề, (thuộc) nghề nghiệp",chuyên nghiệp,người chuyên nghiệp
easily,'i:zili,"thoải mái, thanh thản, không lo lắng; thanh thoát, ung dung","dễ, dễ dàng",hãy từ từ!
error,'erə,"sự sai lầm, sự sai sót, lỗi; ý kiến sai lầm; tình trạng sai lầm",(kỹ thuật) sai số; độ sai,sự vi phạm
trying,'traiiɳ,"nguy ngập, gay go, khó khăn","làm mệt nhọc, làm mỏi mệt","khó chịu, phiền phức"
task,tɑ:sk,"nhiệm vụ, nghĩa vụ, phận sự","bài làm, bài tập","công tác, công việc"
image,'imidʤ,"hình, hình ảnh, ảnh (trong gương...)",vật giống hệt (vật khác); người giống hệt (người khác),hình tượng
raised,reizd,"nổi, đắp nổi",nở bằng men (bột...),
gone,gɔn,"đã đi, đã đi khỏi; đã trôi qua, đã qua","mất hết, hết hy vọng",chết
net,net,"lưới, mạng (tóc, nhện...)","cạm, bẫy",vải màn; vải lưới
lack,læk,sự thiếu,"thiếu, không có","thiếu, không có (chỉ động tính từ quá khứ)"
choice,tʃɔis,"sự lựa, sự chọn, sự lựa chọn",quyền chọn; khả năng lựa chọn,"người được chọn, vật được chọn"
move,mu:v,"sự chuyển động, sự di chuyển, sự xê dịch",(đánh cờ) nước,"lượt, lần, phiên (trong một trò chơi)"
manager,'mænidʤə,"người quản lý, quản đốc, giám đốc; người trông nom; người nội trợ",,
drug,drʌg,"thuốc, dược phẩm","thuốc ngủ, thuốc tê mê, ma tuý",hàng ế thừa ((cũng) drug in (on) the market)
film,film,"màng; mảng thuốc (trên phim ảnh, trên giấy ảnh...)","phim, phim ảnh, phim xi nê",(the films) buổi chiếu bóng
create,kri:'eit,"tạo, tạo nên, tạo ra, tạo thành, sáng tạo","gây ra, làm",phong tước
summary,'sʌməri,"tóm tắt, sơ lược, giản lược","được miễn những thủ tục không cần thiết, được bớt những chi tiết không cần thiết",bài tóm tắt
prevent,pri'vent,"ngăn ngừa; ngăn trở, ngăn ngừa","(từ cổ,nghĩa cổ) đón trước, làm trước, giải quyết trước, chặn trước, đối phó trước",(tôn giáo) dẫn đường đi trước
freedom,'fri:dəm,sự tự do; nền tự do,"quyền tự do (ra vào, sử dụng)",quyền tự quyết
completed,,được bổ sung,,
regular,'rəgjulə,"đều đều, không thay đổi; thường lệ","cân đối, đều, đều đặn",trong biên chế
experimental,"eks,peri'mentl",dựa trên thí nghiệm,để thí nghiệm,thực nghiệm
speed,spi:d,"sự mau lẹ; tốc độ, tốc lực","(từ cổ,nghĩa cổ) sự thành công, sự hưng thịnh, sự thịnh vượng",chậm mà chắc
thereof,ðeər'ɔv,"(từ cổ,nghĩa cổ) của cải đó, của nó, của việc ấy",từ đó,
forward,'fɔ:wəd,"ở trước, phía trước, tiến lên, tiến về phía trước","tiến bộ, tiên tiến","chín sớm (hoa màu); đến sớm (mùa, thời vụ...); sớm biết, sớm khôn (người)"
indicate,'indikeit,"chỉ, cho biết, ra dấu","tỏ ra, ra ý, ngụ ý, biểu lộ, biểu thị","trình bày sơ qua, nói ngắn gọn"
accepted,ək'septid,"đã được thừa nhận, đã được công nhận",,
labour,'leibə,lao động,"công việc, công việc nặng nhọc","tầng lớp lao động, nhân công"
negative,'negətiv,"không; phủ định, phủ nhận, cự tuyệt, phản đối, từ chối; cấm đoán","(điện học),  (toán học); (nhiếp ảnh) âm","lời từ chối, lời cự tuyệt"
educational,",edju:'keiʃənl",thuộc ngành giáo dục,"để giáo dục, sư phạm",
european,",juərə'pi:ən","(thuộc) Châu âu; ở Châu âu, tại Châu âu; lan khắp Châu âu",người Châu âu,
branch,brɑ:ntʃ,cành cây,nhánh (sông); ngả (đường)...,chi (của một dòng họ...); chi nhánh (ngân hàng...); ngành (sản xuất; mậu dịch...)
rock,rɔk,đá,"((thường) số nhiều) (từ Mỹ,nghĩa Mỹ),  (thông tục) tiền","kẹo cứng, kẹo hạnh nhân cứng"
establish,is'tæbliʃ,"lập, thành lập, thiết lập, kiến lập",đặt (ai vào một địa vị...),"chứng minh, xác minh (sự kiện...)"
represented,,được biểu diễn,,
share,ʃeə,"lưỡi cày, lưỡi máy gieo, lưỡi máy cày",phần,phần đóng góp
german,'dʤə:mən,"(chỉ + brother,  sister,  cousin) brother german anh em ruột thịt,  sisters german chị em ruột,  cousin german anh chị em con chú bác ruột, anh chị em con cô cậu ruột",(German) (thuộc) Đức,(German) người Đức
beginning,bi'giniɳ,"phần đầu; lúc bắt đầu, lúc khởi đầu","căn nguyên, nguyên do",(xem) battle
context,'kɔntekst,"(văn học) văn cảnh, ngữ cảnh, mạch văn","khung cảnh, phạm vi",
showing,,"sự trình diễn, hành động trình diễn","hồ sơ, chứng cứ (của sự thành công, chất lượng  của ai/cái gì)",
cash,kæʃ,"tiền, tiền mặt",có tiền,"không có tiền, cạn tiền"
stood,stænd,"sự dừng lại, sự đứng lại","sự chống cự, sự đấu tranh chống lại","chỗ đứng, vị trí"
coast,koust,bờ biển,"(từ Mỹ,nghĩa Mỹ), (Ca-na-đa) đường lao (của xe trượt tuyết); sự lao xuống (của xe trượt tuyết)","(từ Mỹ,nghĩa Mỹ) sự lao dốc (mô tô, xe đạp)"
doubt,daut,"sự nghi ngờ, sự ngờ vực; sự không chắc, sự hồ nghi","sự do dự, sự lưỡng lự, sự nghi ngờ","nghi ngờ, ngờ vực; không tin, hồ nghi"
traffic,træfik,"sự đi lại, sự giao thông","sự vận tải, sự chuyên chở (hàng hoá, hành khách...)","sự buôn bán, sự thương mại; sự đổi chác"
traditional,trə'diʃənl,"(thuộc) truyền thống, theo truyền thống","theo lối cổ, theo lệ cổ",
dead,ded,"chết (người, vật, cây cối)","tắt, tắt ngấm","chết, không hoạt động; không sinh sản; hết hiệu lực; không dùng được nữa"
plate,pleit,"bản, tấm phiếu, lá (kim loại)","biển, bảng (bằng đồng...)","bản khắc kẽm; tranh khắc kẽm, bản đồ khắc kẽm; khuôn in (bằng chì...)"
scientific,",saiən'tifik",khoa học; có hệ thống; chính xác,có kỹ thuật,
saying,'seiiɳ,"tục ngữ, châm ngôn",,
village,'vilidʤ,"làng, xã",,
send,send,"gửi, sai, phái, cho đi ((cũng) scend)","cho, ban cho, phù hộ cho, giáng (trời,  Thượng đế...)","bắn ra, làm bốc lên, làm nẩy ra, toả ra"
valley,'væli,thung lũng,(kiến trúc) khe mái,"thời kỳ vô cùng bi đát, thời kỳ gần kề cõi chết"
enter,'entə,đi vào,(sân khấu) ra,tuyên bố tham dự (cuộc thi)
ordered,,ngăn nắp,,
clinical,'klinikəl,"(thuộc) buồng bệnh, ở buồng bệnh, (thuộc) lâm sàng",lịch sử bệnh,cái cặp sốt
avoid,ə'vɔid,"tránh, tránh xa","(pháp lý) huỷ bỏ, thủ tiêu (bản án); bác bỏ (lý lẽ, lời biện hộ)",
principal,'prinsəpəl,"chính, chủ yếu",(ngôn ngữ học) chính,người đứng đầu
accordance,ə'kɔ:dəns,"sự đồng ý, sự thoả thuận (với ai)","sự phù hợp, sự theo đúng (cái gì)","sự cho, sự ban cho"
represent,",repri'zent","tiêu biểu cho, tượng trưng cho; tương ứng với","thay mặt, đại diện","miêu tả, hình dung"
jurisdiction,",dʤuəris'dikʃn","quyền lực pháp lý, quyền xử xét, quyền tài phán","quyền hạn, phạm vi quyền hạn; khu vực nằm trong phạm vi quyền hạn",
advantage,əb'vɑ:ntidʤ,"sự thuận lợi, hoàn cảnh thuận lợi; mối lợi",thế lợi,"bất ngờ chộp được ai, thình lình chộp được ai"
attorney,ə'tə:ni,người được uỷ quyền đại diện trước toà,"(từ Mỹ,nghĩa Mỹ) luật sư (ở Anh bây giờ thường dùng với ý đùa cợt hoặc làm giảm giá trị)",luật sư
hence,hens,"sau đây, kể từ đây","do đó, vì thế, vì lý do đó","(từ cổ,nghĩa cổ) từ chỗ này, từ nơi đây ((thường) from hence)"
argument,'ɑ:gjumənt,lý lẽ,"sự tranh cãi, sự tranh luận",tóm tắt (một vấn đề trình bày trong một cuốn sách)
sound,saund,"khoẻ mạnh, tráng kiện, lành mạnh","lành lặn, không hỏng, không giập thối","đúng đắn, có cơ sở, vững; lôgic, hợp lý"
brown,braun,nâu,rám nắng (da),"(từ lóng) bịp, đánh lừa"
running,'rʌniɳ,cuộc chạy đua,"sự chạy, sự vậm hành (máy...)","sự chảy (chất lỏng, mủ...)"
stand,stænd,"sự dừng lại, sự đứng lại","sự chống cự, sự đấu tranh chống lại","chỗ đứng, vị trí"
suggest,sə'dʤest,"gợi, làm nảy ra trong trí",đề nghị,đưa ra giả thuyết là
concern,kən'sə:n,"(+ with) sự liên quan tới, sự dính líu tới","(+ in) lợi, lợi lộc; phần, cổ phần","việc, chuyện phải lo"
highest,,cao nhất; lớn nhất,,
popular,'pɔpjulə,"(thuộc) nhân dân, của nhân dân, do nhân dân",bình dân,"có tính chất đại chúng, hợp với nhân dân, hợp với trình độ nhân dân, phổ cập"
cross,krɔs,cây thánh giá; dấu chữ thập (làm bằng tay phải để cầu khẩn hoặc tỏ vẻ thành kính đối với Chúa); đài thập ác (đài kỷ niệm trên có chữ thập),đạo Cơ-đốc,"dấu chữ thập, hình chữ thập"
accept,ək'sept,"nhận, chấp nhận, chấp thuận",thừa nhận,đảm nhận (công việc...)
statute,'stætju:t,đạo luật,"quy chế, chế độ",(kinh thánh) luật thánh
exist,ig'zist,"tồn tại, sống",hiện có,
pass,pɑ:s,"đi, đi lên; đi qua, đi ngang qua",(nghĩa bóng) trải qua,"chuyển qua, truyền, trao, đưa"
wish,wi,"lòng mong muốn, lòng ao ước; lòng thèm muốn",ý muốn; lệnh,"điều mong ước, nguyện vọng"
holding,'houldiɳ,"sự cầm, sự nắm; cách cầm, cách nắm",ruộng đất; tài sản,cổ phần
subsequent,'sʌbsikwənt,"đến sau, theo sau, xảy ra sau",,
impossible,im'pɔsəbl,không thể làm được,"không thể có được, không thể xảy ra được","không thích hợp, không tiện, không dễ dàng"
centre,'sentə,"điểm giữa, tâm; trung tâm; trung khu; trung ương",nhân vật trung tâm,"(thể dục,thể thao) trung phong (bóng đá)"
writing,'raitiɳ,"sự viết, sự viết tay, sự viết lách","kiểu viết, lối viết; chữ viết","bản viết tay; bản ghi chép, tài liệu"
competition,",kɔmpi'tiʃn",sự cạnh tranh,sự tranh giành (địa vị...),"cuộc thi; ((thể dục,thể thao)) cuộc thi đấu, đọ sức"
official,ə'fiʃəl,(thuộc) chính quyền; (thuộc) văn phòng,chính thức,"trịnh trọng, theo nghi thức"
electric,i'lektrik,"(thuộc) điện, có điện, phát điện","làm náo động, làm sôi nổi",
french,frentʃ,(thuộc) Pháp,đánh bài chuồn,tiếng Pháp
style,stail,cột đồng hồ mặt trời,(thực vật học) vòi nhuỵ,văn phong
studied,'stʌdid,"cẩn trọng, có suy nghĩ","cố tình, cố ý, có chủ tâm",
editor,'editə,người thu thập và xuất bản,"chủ bút (báo, tập san...)",người phụ trách một mục riêng (trong một tờ báo...)
drawn,drɔ:,"sự kéo; sự cố gắng, sự nỗ lực","sức quyến rũ, sức hấp dẫn, sức lôi cuốn; người có sức quyến rũ, vật có sức lôi cuốn",sự rút thăm; sự mở số; số trúng
deal,di:l,"gỗ tùng, gỗ thông",tấm ván cây,số lượng
usual,'ju: u l,"thường, thông thường, thường lệ, thường dùng, dùng quen",,
counsel,'kaunsəl,"sự hỏi ý kiến, sự bàn bạc","lời khuyên, lời chỉ bảo","ý định, dự định"
apparently,,"nhìn bên ngoài, hình như",,
attempt,ə'tempt,"sự cố gắng, sự thử","(attemper on,  upon) sự mưu hại, sự xâm phạm, sự phạm đến","cố gắng; thử, toan"
explain,iks'plein,"giảng, giảng giải, giải nghĩa","giải thích, thanh minh",thanh minh (lời nói bất nhã...)
improve,im'pru:v,"cải tiến, cải thiện, cải tạo, trau dồi (tư tưởng), mở mang (kiến thức...)","lợi dụng, tận dụng","được cải tiến, được cải thiện, trở nên tốt hơn; tiến bộ"
chance,tʃɑ:ns,"sự may rủi, sự tình cờ","sự có thể, sự có khả năng, khả năng có thể",cơ hội
liability,",laiə'biliti","trách nhiệm pháp lý, nghĩa vụ pháp lý","(số nhiều) tiền nợ, khoản phải trả","(+ to) khả năng bị, khả năng mắc, nguy cơ"
applicable,'æplikəbl,"có thể dùng được, có thể áp dụng được, có thể ứng dụng được","xứng, thích hợp",
zone,zoun,"(địa lý,địa chất) đới","khu vực, miền; vùng","(từ cổ,nghĩa cổ),  (thơ ca) dây nịt, dây dưng"
kingdom,'kiɳdəm,vương quốc,(sinh vật học) giới,(nghĩa bóng) lĩnh vực
appearance,ə'piərəns,"sự xuất hiện, sự hiện ra sự ló ra","(pháp lý) sự trình diện, sự ra hầu toà",sự xuất bản (sách)
detail,'di:teil,"chi tiết, tiểu tiết; điều tỉ mỉ, điều vụn vặt",(kỹ thuật) chi tiết (máy),"(quân sự) phân đội, chi đội (được cắt đi làm nhiệm vụ riêng lẻ)"
directed,,có hướng đi,,
passage,'pæsidʤ,"sự đi qua, sự trôi qua",lối đi,hành lang
suitable,'sju:təbl,"(+ for,  to) hợp, phù hợp, thích hợp",,
reach,ri:tʃ,"sự chìa ra, sự trải ra",sự với (tay); tầm với,"(thể dục,thể thao) tầm duỗi tay (để đấm đối phương...)"
meant,mi:n,"khoảng giữa, trung độ, trung gian, trung dung",(toán học) giá trị trung bình; số trung bình,"(số nhiều) ((thường) dùng như số ít) phương tiện, kế, biện pháp, cách"
supreme,sju:'pri:m,tối cao,"lớn nhất, quan trọng nhất",cuối cùng
testing,,sự thử; sự nghiên cứu,,
museum,mju:'ziəm,nhà bảo tàng,,
fresh,freʃ,"tươi (hoa, trứng, sữa, cá, thịt...)","tươi tắn, mơn mởn","còn rõ rệt, chưa phai mờ"
offer,'ɔfə,"sự đưa tay ra, sự tỏ ra sẵn sàng cho, sự tỏ ra sẵn sàng làm",sự chào hàng,sự trả giá
protein,protein,(hoá học) Protein,,
density,'densiti,tính dày đặc,"sự đông đúc, sự trù mật","độ dày, mật độ, độ chặt"
married,'mærid,"cưới, kết hôn, thành lập gia đình",(thuộc) vợ chồng,
exactly,ig'zæktli,"chính xác, đúng đắn","đúng như thế, đúng như vậy (dùng trong câu trả lời)",
contrast,'kɔntræst,"sự tương phản, sự trái ngược (giữa)",(+ to) cái tương phản (với),"làm tương phản, làm trái ngược; đối chiếu để làm nổi bật những điểm khác nhau; tương phản nhau, trái ngược hẳn"
generation,",dʤenə'reiʃn","sự sinh ra, sự phát sinh ra","thế hệ, đời",(điện học) sự phát điện
fell,fel,da lông (của thú vật),da người,mớ tóc bù xù; bộ lông bờm xờm
understood,",ʌndə'stænd","hiểu, nắm được ý, biết",hiểu ngầm (một từ không phát biểu trong câu),
shape,ʃeip,"hình, hình dạng, hình thù",sự thể hiện cụ thể,"loại, kiểu, hình thức"
background,'bækgraund,phía sau,nền,tình trạng không có tên tuổi; địa vị không quan trọng
mining,'mainiɳ,sự khai mỏ,,
crime,kraim,tội ác,tội lỗi,(quân sự) sự vi phạm qui chế
ancient,'einʃənt,"xưa, cổ (trước khi đế quốc La mã tan rã)","(từ cổ,nghĩa cổ) lá cờ, cờ hiệu; người cầm cờ hiệu","(từ Mỹ,nghĩa Mỹ) tác giả cổ điển"
youth,ju:θ,"tuổi trẻ, tuổi xuân, tuổi thanh niên, tuổi niên thiếu",(nghĩa bóng) buổi ban đầu; thời non trẻ,"thanh niên; tầng lớp thanh niên, lứa tuổi thanh niên"
search,sə:tʃ,"sự nhìn để tìm, sự sờ để tìm; sự khám xét, sự lục soát","sự điều tra, sự nghiên cứu",đang đi tìm cái gì
load,loud,"vậy nặng, gánh nặng","vật gánh, vật chở, vật đội (trên lưng súc vật, trên xe, tàu...)","trách nhiệm nặng nề; điều lo lắng, nỗi buồn phiền"
native,'neitiv,(thuộc) nơi sinh,"tự nhiên, bẩm sinh",(thuộc) địa phương; (thuộc) thổ dân
path,"pɑ:θ, snh pɑ:ðz","đường mòn, đường nhỏ","con đường, đường đi, đường lối",
strategy,'strætidʤi,chiến lược,,
signed,,có dấu,,
fear,fiə,"sự sợ, sự sợ hãi",sự kinh sợ,sự lo ngại; sự e ngại
english,'iɳgliʃ,(thuộc) Anh,người Anh,"tiếng Anh ((cũng) the king's,  the queen's English)"
expect,iks'pekt,"mong chờ, chờ đợi, ngóng chờ, trông mong","(thông tục) nghĩ rằng, chắc rằng, cho rằng","(thông tục) có mang, có thai"
emergency,i'mə:dʤensi,tình trạng khẩn cấp,(y học) trường hợp cấp cứu,"vững tay, đủ sức đối phó với tình thế"
bit,bit,miếng (thức ăn...); mảnh mẫu,"một chút, một tí","đoạn ngắn (của một vai kịch nói, trong sách...)"
difficulty,'difikəlti,"sự khó khăn, nỗi khó khăn, nỗi gay go; điều cản trở, điều trở ngại",(số nhiều) sự túng bấn; cảnh khó khăn,(số nhiều) sự làm khó dễ; sự phản đối
highway,'haiwei,"đường cái, quốc lộ",con đường chính (bộ hoặc thuỷ),"(nghĩa bóng) con đường, đường lối (hành động...)"
mainly,'meinli,"chính, chủ yếu",phần lớn,
machinery,mə'ʃi:nəri,"máy móc, máy","cách cấu tạo, cơ cấu các bộ phận máy","(nghĩa bóng) bộ máy, cơ quan"
organized,,"có trật tự, ngăn nắp, hữu hiệu","được sắp xếp, chuẩn bị",có chân trong nghiệp đoàn (về công nhân)
sought,si:k,"tìm, đi tìm, tìm kiếm, cố tìm cho được","mưu cầu, theo đuổi, nhằm vào, cố gắng","thỉnh cầu, yêu cầu"
schedule,'ʃedju:,"(từ Mỹ,nghĩa Mỹ) bản danh mục, bảng liệt kê; bản phụ lục","(từ Mỹ,nghĩa Mỹ) bảng giờ giấc, biểu thời gian",thời hạn
possibly,'pɔsəbli,"có lẽ, có thể",,
petition,pi'tiʃn,"sự cầu xin, sự thỉnh cầu","đơn xin, đơn thỉnh cầu; kiến nghị",(pháp lý) đơn
attack,ə'tæk,"sự tấn công, sự công kích",cơn (bệnh),"tấn công, công kích"
daily,'deili,hằng ngày,báo hàng ngày,(thông tục) người đàn bà giúp việc hằng ngày đến nhà
structural,'strʌktʃərəl,"(thuộc) kết cấu, (thuộc) cấu trúc","(thuộc) xây dựng, để xây dựng",
apart,ə'pɑ:t,"về một bên, qua một bên; riêng ra, xa ra",apart from ngoài... ra,nói thật không nói đùa
around,ə'raund,xung quanh,vòng quanh,"đó đây, chỗ này, chỗ nọ, khắp nơi"
ministry,'ministri,Bộ,chính phủ nội các,chức bộ trưởng; nhiệm kỳ bộ trưởng
award,ə'wɔ:d,"phần thưởng, tặng thưởng (do quan toà, hội đồng trọng tài, hội đồng giám khảo... quyết định ban cho)","sự quyết định của quan toà, của hội đồng giám khảo...","sự trừng phạt, hình phạt (do quan toà, hội đồng trọng tài, hội đồng giám khảo... quyết định bắt phải chịu)"
pointed,'pɔintid,"nhọn, có đầu nhọn","(nghĩa bóng) châm chọc, chua cay (lời nhận xét)","được nhấn mạnh; được làm nổi bật; được làm rõ ràng, được làm hiển nhiên"
instrument,'instrumənt,dụng cụ ((nghĩa đen) & (nghĩa bóng)),nhạc khí,"công cụ, phương tiện"
female,'fi:meil,"cái, mái","(thuộc) đàn bà con gái, nữ","yếu, nhạt, mờ"
wave,weiv,"sóng, làn sóng ((nghĩa đen) & (nghĩa bóng))",đợt,sự vẫy tay ra hiệu; cái vẫy tay
extremely,iks'tri:mli,"thái cực; mức độ cùng cực, tình trạng cùng cực",bước đường cùng,hành động cực đoan; biện pháp khắc nghiệt; biện pháp cực đoan
ought,ɔ:t,phải,nên,"nuôi ,4æʃ!æɔ5ɜɜ8θaught"
mechanism,'mekənizm,"máy móc, cơ cấu, cơ chế ((nghĩa đen) & (nghĩa bóng))","kỹ thuật, kỹ xảo",(triết học) thuyết cơ giới
all,ɔ:l,"tất cả, hết thảy, toàn bộ, suốt trọn, mọi","tất cả, tất thảy, hết thảy, toàn thể, toàn bộ",(xem) above
safe,seif,chạn (đựng đồ ăn),"tủ sắt, két bạc","an toàn, chắc chắn"
perform,pə'fɔ:m,làm (công việc...); thực hiện (lời hứa...); thi hành (lệnh); cử hành (lễ); hoàn thành (nhiệm vụ),"biểu diễn, trình bày (kịch, điệu nhảy...); đóng",đóng một vai
admitted,,tự nhận,,
chamber,'tʃeimbə,"buồng, phòng; buồng ngủ",(số nhiều) nhà có sẵn đồ đạc cho đàn ông chưa vợ,"(số nhiều) phòng luật sư; phòng làm việc của thẩm phán, phòng làm việc của quan toà"
perfect,'pə:fikt,"hoàn hảo, hoàn toàn",thành thạo,(ngôn ngữ học) hoàn thành
clerk,klɑ:k,người thư ký,"tu sĩ, giáo sĩ, mục sư ((cũng) clerk in holy orders)","(từ Mỹ,nghĩa Mỹ) người giúp việc bán hàng, nhân viên bán hàng"
attitude,'ætitju:d,"thái độ, quan điểm","tư thế, điệu bộ, dáng dấp",
slowly,'slouli,"chậm, chầm chậm",,
captain,'kæptin,"người cầm đầu, người chỉ huy, thủ lĩnh",tướng lão luyện; nhà chiến lược,(quân sự) đại uý
powerful,'pauəful,"hùng mạnh, hùng cường, mạnh mẽ","có quyền thế lớn, có quyền lực lớn, có uy quyền lớn",
feature,'fi:tʃə,"nét đặc biệt, điểm đặc trưng",(số nhiều) nét mặt,"bài đặc biệt, tranh biếm hoạ đặc biệt (trong một tờ báo)"
scene,si:n,nơi xảy ra,lớp (của bản kịch),(sân khấu) cảnh phông
greatly,'greitli,rất lắm,"cao thượng, cao cả",
trouble,'trʌbl,"điều lo lắng, điều phiền muộn","sự làm phiền, sự quấy rầy; điều phiền hà","sự chịu khó, sự cố gắng; sự khó nhọc"
talking,'tɔ:kiɳ,sự nói,"câu chuyện; chuyện nhảm nhí, chuyện bép xép","nói được, biết nói"
directors,,(Econ) Ban giám đốc.,,
indian,,(thuộc) ấn Độ,người ấn Độ,người da đỏ ở Bắc-Mỹ; người Anh-Điêng
cover,'kʌvə,"vỏ, vỏ bọc, cái bọc ngoài; bìa sách; phong bì","vung, nắp","lùm cây, bụi rậm"
double,'dʌbl,"đôi, hai, kép",gập đôi,"nước đôi, hai mặt, hai nghĩa; giả dối, không thành thật, lá mặt, lá trái"
release,ri'li:s,"sự giải thoát, sự thoát khỏi (điều lo lắng, sầu muộn, bệnh tật...)","sự thả, sự phóng thích","sự phát hành (cuốn sách, bản tin); sự đưa ra bàn (một loại ô tô mới...)"
standing,'stændiɳ,sự đứng; thế đứng,sự đỗ (xe),địa vị
mode,moud,"cách, cách thức, lối, phương thức","kiểu, mốt, thời trang","(ngôn ngữ học) lối, thức"
column,'kɔləm,"cột, trụ ((nghĩa đen) & (nghĩa bóng))","hàng dọc; đội hình hàng dọc (đơn vị bộ đội, tàu chiến)",cột; mục (báo)
explanation,",eksplə'neiʃn","sự giảng, sự giảng giải, sự giải nghĩa, lời giảng, lời giải nghĩa","sự giải thích, sự thanh minh, lời giải thích, lời thanh minh",
royal,'rɔiəl,(thuộc) vua,(Royal) (thuộc) hoàng gia (Anh),"như vua chúa; trọng thể, sang trọng, huy hoàng, lộng lẫy"
speaker,'spi:kə,"người nói, người diễn thuyết",người thuyết minh (phim),(như) loud_speaker
silver,'silvə,bạc,đồng tiền,đồ dùng bằng bạc
exposure,iks'pouʤə,sự phơi,"sự bóc trần, sự vạch trần",sự bày hàng
extra,'ekstrə,"thêm, phụ, ngoại","thượng hạng, đặc biệt","thêm, phụ, ngoại"
seek,si:k,"tìm, đi tìm, tìm kiếm, cố tìm cho được","mưu cầu, theo đuổi, nhằm vào, cố gắng","thỉnh cầu, yêu cầu"
danger,'deindʤə,"sự nguy hiểm, mối hiểm nghèo","nguy cơ, mối đe doạ",(ngành đường sắt) (như) danger-signal
soft,sɔft,"mềm, dẻo, dễ uốn, dễ cắt","nhẵn, mịn, mượt","dịu, ôn hoà"
achieve,ə'tʃi:v,"đạt được, giành được","hoàn thành, thực hiện",
software,,phần mềm (của máy tính),,
tradition,trə'diʃn,"sự truyền miệng (truyện cổ tích, phong tục tập quán... từ đời nọ qua đời kia)",truyền thuyết,truyền thống
advertising,,(Econ) Quảng cáo.,,
advice,əd'vais,"lời khuyên, lời chỉ bảo",((thường) số nhiều) tin tức,theo những tin tức cuối cùng chúng tôi nhận được
fairly,'feəli,"công bằng, không thiên vị; chính đáng; ngay thẳng, thẳng thắn, không gian lận","khá, kha khá",hoàn toàn thật sự
fee,fi:,tiền thù lao; tiền thưởng (người hầu...),tiền nguyệt liễm; học phí,gia sản
accident,'æksidənt,"sự rủi ro, tai nạn, tai biến","sự tình cờ, sự ngẫu nhiên","cái phụ, cái không chủ yếu"
die,dai,con súc sắc,số phận (mệnh) đã định rồi,"lâm nguy, lâm vào cảnh hiểm nghèo; lâm vào thế một mất một còn"
instruments,,(Econ) Các công cụ.,,
refer,ri'fə:,"quy, quy cho, quy vào","chuyển đến (ai, tổ chức nào) để xem xét, giao cho nghiên cứu giải quyết","chỉ dẫn (ai) đến hỏi (người nào, tổ chức nào)"
pre,,"(tiền tố) trước, tiền, sẵn",,
expenditure,iks'penditʃə,sự tiêu dùng,số lượng tiêu dùng; món tiền tiêu đi; phí tổn,
appendix,ə'pendiks,phụ lục,(y học) ruột thừa ((cũng) vermiform appendix),
implementation,",implimen'teiʃn","sự thi hành, sự thực hiện đây đủ",sự bổ sung,
removal,ri'mu:vəl,"việc dời đi, việc di chuyển; sự dọn (đồ đạc...)","sự dọn nhà, sự đổi chỗ ở",sự tháo (lốp xe...)
dealing,'di:liɳ,"sự chia, sự phân phát",sự buôn bán; (số nhiều) sự gia dịch buôn bán,"thái độ đối xử, cách đối xử, cách xử sự, cách cư xử"
seed,si:d,"hạt, hạt giống",tinh dịch,"(kinh thánh) con cháu, hậu thế"
hardly,'hɑ:dli,"khắc nghiệt, nghiêm khắc, tàn tệ, cứng rắn","khó khăn, chật vật","vừa mới, chỉ vừa mới, chỉ vừa phải"
chinese,'tʃai'ni:z,(thuộc) Trung quốc,người Trung quốc,(the chinese) nhân dân Trung quốc
distinct,dis'tiɳkt,"riêng, riêng biệt; khác biệt","dễ nhận, dễ thấy, rõ ràng","rõ rệt, dứt khoát, nhất định"
operate,'ɔpəreit,hoạt động (máy...),có tác dụng,lợi dụng
ring,riɳ,cái nhẫn,cái đai (thùng...),vòng tròn
frame,freim,"cấu trúc, cơ cấu; hệ thống, thứ tự",trạng thái,"khung (ảnh, cửa, xe...), sườn (tàu, nhà...)"
intelligence,in'telidʤəns,sự hiểu biết,"khả năng hiểu biết, trí thông minh; trí óc","tin tức, tình báo; sự thu thập tin tức, sự làm tình báo, sự trao đổi tình báo; sự đánh giá tình hình trên cơ sở tình báo"
magnetic,mæg'netik,"(thuộc) nam châm, có tính từ, (thuộc) từ","(nghĩa bóng) có sức hấp dẫn mạnh, có sức lôi cuốn mạnh, có sức quyến rũ",
target,'tɑ:git,bia (để bắn),"mục tiêu, đích (đen & bóng)",(ngành đường sắt) cọc tín hiệu (cắm ở đường ghi)
familiar,fə'miljə,thuộc gia đình,"thân thuộc, thân; quen thuộc, quen (với một vấn đề)",thông thường
widely,'waidli,"nhiều, xa","rộng r i, khắp ni","thưa, thưa thớt"
flight,flight,"sự bỏ chạy, sự rút chạy",sự bay; chuyến bay,"sự truy đuổi, sự đuổi bắt"
constitutional,",kɔnsti'tju:ʃənl","(thuộc) hiến pháp, theo hiến pháp, đúng với hiến pháp",lập hiến,"(thuộc) thể tạng, (thuộc) thể chất"
square,skweə,vuông,to ngang,"đẫy, ních bụng"
respondent,ris'pɔndənt,trả lời,đáp lại (lòng tốt...),(pháp lý) ở địa vị người bị cáo
enforcement,in'fɔ:smənt,"sự thúc ép, sự ép buộc","sự bắt tôn trọng, sự bắt tuân theo; sự đem thi hành (luật lệ)",
adult,'ædʌlt,"người lớn, người đã trưởng thành",trưởng thành,
census,'sensəs,sự điều tra số dân,,
suit,sju:t,"bộ com lê, bộ quần áo (đàn ông)","lời xin, lời yêu cầu, lời thỉnh cầu",sự cầu hôn
inner,'inə,"ở trong nước, nội bộ","thân nhất, thân cận",(thuộc) tinh thần; bên trong
thereby,'ðeə'bai,"bằng cách ấy, theo cách ấy, do đó","có dính dáng tới cái đó, có liên quan tới cái đó",
pursuant,pə'sju:ənt,"theo, y theo, thực hiện theo, đeo đuổi","pursuant to theo, y theo, theo đúng",
theoretical,θiə'retik,(thuộc) lý thuyết; có tính chất lý thuyết,"(mỉa mai) lý thuyết suông, suông, không thực tế",
ahead,ə'hed,"trước, về phía trước, ở thẳng phía trước; nhanh về phía trước, lên trước","hơn, vượt","(từ Mỹ,nghĩa Mỹ),  (thông tục) ở thế lợi"
waiting,'weitiɳ,"sự đợi, sự chờ; thời gian đợi",sự hầu bàn,"đợi, chờ"
web,web,vi dệt; tấm vi,"súc giấy, cuộn giấy lớn",(động vật học) mạng
printing,'printiɳ,sự in,nghề ấn loát,
elsewhere,'els'weə,ở một nơi nào khác,,
couple,'kʌpl,"đôi, cặp",đôi vợ chồng; cặp nam nữ (đã lấy nhau hoặc đã đính hôn); cặp nam nữ nhảy quốc tế,dây xích cặp (buộc liền một cặp chó săn)
complaint,kəm'pleint,"lời than phiền, lời phàn nàn, lời oán trách, lời than thở; điều đáng phàn nàn, điều đáng than phiền","bệnh, sự đau","(từ Mỹ,nghĩa Mỹ),  (pháp lý) sự kêu nài; đơn kiện"
framework,'freimwə:k,"sườn (nhà, tàu...); khung (máy)","khung ảnh, khung tranh (nói chung)",cốt truyện
appointment,ə'pɔintmənt,"được bổ nhiệm, chức vụ được bổ nhiệm","sự hẹn gặp; giấy mời, giấy triệu tập",chiếu chỉ; sắc lệnh
velocity,vi'lɔsiti,"tốc độ, tốc lực",,
independence,",indi'pendəns",sự độc lập; nền độc lập ((cũng) independency),,
linear,'liniə,"(thuộc) nét kẻ, thuộc đường kẻ, (thuộc) đường vạch","dài, hẹp và đều nét (như một đường kẻ)",(toán học) tuyến
over,'ouvə,trên; ở trên,"trên khắp, ở khắp","hơn, trên"
japanese,",dʤæpə'ni:z",(thuộc) Nhật bản,người Nhật bản,tiếng Nhật bản
license,'laisəns,"cho phép; cấp giấy phép, cấp môn bài, cấp đăng ký","sự cho phép; giấy phép, môn bài, đăng ký","bằng, chứng chỉ"
operated,,được điều khiển,manually o. (máy tính) được điều khiển bằng tay,remotely o. được điểu khiển từ xa
twice,twais,hai lần,gấp hai,suy nghĩ chín chắn khi làm gì
permission,pə'miʃn,"sự cho phép, sự chấp nhận",phép; giấy phép,
male,meil,"trai, đực, trống","mạnh mẽ, trai tráng","con trai, đàn ông; con đực, con trống"
raise,reiz,"nâng lên, đỡ dậy; giơ lên, đưa lên, kéo lên; ngước lên, ngẩng lên","xây dựng, dựng",nuôi trồng
mid,mid,giữa,(thơ ca) (như) amid,
accounting,ə'kauntiɳ,"sự thanh toán, sự tính toán (tiền nong, sổ sách)",sự giải thích,
patent,'peitənt,"có bằng sáng chế, có bằng công nhận đặc quyền chế tạo","(thông tục) tài tình, khéo léo, tinh xảo",mỏ (cửa...)
controlled,,"được điều chỉnh, được kiểm tra",,
chain,tʃein,"dây, xích","dãy, chuỗi, loạt","thước dây (để đo chiều dài); dây (chiều dài của thước dây, bằng 20m115)"
subsection,,tiểu khu,,
partly,'pɑ:tli,"một phần, phần nào",,
apparatus,",æpə'reitəs",đồ thiết bị; máy móc,(sinh vật học) bộ máy,"đồ dùng, dụng cụ"
wild,waild,"dại, hoang (ở) rừng","chưa thuần; chưa dạn người (thú, chim)","man rợ, man di, chưa văn minh"
opposite,'ɔpəzit,"đối nhau, ngược nhau","điều trái lại, điều ngược lại","trước mặt, đối diện"
check,tʃek,"(từ Mỹ,nghĩa Mỹ) (như) cheque","sự cản trở, sự ngăn cản; sự kìm hãm; sự hạn chế; sự chặn lại; người chống cự, người ngăn cản, vật cản","(săn bắn) sự mất vết, sự mất hơi"
beauty,'bju:ti,"vẻ đẹp, sắc đẹp, nhan sắc","cái đẹp, cái hay","người đẹp, vật đẹp"
ownership,'ounəʃip,quyền sở hữu,,
mostly,'moustli,"hầu hết, phần lớn; thường là, chủ yếu là",,
equivalent,i'kwivələnt,tương đương,"vật tương đương, từ tương đương",(kỹ thuật) đương lượng
weak,wi:k,"yếu, yếu ớt","thiếu nghị lực, yếu đuối, mềm yếu, nhu nhược","kém, non; thiếu quá"
vertical,'və:tikəl,"thẳng đứng, đứng","(nghĩa bóng) ở điểm cao nhất, ở cực điểm",(giải phẫu) (thuộc) đỉnh đầu; ở đỉnh đầu
coverage,'kʌvəridʤ,vùng được gộp vào; số lượng được gôm ào,sự theo dõi để điện tin tức về (báo chí),
namely,'neimli,"là, ấy là",,
ill,il,"đau yếu, ốm","xấu, tồi, kém; ác","không may, rủi"
track,træk,"dấu, vết","((thường) số nhiều) dấu chân, vết chân","đường, đường đi, đường hẻm"
debate,di'beit,"cuộc tranh luận, cuộc thảo luận, cuộc tranh cãi",(the debates) biên bản chính thức của những phiên họp nghị viện,"tranh luận, tranh cãi, bàn cãi (một vấn đề...)"
tel,,điện báo (telegraph (ic)),"(số) dây nói, điện thoại (telephone (number))",
intensity,in'tensiti,"độ mạnh, cường độ","sức mạnh; tính mãnh liệt, tính dữ dội",sự xúc cảm mãnh liệt
unknown,'ʌn'noun,"không biết, chưa từng ai biết, lạ",chưa có tiếng; vô danh,điều chưa biết
african,'æfrikən,thuộc Châu phi,người Châu phi,
variable,'veəriəbl,có thể thay đổi,"hay thay đổi; thay đổi, biến thiên","(từ Mỹ,nghĩa Mỹ),  (địa lý,địa chất) variable zone ôn đới"
reflect,ri'flekt,"phản chiếu, phản xạ, dội lại",phản ánh,"mang lại (hành động, kết quả...)"
favor,'feivə,thiện ý; sự quý mến,"sự đồng ý, sự thuận ý",sự chiếu cố; sự thiên vị; ân huệ; đặc ân
res,,số nhiều,đồ vật,
audience,'ɔ:djəns,"những người nghe, thính giả; người xem, khán giả; bạn đọc, độc giả",sự nghe,"sự hội kiến, sự yết kiến; sự tiếp kiến"
violation,",vaiə'leiʃn","sự vi phạm, sự xâm phạm; sự làm trái",sự hãm hiếp,sự phá rối
customer,'kʌstəmə,khách hàng,"(thông tục) gã, anh chàng",
corps,kɔ:ps,(quân sự) quân đoàn,đoàn,
bear,beə,"mang, cầm, vác, đội, đeo, ôm","chịu, chịu đựng","sinh, sinh sản, sinh lợi"
bible,'baibl,kinh thánh,,
decide,di'said,"giải quyết, phân xử",quyết định,"lựa chọn, quyết định chọn"
diagnosis,",daiəg'nousis",(y học) phép chẩn đoán; sự chẩn đoán; lời chẩn đoán,(sinh vật học) sự miêu tả đặc trưng,
wealth,welθ,"sự giàu có, sự giàu sang","tính chất có nhiều, sự phong phú",của cải
novel,'nɔvəl,"mới, mới lạ, lạ thường","tiểu thuyết, truyện",
lose,lu:z,mất không còn nữa,"mất, mất hút, không thấy nữa; lạc, thất lạc","bỏ lỡ, bỏ uổng, bỏ qua"
gradually,,"dần dần, từ từ",,
truly,'tru:li,"thật, sự thật, đúng","thành thật, thành khẩn, chân thành",trung thành
guard,gɑ:d,"(thể dục,thể thao) sự thủ thế, sự giữ miếng (đấu gươm, quyền Anh...)",sự đề phòng,cái chắn
acting,'æktiɳ,hành động,"(sân khấu) nghệ thuật đóng kịch (kịch, phim, chèo, tuồng); sự thủ vai, sự đóng kịch",hành động
consequence,'kɔnsikwəns,"hậu quả, kết quả",(toán học) hệ quả,"tầm quan trọng, tính trọng đại"
wine,wain,rượu vang; rượu,rượu thuốc,tiệc rượu sau bữa ăn (ở các trường đại học)
personality,,"nhân cách, tính cách",nhân phẩm; cá tính; lịch thiệp,tính chất là người
depend,di'pend,"(+ on,  upon) phụ thuộc, tuỳ thuộc, tuỳ thuộc","(+ on,  upon) dựa vào, ỷ vào, trông mong vào",(+ upon) tin vào
lie,lai,"sự nói dối, sự nói láo, sự nói điêu, sự dối trá; sự lừa dối, sự lừa gạt",điều tin tưởng sai lầm; ước lệ sai lầm,lừa dối bằng hành động
crown,kraun,"mũ miện; vua, ngôi vua","vòng hoa, vòng lá (đội trên đầu); (nghĩa bóng) phần thưởng","đỉnh, ngọn, chóp, chỏm (núi, cây, mũ...)"
passing,'pɑ:siɳ,"sự qua, sự trôi qua (thời gian...)","qua đi, trôi qua","thoáng qua, giây lát; ngẫu nhiên, tình cờ"
prepare,pri'peə,"sửa soạn sắm sửa, chuẩn bị, dự bị","soạn (bài); chuẩn bị cho, rèn cặp cho (ai đi thi...)","điều chế, pha chế (thuốc); làm, dọn, nấu (cơm, thức ăn)"
won,win,sự thắng cuộc,"chiếm, đoạt, thu được, nhận được, kiếm được, có được",thắng cuộc; thắng
nursing,,"sự chăm sóc bệnh nhân, sự điều dưỡng",,
uniform,'ju:nifɔ:m,"đồng dạng, cùng một kiểu, giống nhau","không thay đổi, không biến hoá, đều",đồng phục; (quân) quân phục
banking,'bæɳkiɳ,công việc ngân hàng,,
opposed,,"chống lại, phản đối",,
host,houst,chủ nhà,chủ tiệc,"chủ khách sạn, chủ quán trọ"
planned,plænd,có kế hoạch,,
tone,toun,tiếng; (nhạc) âm,giọng,sức khoẻ; trương lực
raw,rɔ:,sống (chưa nấu chín),"thô, chưa tinh chế, còn nguyên chất, sống","non nớt, chưa có kinh nghiệm, mới vào nghề"
behaviour,bi'heivjə,"thái độ, cách đối xử; cách cư xử, cách ăn ở; tư cách đạo đức",cách chạy (máy móc); tác động (chất...),"gắng có thái độ tốt, gắng đối xử tốt; hết sức thận trọng giữ gìn trong cách đối xử sao cho đúng đắn"
publishing,,công việc xuất bản; nghề xuất bản,,
senior,'si:njə,"Senior nhiều tuổi hơn, bố (ghi sau tên họ người, để phân biệt hai bố con cùng tên hay hai ba học sinh cùng tên)","nhiều tuổi hơn, cao cấp hơn, lâu năm hơn, ở trình độ cao hơn; ở trình độ cao nhất",người lớn tuổi hơn
screen,skri:n,"bình phong, màn che","(vật lý) màn, tấm chắn","bảng, thông báo (có lưới sắt mắt cáo...)"
liberty,'libəti,"tự do, quyền tự do","sự tự tiện, sự mạn phép","((thường) số nhiều) thái độ sỗ sàng, thái độ coi thường, thái độ nhờn, thái độ tuỳ tiện"
covering,'kʌvəriɳ,"cái bao, cái bọc, vật che phủ, lớp phủ ngoài",cái nắp,"sự bao bọc, sự phủ, sự che đậy"
abroad,ə'brɔ:d,"ở nước ngoài, ra nước ngoài","khắp nơi, đang truyền đi khắp nơi",ngoài trời (đối với trong nhà)
reflected,,phản xạ,,
challenge,'tʃælindʤ,"(quân sự) tiếng hô ""đứng lại"" (của lính đứng gác)",sự thách thức,(pháp lý) sự không thừa nhận
quick,kwik,"thịt mềm (dưới móng tay, móng chân, trong vết thương)","tâm can, ruột gan; chỗ nhạy cảm nhất","(the quick) (từ cổ,nghĩa cổ) những người còn sống"
fail,feil,sự hỏng thi,người thi hỏng,"chắc chắn, nhất định"
encourage,in'kʌridʤ,"làm can đảm, làm mạnh dạn","khuyến khích, cổ vũ, động viên","giúp đỡ, ủng hộ"
commitment,kə'mitmənt,(như) committal,trát bắt giam,sự phạm (tội...)
delay,di'lei,sự chậm trễ; sự trì hoãn,điều làm trở ngại; sự cản trở,làm chậm trễ
repair,ri'peə,"sự sửa chữa, sự tu sửa",sự hồi phục,"tình trạng sử dụng được, tình trạng còn tốt"
heating,'hi:tiɳ,"sự đốt nóng, sự đun nóng; sự làm nóng","(kỹ thuật),  (vật lý) sự nung; sự nóng lên",
entrance,'entrəns,sự đi vào,(sân khấu) sự ra (của diễn viên),sự nhậm (chức...)
unusual,n'ju: u l,"không thường, không thông thường, không thường dùng, không quen",tuyệt vời,(ngôn ngữ học) ít dùng
architecture,'ɑ:kitektʃə,"thuật kiến trúc, khoa kiến trúc, khoa xây dựng","công trình kiến trúc, công trình xây dựng; cấu trúc",kiểu kiến trúc
pretty,'priti,"xinh, xinh xinh, xinh xắn, xinh đẹp","hay hay, thú vị, đẹp mắt","đẹp, hay, cừ, tốt..."
realize,'riəlaiz,"thực hiện, thực hành (kế hoạch hy vọng...)","thấy rõ, hiểu rõ, nhận thức rõ (việc gì...)",tả đúng như thật; hình dung (việc gì...) đúng như thật
worse,wə:s,"xấu hơn, tồi hơn, dở hơn",ác hơn,nguy hiểm hơn
fault,fɔ:lt,sự thiếu sót; khuyết điểm,điểm lầm lỗi; sự sai lầm,tội lỗi (trách nhiệm về một sai lầm)
occupation,",ɔkju'peiʃn","sự chiếm, sự giữ, sự chiếm giữ, sự chiếm đóng",sự ở (một ngôi nhà),thời hạn thuê
empty,'empti,"trống, rỗng, trống không, không","rỗng, không có đồ đạc; không có người ở (nhà)","rỗng tuếch (người); không có nội dung, vô nghĩa (sự việc); hão, suông (lời hứa)"
calendar,'kælində,lịch (ghi năm tháng),lịch công tác,(tôn giáo) danh sách các vị thánh
seriously,'siəriəsli,"đứng đắn, nghiêm trang","nghiêm trọng, trầm trọng, nặng","thật sự, không đùa"
supporting,sə'pɔ:tiɳ,"chống, đỡ",phụ,
transaction,træn'zækʃn,sự thực hiện; sự giải quyết,sự quản lý kinh doanh; công việc kinh doanh; sự giao dịch,(số nhiều) văn kiện hội nghị chuyên môn
ending,'endiɳ,"sự kết thúc, sự chấm dứt","sự kết liễu, sự diệt",phần cuối
fashion,'fæʃn,kiểu cách; hình dáng,"mốt, thời trang",(sử học);(đùa cợt) tập tục phong lưu đài các
productivity,productivity,"sức sản xuất; năng suất, hiệu suất",,
gender,'dʤendə,(ngôn ngữ học) giống,(thơ ca) (như) engender,
advanced,əd'vɑ:nst,"tiên tiến, tiến bộ, cấp tiến","cao, cấp cao",
reply,ri'plai,"câu trả lời, lời đáp","trả lời, đáp lại",
smooth,smu:ð,"nhẫn, trơn, mượt; bằng phẳng, lặng","trôi chảy, êm thấm","êm, dịu; nhịp nhàng uyển chuyển"
roots,,"(Econ) Các nghiệm, căn số.",,
unfortunately,,"(+for sombody) một cách đáng tiếc, không may",,
successfully,,"có kết quả, thành công, thắng lợi, thành đạt",,
driven,draiv,"cuộc đi xe, cuộc đi chơi bằng xe","(từ Mỹ,nghĩa Mỹ) đường lái xe vào nhà (trong khu vực một toà nhà)","sự lùa (thú săn), sự săn đuổi, sự dồn (kẻ địch)"
hit,hit,"đòn, cú đánh trúng (đấm, bắn, ném)",việc thành công; việc đạt kết quả; việc may mắn,"((thường) + at) lời chỉ trích cay độc, nhận xét gay gắt"
lips,,(vt của LISt Processing) tên ngôn ngữ lập trình,,
compare,kəm'peə,"(+ with) so, đối chiếu",(+ to) so sánh,"(ngôn ngữ học) tạo cấp so sánh (của tính từ, phó từ)"
lying,'laiiɳ,"sự nói dối, thói nói dối",sự nằm,"nơi nằm, chỗ nằm"
chest,tʃest,"rương, hòm, tủ, két",tủ com mốt ((cũng) chest of drawers),ngực
serving,,ống bọc cáp,"một phần nhỏ thức ăn, thức uống",
display,dis'plei,"sự bày ra, sự phô bày, sự trưng bày","sự phô trương, sự khoe khoang","sự biểu lộ, sự để lộ ra"
struck,straik,"đánh, đập","đánh, điểm",đúc
gun,,súng,phát đại bác,<lóng> súng lục
shell,ʃelf,vỏ; bao; mai,vỏ tàu; tường nhà,quan tài trong
passenger,'pæsindʤə,hành khách (đi tàu xe...),"(thông tục) thành viên không có khả năng làm được trò trống gì; thành viên kém không đóng góp đóng góp được gì (cho tổ, đội...)",(định ngữ) (thuộc) hành khách; để chở hành khách
silence,'sailidʤ,"sự lặng thinh, sự nín lặng",tính trầm lặng,sự im hơi lặng tiếng
inch,intʃ,đảo nhỏ (Ê-cốt),"insơ (đơn vị đo chiều dài Anh bằng 2, 54 cm)","mức (nước, mưa...) một insơ"
perfectly,'pə:fiktli,"hoàn toàn, hoàn hảo",,
straight,streit,thẳng,"thẳng, thẳng thắn, chân thật","ngay ngắn, đều"
dust,dʌst,bụi,rác,(thực vật học) phấn hoa
lowest,,thấp nhất; nhỏ nhất,,
remote,ri'mout,"xa, xa xôi, xa xăm","xa cách, cách biệt (thái độ...)",hẻo lánh
forming,,sự tạo hình; sự định hình,,
latest,'leitist,"muộn nhất; mới nhất, gần đây nhất",,
gate,geit,cổng,số người mua vé vào xem (một trận đấu thể thao...),tiền mua vé (trận đấu thể thao...) ((cũng) gate-money)
furniture,'fə:nitʃə,đồ đạc (trong nhà),"(từ Mỹ,nghĩa Mỹ) trang bị (của máy móc, tàu bè)","(ngành in) cái chèn,  lanhgô"
diet,'daiət,nghị viên (ở các nước khác nước Anh),hội nghị quốc tế,((thường) ở Ê-cốt) cuộc họp một ngày
musical,'mju:zikəl,"(thuộc) nhạc, (thuộc) âm nhạc","du dương, êm tai, thánh thót","thích nhạc, có năng khiếu về nhạc, biết thưởng thức nhạc; giỏi nhạc"
automatic,",ɔ:tə'mætik",tự động,"vô ý thức, máy móc",máy tự động; thiết bị tự động
calling,'kɔ:liɳ,"xu hướng, khuynh hướng (mà mình cho là đúng)",nghề nghiệp; tập thể những người cùng nghề,sự gọi
shock,ʃɔk,"sự đụng chạm, sự va chạm","sự đột xuất, sự đột biến, sự đột khởi",(nghĩa bóng) sự tấn công mãnh liệt và đột ngột
deeply,'di:pli,sâu,"sâu xa, sâu sắc","hết sức, vô cùng"
wet,wet,"ẩm; ướt, thấm nước, đẫm nước, đầm đìa",có mưa,"(hội họa) chưa khô, còn ướt"
pilot,'pailət,(hàng hải) hoa tiêu,"(hàng không) người lái (máy bay), phi công",(nghĩa bóng) người dẫn đường (đi săn...)
flood,flood,"lũ, lụt, nạn lụt","dòng cuồn cuộn; sự tuôn ra, sự chảy tràn ra ((nghĩa đen) & (nghĩa bóng))",nước triều lên ((cũng) flood-tide)
federation,",fedə'reiʃn",sự thành lập liên đoàn; liên đoàn,sự thành lập liên bang; liên bang,
promise,promise,"lời hứa, điều hứa, điều hẹn ước; sự hứa hẹn","(nghĩa bóng) triển vọng, hứa hẹn","chốn thiên thai, nơi cực lạc"
acceptable,ək'septəbl,"có thể nhận, có thể chấp nhận",có thể thừa nhận,"thoả đáng, làm hài lòng; được hoan nghênh, được tán thưởng"
alive,ə'laiv,"sống, còn sống, đang sống","vẫn còn, còn tồn tại, còn có hiệu lực, còn giá trị","nhan nhản, nhung nhúc, lúc nhúc"
citizen,'sitizn,người dân thành thị,"công dân, dân","(từ Mỹ,nghĩa Mỹ) người thường dân (trái với quân đội)"
sudden,'sʌdn,"thình lình, đột ngột",of (on) a sudden bất thình lình,
drawing,'drɔ:iɳ,"sự kéo, sự lấy ra, sự rút ra","thuật vẽ (vẽ hoạ đồ, vẽ kỹ thuật, không màu hoặc một màu)","bản vẽ, bức vẽ (vẽ đồ hoạ vẽ kỹ thuật, không màu hoặc một màu)"
roof,ru:f,"mái nhà, nóc",vòm,nóc xe
rent,rent,chỗ rách (ở quần áo); kẽ hở (ở đám mây); khe lá,"chỗ nẻ, kẽ nứt (ở mặt đất), khe núi","(nghĩa bóng) sự phân ly, sự chia rẽ (trong một đảng...)"
helpful,'helpful,giúp đỡ; giúp ích; có ích,,
wisdom,'wizd m,tính khôn ngoan,"sự từng tri, sự lịch duyệt","kiến thức, học thức, sự hiểu biết, sự thông thái"
murder,'mə:də,"tội giết người, tội ám sát",la ó om sòm,"(từ Mỹ,nghĩa Mỹ),  (từ lóng) nghịch ngợm (phá phách...) mà không bị làm sao"
joy,dʤɔi,"sự vui mừng, sự hân hoan, sự vui sướng",niềm vui,"(thơ ca) vui mừng, vui sướng"
roll,'roulkɔ:l,"cuốn, cuộn, súc, ổ",ổ bánh mì nhỏ (để ăn sáng...),"văn kiện, hồ sơ"
lateral,'lætərəl,ở bên,"phần bên, bộ phận bên, vật bên",
stored,,được tích trữ; bảo quản,,
broke,brouk,"khánh kiệt, túng quẫn, bần cùng",,
artificial,",ɑ:ti'fiʃəl",nhân tạo,"không tự nhiên, giả tạo; giả",
honor,'ɔnə,"(từ Mỹ,nghĩa Mỹ) (như) honour",,
strike,straik,"đánh, đập","đánh, điểm",đúc
faced,,(tạo nên tính từ ghép) có một kiểu mặt được nói rõ,red-faced,mặt đỏ
wise,waiz,"khôn, khôn ngoan","có kinh nghiệm, từng tri, hiểu biết, lịch duyệt",thông thạo
nervous,'nə:vəs,(thuộc) thần kinh,"dễ bị kích thích; nóng nảy, bực dọc; hay hoảng sợ; hay lo lắng, hay bồn chồn","có dũng khí, có khí lực, mạnh mẽ"
dependence,di'pendəns,"sự phụ thuộc, sự tuỳ thuộc, sự tuỳ theo; tính phụ thuộc","sự dựa vào, sự ỷ vào; sự nương tựa; chỗ dựa, chỗ nương tựa (để sống)","sự tin, sự tin cậy"
facing,'feisiɳ,sự đương đầu (với một tình thế),sự lật (quân bài),sự quay (về một hướng)
receipt,ri'si:t,"công thức (làm bánh, nấu món ăn...)",đơn thuốc,sự nhận được (thơ...)
attractive,ə'træktiv,hút,"thu hút, hấp dẫn, lôi cuốn, quyến rũ; có duyên",
lane,lein,"đường nhỏ, đường làng","đường hẻm, ngõ hẻm (ở thành phố)",khoảng giữa hàng người
helping,'helpiɳ,sự giúp đỡ,phần thức ăn đưa mời,
drew,drɔ:,"sự kéo; sự cố gắng, sự nỗ lực","sức quyến rũ, sức hấp dẫn, sức lôi cuốn; người có sức quyến rũ, vật có sức lôi cuốn",sự rút thăm; sự mở số; số trúng
focused,,điều tiêu; hội tụ,,
logical,'lɔdʤikəl,hợp với lôgic; theo lôgic; hợp lý,,
walking,'wɔ:kiɳ,"sự đi, sự đi bộ",sự đi dạo,đi bộ
regularly,'regjuləri,"đều đều, đều đặn, thường xuyên","theo quy tắc, có quy củ","(thông tục) hoàn toàn, thật s"
pleased,,hài lòng (thể hiện sự thoả mãn về ai/cái gì),"(+to do something) sẵn lòng, vui mừng, vui vẻ được làm cái gì",
trained,,lành nghề; có tay nghề,được huấn luyện,
childhood,'tʃaildhud,"tuổi thơ ấu, thời thơ ấu",trở lại thời kỳ như trẻ con; lẩm cẩm (người già),
belong,bi'lɔɳ,"thuộc về, của, thuộc quyền sở hữu","thuộc vào (chỗ nào), ở (chỗ nào)","thuộc về bổn phận của, là việc của; có liên quan tới"
shook,ʃuk,bộ ván và nắp thùng (sắp đóng thành thùng),,
comparative,kəm'pærətiv,so sánh,tương đối,(ngôn ngữ học) cấp so sánh
admit,əd'mit,"nhận vào, cho vào; kết nạp (vào nơi nào, tổ chức nào...); cho hưởng (quyền lợi...)","chứa được, nhận được, có đủ chỗ cho","nhận, thừa nhận; thú nhận"
chemicals,'kemikəlz,"hoá chất, chất hoá học",,
chart,tʃɑ:t,"(hàng hải) bản đồ đi biển, hải đồ",bản đồ,"đồ thị, biểu đồ"
heavily,'hevili,"nặng, nặng nề ((nghĩa đen) & (nghĩa bóng))",,
dealt,di:l,"gỗ tùng, gỗ thông",tấm ván cây,số lượng
belt,belt,"dây lưng, thắt lưng",dây đai (đeo gươm...),dây curoa
creative,kri:'eitiv,sáng tạo,,
filing,'failiɳ,sự giũa,(số nhiều) mạt giũa,
manage,'mænidʤ,"quản lý, trông nom","chế ngự, kiềm chế; điều khiển, sai khiến, dạy dỗ, dạy bảo","thoát khỏi, gỡ khỏi; xoay xở được, giải quyết được"
argue,'ɑ:gju:,"chứng tỏ, chỉ rõ","tranh cãi, tranh luận","cãi lẽ, lấy lý lẽ để bảo vệ; tìm lý lẽ để chứng minh"
lights,'laits,"phổi súc vật (cừu, lợn...) (dùng làm thức ăn cho chó, mèo...)",,
liabilities,,(Econ) Nợ.,,
preferred,pri'fə:d,"được thích hơn, được ưa hơn","được ưu đâi, được ưu tiên",
replace,ri'pleis,thay thế,đặt lại chỗ cũ,
storm,stɔ:m,"dông tố, cơn bão",thời kỳ sóng gió (trong đời người),"trận mưa (đạn, bom...), trận"
custom,'kʌstəm,"phong tục, tục lệ",(pháp lý) luật pháp theo tục lệ,"sự quen mua hàng, sự làm khách hàng; khách hàng, bạn hàng, mối hàng"
landscape,'lænskeip,phong cảnh,làm đẹp phong cảnh,làm nghề xây dựng vườn hoa và công viên
drop,drɔp,"giọt (nước, máu, thuốc...)","hớp nhỏ rượu mạnh, ly nhỏ rượu mạnh, chút xíu rượu mạnh","kẹo viên, viên (bạc hà...)"
enormous,,"to lớn, khổng lồ",<cổ> tàn ác,
lawyer,'lɔ:jə,luật sư,luật gia,
missing,'misiɳ,"vắng, thiếu, khuyết, mất tích, thất lạc",the missing (quân sự) những người mất tích,
symbol,'simbəl,vật tượng trưng,ký hiệu,"(từ hiếm,nghĩa hiếm) biểu hiện, tượng trưng"
consist,kən'sist,(+ of) gồm có,"(+ in) cốt ở, cốt tại, ở chỗ",(+ with) phù hợp
returning,,sự điều hướng lại,,
satisfy,'sætisfai,"làm thoả mãn, làm vừa lòng, đáp ứng (được yêu cầu, điều kiện...)","dạng bị động thoả mãn, hài lòng (với thành tích...)",trả (nợ); làm tròn (nhiệm vụ); chuộc (tội)
imagination,"i,mædʤi'neiʃn","sức tưởng tượng, trí tưởng tượng; sự tưởng tượng",điều tưởng tượng,khả năng hư cấu (trong văn học)
petitioner,pi'tiʃnə,"người cầu xin, người thỉnh cầu; người kiến nghị",(pháp lý) người đệ đơn,
fiction,'fikʃn,"điều hư cấu, điều tưởng tượng",tiểu thuyết,
precise,pri'sais,"đúng, chính xác","tỉ mỉ, kỹ tính, nghiêm ngặt, câu nệ (người...)",
crowd,kraud,đám đông,(the crowd) quần chúng,"(thông tục) bọn, lũ, nhóm, tụi, cánh"
heading,'hediɳ,đề mục nhỏ; tiêu đề,(ngành mỏ) lò ngang,"(thể dục,thể thao) cú đánh đầu (bóng đá)"
tip,tip,"đầu, mút, đỉnh, chóp","đầu bịt (của gậy, điếu thuốc lá...)",bút để thếp vàng
max,,(viết tắt) tối đa,,
handling,,"cách trình bày, diễn xuất (tác phẩm (sân khấu))",tội chứa chấp hàng ăn cắp,quá trình tiến hành công việc mua bán (đóng gói đưa lên tàu cho người tiêu thụ)
shut,ʃʌt,"đóng, khép, đậy, nút, nhắm, gập, ngậm","kẹp, chẹt",kéo (cửa) xuống; đóng cửa (nhà máy)
worst,wə:st,"xấu nhất, tồi nhất, tệ nhất",độc ác nhất,nghiêm trọng nhất
somewhere,'sʌmweə,ở một nơi nào đó,"khoảng, chừng",
pride,praid,"sự kiêu hãnh, sự hãnh diện; niềm kiêu hãnh, niềm hãnh diện, tính tự cao, tính tự phụ, tính kiêu căng",lòng tự trọng ((cũng) proper pride); lòng tự hào về công việc của mình,"độ đẹp nhất, độ rực rỡ nhất, độ chín muồi, độ phát triển nhất"
performing,pə'fɔ:miɳ,"biểu diễn, làm xiếc, làm trò vui (chỉ dùng cho thú vật)",,
violent,'vaiələnt,"mạnh mẽ, dữ dội, mãnh liệt","hung tợn, hung bạo","kịch liệt, quá khích, quá đáng"
convenient,kən'vi:njənt,"tiện lợi, thuận lợi; thích hợp",,
appreciate,ə'pri:ʃieit,đánh giá,"đánh giá đúng, đánh giá cao, hiểu rõ giá trị","(từ Mỹ,nghĩa Mỹ) thấy rõ, nhận thức; sâu sắc"
mistake,mis'teik,"lỗi, sai lầm, lỗi lầm",(thông tục) không còn nghi ngờ gì nữa,"phạm sai lầm, phạm lỗi"
slave,sleiv,người nô lệ (đen & bóng),"người làm việc đầu tắt mặt tối, thân trâu ngựa",người bỉ ổi
nobody,'noubədi,"không ai, không người nào","người vô giá trị, người vô dụng, người bất tài, người tầm thường",
reveal,ri'vi:l,"để lộ, tỏ ra, biểu lộ; bộc lộ, tiết lộ (điều bí mật)","phát giác, khám phá (vật bị giấu...)",
cutting,'kʌtiɳ,"sự cắt, sự thái, sự xẻo (thịt...), sự xén (giấy...), sự chặt (cây...), sự đào (mương...), sự đục (đá...)","đường hào, đường nhỏ xuyên qua rừng; đường xẻ xuyên qua núi đồi",cành giâm
rating,'reitiɳ,sự đánh giá (tài sản để đánh thuế),mức thuế (địa phương),"việc xếp loại; loại (ô tô, thuyền buồm đua, tàu chiến, được xếp theo mã lực, trọng tải...)"
aged,'eidʤid,làm cho già đi,già đi,
automatically,,tự động,,
shot,ʃɔt,sự trả tiền; phiếu tính tiền (ở quán rượu...),phần đóng góp,"đạn, viên đạn"
progressive,progressive,"tiến lên, tiến tới",tiến bộ,"luỹ tiến; tăng dần lên; tăng không ngừng, phát triển không ngừng"
anyway,'enihau,"thế nào cũng được, cách nào cũng được","dầu sao chăng nữa, dù thế nào đi nữa","đại khái, qua loa, tuỳ tiện, được chăng hay chớ; cẩu thả, lộn xộn, lung tung"
stomach,'stʌmək,dạy dày,bụng,"sự đói, sự thèm ăn"
castle,'kɑ:sl,"thành trì, thành quách",lâu dài,(đánh cờ) quân cờ thấp
sampling,,sự lấy mẫu,,
weekly,'wi:kli,kéo dài một tuần,hằng tuần,báo hằng tuần
wooden,'wudn,bằng gỗ,"(nghĩa bóng) cứng đờ; đờ đẫn; vụng, lúng túng",người ngu độn
surprised,,(+at) ngạc nhiên,,
sake,seik,"mục đích, lợi ích",,
destroy,dis'trɔi,"phá, phá hoại, phá huỷ, tàn phá, tiêu diệt","làm mất hiệu lực, triệt phá",
default,di'fɔ:lt,"sự thiếu, sự không có, sự không đủ",(pháp lý) sự vắng mặt (không ra hầu toà),"(thể dục,thể thao) sự bỏ cuộc"
string,striɳ,"dây, băng, dải",thớ (thịt...); xơ (đậu...),dây đàn
illegal,i'li:gəl,"không hợp pháp, trái luật",,
throw,θrou,"sự ném, sự vứt, sự quăng, sự liệng",khoảng ném xa,"(thể dục,thể thao) sự vật ngã, sự quăng xuống đất"
raising,,sự đưa lên,sự chăn nuôi; nghề chăn nuôi,sự nổi lên (khỏi nước)
happiness,'hæpinis,"sự sung sướng, hạnh phúc",câu nói khéo chọn; thành ngữ khéo chọn; từ dùng rất đắt,"(từ cổ,nghĩa cổ) sự may mắn"
exhibition,",eksi'biʃn",cuộc triển lãm cuộc trưng bày,"sự phô bày, sự trưng bày","sự bày tỏ, sự biểu lộ"
discover,dis'kʌvə,"khám phá ra, tìm ra, phát hiện ra, nhận ra","để lộ ra, bộc lộ ra, phơi bày ra",
anywhere,'eniweə,"bất kỳ chỗ nào, bất cứ nơi đâu",,
cried,krai,"tiếng kêu, tiêng la, tiếng hò hét, tiếng hò reo (vì đau đớn, sợ, mừng rỡ...)",tiếng rao hàng ngoài phố,"lời hô, lời kêu gọi"
headed,'hedid,có ghi ở đầu (trang giấy...),,
essay,'esei,sự làm thử; sự làm cố gắng,bài tiểu luận,thử làm; cố làm (gì...)
crossed,,chéo,,
handled,,có cán (dùng trong tính từ ghép),,
buried,,"(Tech) chôn, ngầm (dưới đất)",,
reactor,ri:'æktə,lò phản ứng,,
prefer,pri'fə:,"thích hơn, ưa hơn","đề bạt, thăng cấp (ai vào một chức vị nào)","đưa ra, trình"
bases,'beisis,"nền tảng, cơ sở",căn cứ (quân sự),
desert,di'zə:t,"công lao, giá trị","sự xứng đáng, sự đáng (khen thưởng, trừng phạt...)",những người xứng đáng
instant,'instənt,"lúc, chốc lát","(từ Mỹ,nghĩa Mỹ),  (thông tục) đồ ăn uống dùng ngay được","xảy ra ngay lập tức, sắp xảy ra"
unnecessary,ʌn'nesisəri,"không cần thiết, thừa, vô ích",,
advised,əd'vaizd,"am hiểu, hiểu biết","đúng, đúng đắn, chí lý",có suy nghĩ thận trọng
thrown,θrou,"sự ném, sự vứt, sự quăng, sự liệng",khoảng ném xa,"(thể dục,thể thao) sự vật ngã, sự quăng xuống đất"
mobile,'moubail,"chuyển động, di động; lưu động","hay thay đổi, dễ biến đổi, biến đổi nhanh",
favour,'feivə,thiện ý; sự quý mến,"sự đồng ý, sự thuận ý",sự chiếu cố; sự thiên vị; ân huệ; đặc ân
brand,brænd,nhãn (hàng hoá),loại hàng,dấu sắt nung (đóng vào vai tội nhân); vết dấu sắt nung
armed,ɑ:md,vũ trang,,
pan,pæn - pɑ:n,pɑ:n/,"(thần thoại,thần học) thần đồng quê",ông Tạo
elderly,'eldəli,sắp già,,
friendship,'frendʃip,"tình bạn, tình hữu nghị",,
apartment,ə'pɑ:tmənt,"căn phòng, buồng",(số nhiều) (Mỹ số ít) dãy buồng ở một tầng (cho một gia đình),
offering,'ɔfəriɳ,"sự biếu, sự tặng, sự dâng, sự hiến, sự cúng, sự tiến","đồ biếu, đồ tặng, lễ vật, đồ cúng, đồ tiến",sự đề nghị
directory,di'rektəri,"chỉ bảo, chỉ dẫn, hướng dẫn, huấn thị","sách chỉ dẫn, sách hướng dẫn",số hộ khẩu (trong một vùng)
tied,,cho ai thuê với điều kiện người đó làm việc cho chủ nhà (về một ngôi nhà),,
battery,'bætəri,(quân sự) khẩu đội (pháo),"(điện học) bộ pin, ắc quy",bộ
dam,dæm,(động vật học) vật mẹ,ma quỷ,đập (ngăn nước)
roughly,'rʌfli,"ráp, xù xì, gồ ghề, không bằng phẳng, bờm xờm, lởm chởm","dữ dội, mạnh mẽ","thô lỗ, thô bạo, sống sượng, lỗ mãng, cộc cằn"
beer,bi:n,rượu bia,ngà ngà say,"những cái thú vị, những trò giải trí vui chơi"
fought,fait,"sự đấu tranh, sự chiến đấu; trận đánh, cuộc chiến đấu","(nghĩa bóng) sự mâu thuẫn, sự lục đục","khả năng chiến đấu; tính hiếu chiến, máu hăng"
shadow,'ʃædou,"bóng, bóng tối, bóng râm, bóng mát",bóng (của bức tranh); chỗ tối (trong gian phòng...),"hình bóng; (bóng) bạn nối khố, bạn thân, người theo sát như hình với bóng, người đi theo không rời bước"
pull,pul,"sự lôi, sự kéo, sự giật; cái kéo, cái giật","sự kéo, sức đẩy, sự hút","nút kéo, nút giật (ngăn kéo, chuông...)"
touched,tʌtʃt,"bối rối, xúc động","điên điên, gàn gàn, hâm hâm",
stuff,stʌf,"chất, chất liệu; thứ, món",(the stuff) (thông tục) tiền nong; gỗ lạt; đạn,vải len
gallery,'gæləri,phòng trưng bày tranh tượng,"nhà cầu, hành lang","phòng dài (tập bắn, chơi bóng gỗ...)"
pleasant,'pleznt,"vui vẻ, dễ thương (người...)","dễ chịu, thú vị, làm thích ý, vừa ý, đẹp hay, vui, êm đềm, dịu dàng","(từ cổ,nghĩa cổ) hay vui đùa, hay pha trò, hay khôi hài"
stepped,stept,có bậc,,
placing,,(Econ) Nghiệp vụ bày bán.,,
campus,'kæmpəs,"(từ Mỹ,nghĩa Mỹ) khu sân bãi (của các trường trung học, đại học)",khu trường sở,
drove,drouv,đàn (vật nuôi đang được chăn dắt đi),đám đông; đoàn người đang đi,(kỹ thuật) cái đục (của thợ nề) ((cũng) drove chisel)
checked,tʃekt,"kẻ ô vuông, kẻ ca rô",,
reproduction,",ri:prə'dʌkʃn",sự tái sản xuất,sự sinh sôi nẩy nở; sự sinh sản,"sự sao chép, sự sao lại, sự mô phỏng; bản (bức tranh, bài văn...) sao chép; bản (bức tranh, bài văn...) mô phỏng"
sending,,"sự gửi, sự phát","sự phát sóng, sự phát tín hiệu",
lesser,'lesə,"nhỏ hơn, bé hơn, ít hơn",,
survive,sə'vaivə,sống lâu hơn,"sống qua, qua khỏi được","sống sót, còn lại, tồn tại"
voting,'voutiɳ,"sự bỏ phiếu, sự bầu cử, sự biểu quyết",,
dried,,khô; sấy khô,dried milk,sữa bột
inside,'in'said,"mặt trong, phía trong, phần trong, bên trong",phần giữa,"(thông tục) lòng, ruột"
intelligent,in'telidʤənt,"thông minh, sáng dạ",nhanh trí,biết
correctly,,"đúng cách thức, phù hợp","đúng đắn, nghiêm chỉnh",
wonder,'wʌndə,"vật kỳ diệu, kỳ quan, vật phi thường; điều kỳ lạ, điều kỳ diệu; kỳ công","người kỳ diệu, thần đồng","sự ngạc nhiên, sự kinh ngạc"
pro,pro,(viết tắt) của professionaln đấu thủ nhà nghề,,
container,kən'teinə,"cái đựng, cái chứa (chai, lọ, bình, thành, hộp...)","(thương nghiệp) thùng đựng hàng, hộp đựng hàng",(kỹ thuật) côngtenơ
flour,flour,"bột, bột mì",rắc bột (mì),"(từ Mỹ,nghĩa Mỹ) xay thành bột"
authorization,",ɔ:θərai'zeiʃn","sự cho quyền, sự cho phép","uỷ quyền, quyền được cho phép",
anxious,'æɳkʃəs,"áy náy, lo âu, lo lắng, băn khoăn","ước ao, khao khát; khắc khoải","đáng lo ngại, nguy ngập"
explore,iks'plɔ:,"thăm dò, thám hiểm",(y học) thông dò,khảo sát tỉ mỉ
golden,'gouldən,bằng vàng,"có vàng, nhiều vàng",có màu vàng
coupled,,(Tech) bị ghép,,
fortune,'fɔ:tʃn,vận may; sự may mắn,"thần vận mệnh, thần tài; vận, vận mệnh","sự giàu có, sự thịnh vượng; của cải, cơ đồ"
loose,lu:s,"lỏng, không chặt, chùng, không căng, không khít, rời ra, lung lay, long ra, lòng thòng","rộng lùng thùng, lùng nhùng (quần áo)","xốp, mềm, dễ cày, dễ làm tơi (đất)"
hero,'hiərou,người anh hùng,nhân vật nam chính (trong một tác phẩm văn học),
forever,fə'revə,"mãi mãi, vĩnh viễn",,
handed,,có bàn tay (dùng trong tính từ ghép),thuận tay (dùng trong tính từ ghép),bằng tay (dùng trong tính từ ghép)
suite,swi:t,"dãy, bộ",đoàn tuỳ tùng,(âm nhạc) tổ khúc
photograph,'foutəgrɑ:f,"ảnh, bức ảnh","chụp ảnh (ai, cái gì)",chụp ảnh
dying,'daiiɳ,sự chết,chết; hấp hối,thốt ra lúc chết
entertainment,",entə'teinmənt",sự tiếp đãi; sự chiêu đãi; buổi chiêu đãi,"sự giải trí, sự tiêu khiển, sự vui chơi; cuộc biểu diễn văn nghệ","sự nuôi dưỡng, sự ấp ủ (ảo tưởng, hy vọng, nghi ngờ, quan điểm...)"
surprising,sə'praiziɳ,"làm ngạc nhiên, làm kinh ngạc",,
losing,'lu:ziɳ,"nhất định thua, nhất định thất bại, không hòng thắng",,
succession,sək'seʃn,sự kế tiếp; sự liên tiếp,"sự nối ngôi, sự kế vị; quyền kế vị","sự thừa kế, sự ăn thừa tự"
retired,ri'taiəd,"ẩn dật, xa lánh mọi người","hẻo lánh, ít người qua lại","đã về hưu; đã thôi (làm việc, buôn bán, kinh doanh...)"
portrait,'pɔ:trit,"chân dung, ảnh","hình tượng, điển hình",sự miêu tả sinh động
lamp,læmp,đèn,"mặt trời, mặt trăng, sao","nguồn ánh sáng (tinh thần...), nguồn hy vọng"
mood,mu:d,"(ngôn ngữ học) lối, thức",(âm nhạc) điệu,"tâm trạng; tính khí, tâm tính, tính tình"
expert,'ekspə:t,"(+ at,  in) chuyên môn, thành thạo, thông thạo, lão luyện",của nhà chuyên môn; về mặt chuyên môn,"nhà chuyên môn, chuyên gia, chuyên viên"
ruled,,kẻ,,
convenience,kən'vi:njəns,"sự tiện lợi, sự thuận lợi; sự thích hợp","đồ dùng, các thứ tiện nghi","lợi ích vật chất, điều lợi"
forum,'fɔ:rəm,diễn đàn ((nghĩa đen) & (nghĩa bóng)),toà án,"(từ cổ,nghĩa cổ) (La mã) chợ, nơi công cộng; chỗ hội họp"
shaped,ʃeipt,"có hình, có hình dạng (cái gì)","có khuôn, theo khuôn, theo mẫu",
concentrated,'kɔnsentreitid,tập trung,(hoá học) cô đặc,
somebody,'sʌmbədi,"một người nào đó, có người ((cũng) someone)",(số nhiều somebodies) ông này ông nọ,
activation,",ækti'veiʃn",sự hoạt hoá,sự làm phóng xạ,
succeed,sək'si:d,"kế tiếp, tiếp theo","kế nghiệp; nối ngôi, kế vị",thành công
insured,in'ʃuəd,người được bảo hiểm,,
threw,θrou,"sự ném, sự vứt, sự quăng, sự liệng",khoảng ném xa,"(thể dục,thể thao) sự vật ngã, sự quăng xuống đất"
unfair,'ʌn'feə,"bất công, không công bằng, thiên vị (người); không ngay thẳng, không đúng đắn; gian tà, gian lận","quá chừng, quá mức, thái quá",
physically,,về thân thể; theo luật tự nhiên,,
worry,'wʌri,sự lo lắng; điều lo nghĩ,"sự quấy rầy; điều làm phiền, điều khó chịu",sự nhạy (của chó săn)
pursue,pə'sju:,"theo, đuổi theo, đuổi bắt, truy nã, truy kích","(nghĩa bóng) đeo đẳng, cứ bám lấy dai dẳng","theo, đi theo, theo đuổi, đeo đuổi, tiếp tục, thực hiện đến cùng"
breaking,,"(Tech) cắt, ngắt (d)",,
ruling,'ru:liɳ,"sự cai trị, sự trị vì, sự thống trị; sự chỉ huy, sự điều khiển",sự quyết định (của quan toà...),sự kẻ (giấy)
marry,'mæri,"cưới (vợ), lấy (chồng)","lấy vợ cho, lấy chồng cho, gả, làm lễ cưới cho ở nhà thờ",(nghĩa bóng) kết hợp chặt chẽ
honour,'ɔnə,"danh dự, danh giá, thanh danh","vinh dự, niềm vinh dự; người làm rạng danh",lòng tôn kính; sự kính trọng
badly,'bædli,"xấu, tồi, dở, bậy",ác,"nặng trầm trọng, nguy ngập"
invention,in'venʃn,"sự phát minh, sự sáng chế; vật phát minh, vật sáng chế; sáng kiến","tài phát minh, tài sáng chế; óc sáng tạo",sự sáng tác; vật sáng tác
quietly,'kwiətli,"yên lặng, yên tĩnh, êm ả","yên ổn, thanh bình, thanh thản",
brilliant,'briljənt,"sáng chói, chói loà; rực rỡ","tài giỏi, lỗi lạc",hạt kim cương nhiều mặt
feeding,'fi:diɳ,sự cho ăn; sự nuôi lớn,sự bồi dưỡng,sự cung cấp (chất liệu cho máy)
uncertain,ʌn'sə:tn,"không chắc, còn ngờ","hay thay đổi, không kiên định",không đáng tin cậy
corrected,,"đã sửa (chữa), đã hiệu đính",,
failing,'feiliɳ,sự thiếu,sự không làm tròn (nhiệm vụ),"sự suy nhược, sự suy yếu"
traveling,,sự du lịch; cuộc du lịch,"sự dời chỗ, sự di chuyển",<điện ảnh> sự quay phim trên giá trượt
consistently,kən'sistəntli,"(+ with) phù hợp với, thích hợp với","kiên định, trước sau như một",
harmony,'hɑ:məni,"sự hài hoà, sự cân đối","sự hoà thuận, sự hoà hợp",(âm nhạc) hoà âm
targets,,(Econ) Mục tiêu (định lượng).,,
locally,'loukəli,"với tính chất địa phương, cục bộ",,
communicate,kə'mju:nikeit,"truyền; truyền đạt, thông tri",(tôn giáo) ban thánh thể (cho ai),chia sẻ
spots,spɔts,hàng bán trả tiền ngay,,
mystery,'mistəri,"điều huyền bí, điều thần bí","bí mật, điều bí ẩn","(số nhiều) (tôn giáo) nghi lễ bí truyền, nghi thức bí truyền"
bench,bentʃ,ghế dài,"bàn (của thợ mộc, thợ đóng giày)",ghế ngồi của quan toà; toà án
confused,kən'fju:zd,"lẫn lộn, lộn xộn, rối rắm",mơ hồ,"bối rối, ngượng"
delayed,,bị chậm,,
pointing,'pɔintiɳ,"sự chỉ, sự trỏ","sự đánh dấu chấm, sự chấm (câu...)",sự trét vữa vào kẽ gạch
gentle,'dʤentl,"hiền lành, dịu dàng, hoà nhã; nhẹ nhàng; thoai thoải","(thuộc) dòng dõi trâm anh, (thuộc) gia đình quyền quý","(từ cổ,nghĩa cổ) lịch thiệp, lịch sự; cao quý"
formulation,",fɔ:mju'leiʃn",sự làm thành công thức; sự đưa vào một công thức,"sự trình bày rõ ràng chính xác, phát biểu có hệ thống (ý kiến...)",
creditors,,(Econ) Các chủ nợ.,,
overview,,"sự khái quát; miêu tả chung, ngắn gọn",,
grateful,'greitful,biết ơn,"dễ chịu, khoan khoái",
prediction,pri'dikʃn,"sự nói trước; sự đoán trước, sự dự đoán","lời nói trước; lời đoán trước, lời dự đoán, lời tiên tri",
cleared,,đã phát quang,,
peaceful,'pi:sful,"hoà bình, thái bình","yên ổn, thanh bình",yên lặng
romantic,rə'mæntik,"(thuộc) tiểu thuyết, như tiểu thuyết; mơ mộng, xa thực tế, lãng mạng","viển vông, hão huyền, không thực tế, ảo tưởng (kế hoạch...)","người lãng mạn; nhà thơ lãng mạng, nhà văn lãng mạng"
meter,'mi:tə,cái đo; cái đòng hồ đo; người đo ((thường) trong từ ghép),"(từ Mỹ,nghĩa Mỹ) (như) metre",
plenty,'plenti,"sự sung túc, sự phong phú, sự dồi dào, sự có nhiều",sừng dê kết hoa quả (tượng trưng cho sự phong phú),"(thông tục) hoàn toàn, rất lắm"
distinctive,dis'tiɳktiv,đặc biệt; để phân biệt,,
wedding,'wedi,lễ cưới,,
affair,ə'feə,việc,"(số nhiều) công việc, việc làm, sự vụ","chuyện tình, chuyện yêu đương"
borne,beə,"mang, cầm, vác, đội, đeo, ôm","chịu, chịu đựng","sinh, sinh sản, sinh lợi"
locality,lou'kæliti,"vùng, nơi, chỗ, địa phương",vị trí; trụ sở,phương hướng; phép định hướng
designation,",ddezig'neiʃn","sự chỉ rõ, sự định rõ","sự chọn lựa, sự chỉ định, sự bổ nhiệm","sự gọi tên, sự mệnh danh"
managing,",mænidʤiɳ","trông nom, quản lý","khéo trông nom, quản lý giỏi, kinh doanh giỏi","cẩn thận, tiết kiệm"
claimant,'keimənt,"người đòi, người yêu sách; người thỉnh cầu","(pháp lý) nguyên đơn, người đứng kiện",
adjust,ə'dʤʌst,"sửa lại cho đúng, điều chỉnh",lắp (các bộ phận cho ăn khớp),"chỉnh lý, làm cho thích hợp"
basically,'beisikəli,"cơ bản, về cơ bản",,
predict,pri'dikt,"nói trước; đoán trước, dự đoán",,
controller,kən'troulə,"người kiểm tra, người kiểm soát","quản gia, quản lý, trưởng ban quản trị (bệnh viện, trường học, doanh trại quân đội...) ((cũng) comptroller)","(kỹ thuật) bộ điều chỉnh (nhiệt độ, áp lực, tốc độ của máy...)"
shipment,'ʃipmənt,sự xếp (hàng) xuống tàu,hàng hoá trên tàu,sự gửi hàng bằng đường biển
commons,'kɔmənz,"dân chúng, những người bình dân",đồ ăn ăn chung; bàn ăn chung,khẩu phần ăn hằng ngày theo giá qui định (đại học Ôc-phớt và Căm-brít)
gather,'gæðə,"tập hợp, tụ họp lại","hái, lượm, thu thập","lấy, lấy lại"
honey,'hʌni,mật ong; mật (của một vài loài sâu bọ khác),"(nghĩa bóng) sự dịu dàng, sự ngọt ngào","mình yêu quý, anh yêu quý, em yêu quý, con yêu quý"
bears,,(Econ) Người đầu cơ giá xuống.,,
insure,in'ʃuə,"bảo hiểm (tài sản, tính mệnh)","đảm bảo, làm cho chắc chắn)",ký hợp đồng bảo hiểm
suited,,"(+for/to) hợp, phù hợp, thích hợp (với ai/cái gì)",(tạo thành các tính từ ghép) mặc,
earn,ə:n,"kiếm được (tiền...); giành được (phần thưởng, sự khen ngợi...)",,
atom,'ætəm,nguyên tử,"(thông tục) mảnh đất nhỏ, vật nhỏ, tý, chút xíu",(định ngữ) (thuộc) nguyên tử
blow,blou,cú đánh đòn,"tai hoạ, điều gây xúc động mạnh, cú choáng người",chống lại
paths,,như path,,
drilling,,việc gieo mạ theo hàng,việc khoan lỗ,
lock,lɔk,"món tóc, mớ tóc; mớ bông, mớ len","(số nhiều) mái tóc, tóc",khoá
publish,'pʌbliʃ,công bố; ban bố (sắc lệnh...),xuất bản (sách...),
unlawful,'ʌn'lɔ:ful,"không hợp pháp, phi pháp, bất chính",,
advise,əd'vaiz,"khuyên, khuyên bảo, răn bảo",(thương nghiệp) báo cho biết,hỏi ý kiến
differently,'difrəntli,"khác, khác nhau, khác biệt",,
magic,'mædʤik,"ma thuật, yêu thuật",ma lực,"phép kỳ diệu, phép thần thông"
patents,,(Econ) Bằng sáng chế.,,
classic,'klæsik,kinh điển,viết bằng thể văn kinh điển,cổ điển không mới (kiểu ăn mặc)
accepting,,(Tech) nhận tin (đầu cuối),,
talent,'tælənt,"tài, tài ba, tài năng, tài cán","người có tài, nhân tài","khiếu, năng khiếu"
sharing,,"sự phân chia, sự phân bổ",,
successor,sək'sesə,người nối nghiệp; người nối ngôi; người thừa tự,,
insect,'insekt,"(động vật học) sâu bọ, côn trùng","(nghĩa bóng) đồ nhãi nhép, đồ sâu bọ, đồ giun dế",
wanting,'wɔntiɳ,"(+ in) thiếu, không có","(thông tục) ngu, đần","thiếu, không có"
rope,roup,"dây thừng, dây chão",(số nhiều) (the ropes) dây bao quanh vũ đài,"xâu, chuỗi"
menu,'menju:,thực đơn,,
pour,pɔ:,"rót, đổ, giội, trút","(nghĩa bóng) thổ lộ, bộc lộ, trút ra","đổ, chảy tràn"
mad,mæd,"điên, cuồng, mất trí","(thông tục) bực dọc, bực bội","(+ about,  after,  for,  on) say mê, ham mê"
organize,'ɔ:gənaiz,"tổ chức, cấu tạo, thiết lập","(từ Mỹ,nghĩa Mỹ) lập thành nghiệp đoàn, đưa vào nghiệp đoàn",thành tổ chức
trap,træp,"đồ đạc quần áo, đồ dùng riêng; hành lý",(khoáng chất) đá trap ((cũng) traprock),"bẫy, cạm bẫy ((nghĩa đen) & (nghĩa bóng))"
addressing,,"(Tech) định địa chỉ, định vị trí (d)",,
landed,'lændid,(thuộc) đất đai; có đất,,
expressly,iks'presli,"riêng để, chỉ để; cốt để","chính xác rõ ràng, tuyệt đối",
unpublished,'ʌn'pʌbliʃt,chưa in; không xuất bản,không công bố,
worried,,thời quá khứ & động tính từ quá khứ của worry,"(+about somebody/something; that ) bồn chồn, lo nghĩ, cảm thấy lo lắng, tỏ ra lo lắng",
planet,'plænit,(thiên văn học) hành tinh,(tôn giáo) áo lễ,
shade,ʃeid,"bóng, bóng tối ((nghĩa đen) & (nghĩa bóng))",((thường) số nhiều) chỗ có bóng râm; chỗ bóng mát; (số nhiều) bóng đêm,bóng (chỗ đậm màu trong bức tranh)
postage,'poustidʤ,bưu phí,,
junior,'dʤu:njə,"trẻ tuổi hơn; em, con (ghi sau tên họ người)",ít tuổi hơn; ít thâm niên hơn; ở cấp dưới,người ít tuổi hơn
confident,'kɔnfidənt,"tin chắc, chắc chắn",tự tin,"tin tưởng, tin cậy"
maker,'meikə,"người làm, người sáng tạo, người tạo ra","(Maker) ông tạo, con tạo",
fence,fens,hàng rào,thuật đánh kiếm; (nghĩa bóng) tài tranh luận,lá chắn
clearance,'kliərəns,sự dọn quang,"(hàng hải) sự rời bến, sự thanh toán các khoản thuế để rời bến","khoảng hở, khoảng trống; độ hở, độ trống"
consistency,kən'sistənsi,(như) consistence,"tính kiên định, tính trước sau như một",
printer,'printə,thợ in,chủ nhà in,máy in
pile,pail,"cọc, cừ",cột nhà sàn,"đóng cọc, đóng cừ (trên một miếng đất...)"
smiling,'smailiɳ,"mỉm cười, tươi cười, hớn hở",,
creature,'kri:tʃə,"sinh vật, loài vật","người, kẻ","kẻ dưới, tay sai, bộ hạ"
inspiration,",inspə'reiʃn","sự hít vào, sự thở vào",sự truyền cảm,sự cảm hứng
lover,'lʌvə,"người yêu, người ham thích, người ham chuộng, người hâm mộ","người yêu, người tình",
sleeping,,sự ngừng lại giữa chừng,,
customary,'kʌstəməri,"thông thường, theo lệ thường, thành thói quen","(pháp lý) theo tục lệ, theo phong tục (luật pháp)",bộ luật theo tục lệ
literacy,'litərəsi,"sự biết viết, sự biết đọc",,
photography,fə'tɔgrəfi,"thuật nhiếp ảnh, thuật chụp ảnh; sự chụp ảnh",,
stranger,'streindʤə,"người lạ mặt, người xa lạ",người nước ngoài,
alarm,ə'lɑ:m,"sự báo động, sự báo nguy","còi báo động, kẻng báo động, trống mõ báo động, chuông báo động; cái còi báo động; cái kẻng để báo động, cái chuông để báo động",đồng hồ báo thức ((cũng) alarm clock)
online,,trực tuyến,,
boss,bɔs,"(từ lóng) ông chủ, thủ trưởng","(từ Mỹ,nghĩa Mỹ) ông trùm (của một tổ chức chính trị)",tay cừ (trong môn gì); nhà vô địch
globe,gloub,quả cầu,"địa cầu, trái đất, thế giới",cầu mắt
onset,'ɔnset,"sự tấn công, sự công kích",lúc bắt đầu,
noon,nu:n,"trưa, buổi trưa",(nghĩa bóng) đỉnh cao nhất (trong sự nghiệp...),
verb,və:b,(ngôn ngữ học) động từ,,
disturbed,,"bối rối, lúng túng",,
leisure,'leʤə,"thì giờ rỗi rãi, lúc thư nhàn",,
heated,'hi:tid,"được đốt nóng, được đun nóng","giận dữ, nóng nảy",sôi nổi
anniversary,",æni'və:səri",ngày kỷ niệm; lễ kỷ niệm,,
concentrate,'kɔnsentreit,tập trung,(hoá học) cô (chất lỏng),
envelope,'enviloup,"bao, bọc bì; phong bì","(toán học) hình bao, bao",vỏ bọc (khí cầu); bầu khí (khí cầu)
divide,di'vaid,"(từ Mỹ,nghĩa Mỹ) đường chia nước",,
lip,lip,môi,"miệng vết thương, miệng vết lở","miệng, mép (cốc, giếng, núi lửa...)"
rhythm,'riðm,nhịp điệu (trong thơ nhạc),sự nhịp nhàng (của động tác...),
inconsistent,",inkən'sistənt","mâu thuẫn nhau, trái nhau; không trước sau như một",,
golf,gɔlf,"(thể dục,thể thao) môn đánh gôn","(thể dục,thể thao) chơi gôn",
winning,'wini,"sự thắng cuộc, sự thắng; sự chiến thắng","(số nhiều) tiền (đồ vật) được cuộc, tiền được bạc",(kỹ thuật) sự khai thác
creditor,'kreditə,"người chủ nợ, người cho vay",(kế toán) bên có,
pepper,'pepə'ri:nou,"hạt tiêu, hồ tiêu",(nghĩa bóng) điều chua cay,"rắc tiêu vào, cho tiêu vào"
directive,di'rektiv,"chỉ huy, chi phối; chỉ dẫn, hướng dẫn","chỉ thị, lời hướng dẫn",
texture,'tekstʃə,"sự dệt, lối dệt (vải)",vải,"tổ chức, cách cấu tạo, kết cấu, cách sắp đặt"
visitor,'vizitə,"khách, người đến thăm","người thanh tra, người kiểm tra (trường học...)",
tie,tai,"dây buộc, dây cột, dây trói; dây giày",ca vát,"nơ, nút"
pack,pæk,"bó, gói; ba lô (quần áo)","đàn, bầy (chó săn, chó sói...)","lũ, loạt, lô"
drill,dril,(kỹ thuật) mũi khoan; máy khoan,(động vật học) ốc khoan,khoan
mistakes,,"hiểu lầm, sai lẫm // khuyết điểm; sự hiểu lầm",,
painter,peintə,thợ sơn,hoạ sĩ,dây néo (thuyền tàu)
diary,'daiəri,sổ nhật ký,lịch ghi nhớ,
hate,heit,"(thơ ca) lòng căm thù; sự căm hờn, sự căm ghét","căm thù, căm hờn, căm ghét","(thông tục) không muốn, không thích"
romance,rə'mæns,(Romance) những ngôn ngữ rôman,(Romance) Rôman (ngôn ngữ),"truyện anh hùng hiệp sĩ (thời Trung cổ, thường viết theo thể thơ)"
searching,'sə:tʃiɳ,"sự tìm kiếm, sự lục soát",sự hối hận; sự lo sợ,"kỹ lưỡng, thấu đáo, triệt để, sâu sắc (sự khám xét, sự quan sát...)"
deformation,'di:fɔ:'meiʃn,"sự làm cho méo mó, sự làm biến dạng, sự làm xấu đi; sự méo mó, sự biến dạng",(ngôn ngữ học) biến dạng (của một từ),
crying,'kraiiɳ,"khóc lóc, kêu la","rõ ràng, hiển nhiên; trắng trợn",
asleep,ə'sli:p,"ngủ, đang ngủ","tê cóng, tê bại (chân tay)",quay tít (con cù)
soap,soup,xà phòng,"xát xà phòng, vò xà phòng",giặt bằng xà phòng
laughing,'lɑ:fiɳ,"sự cười, sự cười đùa","vui cười, vui vẻ, tươi cười",đây không phải là chuyện đùa
promising,promising,"đầy hứa hẹn, đầy triển vọng",,
coin,kɔin,"đồng tiền (tiền đồng, tiền kim loại); tiền",ăn miếng trả miếng,đúc (tiền); đúc (kim loại) thành tiền
cooking,'kukiɳ,sự nấu; cách nấu ăn,"(từ lóng) sự giả mạo, sự khai gian",
sandy,'sændi,(Sandy) người Ê-cốt,"có cát, có nhiều cát","màu cát, hung hung (tóc); có tóc hung hung (người)"
pushing,'puʃiɳ,"dám làm, hăng gái, xốc tới, kiên quyết làm bằng được; gắng vượt người khác; gắng thành công trong mọi việc",,
vocabulary,və'kæbjuləri,(ngôn ngữ học) từ vựng,,
gathering,'gæðəriɳ,sự tụ họ; cuộc hội họp,"sự hái; sự gặt, sự thu nhặt, sự dồn lại",sự lấy lại (sức khoẻ)
adventure,əd'ventʃə,"phiêu lưu, mạo hiểm, liều","dám đi, dám đến (nơi nào...)",dám tiến hành (cuộc kinh doanh...)
cigarette,",sigə'ret",điếu thuốc lá,,
deciding,,có tác dụng quyết định,,
marking,,sự ghi nhãn,sự đánh dấu/ghi dấu,vết dụng cụ (trên bề mặt gia công)
metallic,mi'tælik,(thuộc) kim loại; như kim loại,,
seemingly,'si:miɳli,"cỏ vẻ, ra vẻ, tưởng chừng như",,
figured,'figəd,"in hoa; có hình vẽ (vải, lụa)","được miêu tả bằng hình vẽ, được miêu tả bằng sơ đồ",(âm nhạc) có hình nhịp điệu
shaking,,"sự lắc, sự giũ; hành động lắc, hành động giũ",,
fortunately,,"may mắn, may thay",,
packaging,,bao bì,,
brake,breik,bụi cây,(như) bracken,xe vực ngựa (tập cho ngựa kéo xe)
pronounced,pronounced,"rõ rệt, rõ ràng",,
pasture,'pɑ:stʃə,"đồng cỏ, bãi cỏ",cỏ (cho súc vật gặm),chăn thả (súc vật)
listing,'listiɳ,"sự lập danh sách, sự ghi vào danh sách",danh sách,
slide,slaid,sự trượt,đường trượt trên tuyết,"mặt nghiêng, ván trượt (để trượt hàng hoá...)"
crazy,'kreizi,quá say mê,"mất trí, điên dại","xộc xệch, khập khiễng, ọp ẹp (nhà cửa, đồ đạc, tàu bè...)"
elevator,'eliveitə,"máy nâng, máy trục","(từ Mỹ,nghĩa Mỹ) thang máy",(giải phẫu) cơ nâng
wondering,'wʌndəriɳ,"ngạc nhiên, kinh ngạc",,
horror,'hɔrə,"sự khiếp, sự ghê rợn",điều kinh khủng; cảnh khủng khiếp,"sự ghét độc địa, sự ghê tởm"
midnight,'midnait,"nửa đêm, mười hai giờ đêm",,
script,skript,"(pháp lý) nguyên bản, bản chính",chữ viết (đối với chữ in); chữ in ngả giống chữ viết; chữ viết tay giả chữ in,kịch bản phim đánh máy
touching,'tʌtʃiɳ,sự sờ mó,"cảm động, thống thiết","(từ cổ,nghĩa cổ) về, đối với"
cheek,tʃi:k,má,"sự táo tợn, sự cả gan; thói trơ tráo, tính không biết xấu hổ","lời nói láo xược, lời nói vô lễ"
episode,",episoud",phần giữa (hai bài đồng ca trong bi kịch Hy-lạp),"đoạn, hồi; tình tiết (trong truyện...)",
broker,'broukə,"người môi giới, người mối lái buôn bán",người bán đồ cũ,người được phép bán hàng tịch thu; người định giá hàng tịch thu
staying,,sự chống đỡ; chằng; nén,,
singing,,nghệ thuật của ca sự,"sự hát, hành động hát; tiếng hát",
nationalism,'næʃnəlizm,chủ nghĩa dân tộc,,
disappear,",disə'piə","biến đi, biến mất",,
checking,,(Tech) kiểm tra (d),,
instrumental,",instru'mentl","dùng làm dụng cụ, dùng làm công cụ, dùng làm phương tiện","(thuộc) dụng cụ, (thuộc) công cụ, (thuộc) phương tiện","(âm nhạc) trinh diễn bằng nhạc khí, viết cho nhạc khí"
matched,,"ngang nhau, tương ứng; phù hợp",,
licence,'laisəns,"cho phép; cấp giấy phép, cấp môn bài, cấp đăng ký","sự cho phép; giấy phép, môn bài, đăng ký","bằng, chứng chỉ"
blame,bleim,sự khiển trách; lời trách mắng,lỗi; trách nhiệm,
earthquake,'ə:θkweik,sự động đất,(nghĩa bóng) sự chấn động (xã hội...),
fool,fu:l,món hoa quả nấu (trộn với sữa kem...),"người khờ dại, người ngu xuẩn, người xuẩn ngốc","người làm trò hề, anh hề"
activated,'æktiveitid,đã hoạt hoá,đã làm phóng xạ,
clearing,'kliəriɳ,"sự làm sáng sủa, sự làm quang đãng, sự lọc trong","sự dọn dẹp, sự dọn sạch; sự phát quang, sự phá hoang; sự vét sạch, sự lấy đi, sự mang đi",sự vượt qua; sự tránh né
advertisement,əd'və:tismənt,"sự quảng cáo; bài quảng cáo (trên báo, trên đài...)",tờ quảng cáo; tờ yết thị; tờ thông báo (dán trên tường...),"cột quảng cáo, mục quảng cáo"
perfection,pə'fekʃn,"sự hoàn thành, sự hoàn hảo, sự hoàn toàn; tột đỉnh; sự tuyệt mỹ, sự tuyệt hảo","sự rèn luyện cho thành thạo, sự trau dồi cho thành thạo","người hoàn toàn, người hoàn hảo, vật hoàn hảo"
remind,ri'maind,"nhắc nhở, làm nhớ lại (cái gì)",,
mysterious,mis'tiəriəs,"thần bí, huyền bí","khó giải thích, khó hiểu, bí ẩn",
mark,mɑ:k,đồng Mác (tiền Đức),"dấu, nhãn, nhãn hiệu","dấu, vết, lằn"
softly,,"một cách dịu dàng, một cách êm ái",,
insurer,in'ʃuərə,người nhận bảo hiểm (vật gì cho người khác),công ty bảo hiểm,
basket,'bɑ:skit,"cái rổ, cái giỏ, cái thúng",tay cầm của roi song; roi song; roi mây,"(định ngữ) hình rổ, hình giỏ"
insulation,",insju'leiʃn","sự cô lập, sự cách ly",sự biến (đất liền) thành một hòn đảo,
harmful,'hɑ:mful,"gây tai hại, có hại",,
bonus,'bounəs,tiền thưởng,tiền các,"lợi tức chia thêm (cho người có cổ phần; (từ Mỹ,nghĩa Mỹ) cho người có bảo hiểm)"
quit,kwit,"vị ngữ thoát khỏi, giũ sạch được","bỏ, rời, buông","(từ Mỹ,nghĩa Mỹ) thôi, ngừng, nghỉ"
click,klik,tiếng lách cách,"(cơ khí) con cóc, cái ngàm (bánh xe răng cưa)",tật đá chân vào nhau; sự đá chân vào nhau (ngựa)
exploring,,sự thăm dò; sự thám hiểm,,
prolonged,prolonged,"kéo dài, được nối dài thêm",,
systemic,sis'temik,(sinh vật học) (thuộc) cơ thể nói chung,"ngấm vào qua rễ, ngấm vào qua mầm (thuốc trừ sâu)",
shoot,ʃu:t,cành non; chồi cây; cái măng,thác nước,"cầu nghiêng, mặt nghiêng (để tháo nước, để đẩy đất...)"
drying,,làm thành khô; được dùng khô,khô nhanh,
stamp,stæmp,tem,con dấu; dấu,"nhãn hiệu, dấu bảo đảm"
semester,si'mestə,học kỳ sáu tháng,,
designing,di'zainiɳ,"sự phác hoạ, sự vẽ kiểu, sự thiết kế, sự trình bày","gian ngoan, xảo quyệt, lắm mưu kế, lắm thủ đoạn",
pity,'piti,"lòng thương hại, lòng thương xót, lòng trắc ẩn","điều đáng thương hại, điều đáng tiếc","thương hại, thương xót, động lòng trắc ẩn đối với"
oppose,ə'pouz,"đối kháng, đối lại, đối chọi, đối lập","chống đối, phản đối","(động tính từ quá khứ) đối nhau, trái lại"
uniformity,",ju:ni'fɔ:miti","tính giống nhau, tính đồng dạng","tính chất (trạng thái) không thay đổi, tính đều đều, tính đơn điệu",
throwing,,ném; vứt; quăng,bàn quay (nặn đồ gốm),sự xe tơ
traveled,,"(thường trong từ ghép) đã đi nhiều, đã từng đi đây đi đó; bôn ba từng trải",có nhiều người qua lại (về con đường),
bride,braid,cô dâu,,
lending,'lendiɳ,"sự cho vay, sự cho mượn",,
stolen,sti:l,"ăn cắp, ăn trộm","lấy bất thình lình, làm vụng trộm; khéo chiếm được (bằng thủ đoạn kín đáo...)","lẻn, đi lén"
beg,beg,"ăn xin, xin","cầu xin; đề nghi thiết tha, khẩn cầu",xin trân trọng (trong thư giao dịch)
plantation,plæn'teiʃn,vườn ươm,"đồn điền (bông, cà phê...)",(sử học) sự di dân sang thuộc địa
mistaken,mis'teikən,sai lầm,"hiểu sai, hiểu lầm",
soda,'soudə,(hoá học) Natri cacbonat,nước xô-đa (giải khát) ((cũng) soda-water),
slept,sli:p,giấc ngủ; sự ngủ,"sự nghỉ ngơi, sự tĩnh dưỡng",sự chết
dies,,số nhiều của die,,
secretion,si'kri:ʃn,"sự cất giấu, sự oa trữ","(sinh vật học) sự tiết, chất tiết",
minded,'maindid,"thích, sãn lòng, vui lòng",,
factual,'fæktjuəl,"(thuộc) sự thực; căn cứ trên sự thực; thực sự, có thật",,
disadvantage,",disəd'vɑ:ntidʤ",sự bất lợi; thế bất lợi,"sự thiệt hại, mối tổn thất",
recorder,ri'kɔ:də,máy ghi âm,"máy ghi; dụng cụ ghi, bộ phận ghi",người giữ sổ sách
lined,,nhăn nheo (gương mặt),,
usefulness,'ju:sfulnis,sự ích lợi; tính chất có ích,(từ lóng) kh năng,(từ lóng) sự thành thạo
accountability,"ə,kauntə'biliti","trách nhiệm, trách nhiệm phải giải thích",,
supper,'sʌpə,bữa cơm tối,,
sunlight,'sʌnlait,ánh sáng mặt trời,,
treasure,'treʤə,"bạc vàng, châu báu, của cải; kho của quý","(nghĩa bóng) của quý, vật quý, người yêu quý; người được việc","tích luỹ, để dành, trữ (của cải, châu báu...)"
anymore,,(Mỹ) nữa,,
uniformly,,"đều, giống nhau, đồng dạng, cùng kiểu","không thay đổi, không biến hoá, đều (về hình thức, tính cách )",
importantly,,"quan trọng, trội yếu",,
overhead,'ouvəhed,ở trên đầu,cao hơn mặt đất,tổng phí
audio,,(Tech) thuộc âm thanh,,
panic,'pænik,(thực vật học) cây tắc,"sự hoảng sợ, sự hoang mang sợ hãi","hoảng sợ, hoang mang sợ hãi"
shining,'ʃainiɳ,"sáng, sáng ngời","(nghĩa bóng) sáng ngời, chói lọi, xuất sắc, lỗi lạc",
blanket,'blæɳkit,"mền, chăn",lớp phủ,để hoang
kit,kit,(viết tắt) của kitten,mèo con,thùng gỗ; chậu gỗ
licensee,",laisən'si:","người được cấp giấy phép, người được cấp môn bài, người được cấp đăng ký",,
nonlinear,,phi tuyến,,
reproductive,",ri:prə'dʌktiv",(thuộc) tái sản xuất,có khả năng sinh sôi nẩy nở; sinh sản,
garage,'gærɑ:ʤ,"ga ra, nhà để ô tô",chỗ chữa ô tô,cho (ô tô) vào ga ra
creativity,kri:'eitivnis,"óc sáng tạo, tính sáng tạo",,
medal,'medl,"huy chương, mề đay",(nghĩa bóng) mặt trái của vấn đề,
unhappy,ʌn'hæpi,"không có hạnh phúc, khổ sở, khốn khổ","không may, rủi, bất hạnh, không tốt, không hay",
brave,breiv,chiến sĩ da đỏ,"gan dạ, can đảm, dũng cảm","(từ cổ,nghĩa cổ),  (văn học) đẹp lộng lẫy, sang trọng; hào hoa phong nhã"
fork,fɔ:k,cái nĩa (để xiên thức ăn),cái chĩa (dùng để gảy rơm...),chạc cây
invite,in'vait,mời,đem lại,"lôi cuốn, hấp dẫn; gây hứng"
heroes,'hiərou,người anh hùng,nhân vật nam chính (trong một tác phẩm văn học),
statue,'stætju:,tượng,tượng nữ thần tự do (ơ Mỹ),
favored,,được hưởng ân huệ,có vẻ bề ngoài,
markedly,,rõ ràng; rõ rệt,,
awful,'ɔ:ful,"đáng kinh sợ; uy nghi, oai nghiêm","dễ sợ, khủng khiếp","(từ lóng) lạ lùng, phi thường; hết sức, vô cùng; thật là"
ambition,æm'biʃn,"hoài bão, khát vọng","lòng tham, tham vọng",
grouped,,đã nhóm lại |,,
designate,'dezignit,"được chỉ định, được bổ nhiệm (nhưng chưa chính thức nhận chức)","chỉ rõ, định rõ","chọn lựa, chỉ định, bổ nhiệm"
for,"fɔ:,fə","thay cho, thế cho, đại diện cho","ủng hộ, về phe, về phía","để, với mục đích là"
picking,'pikiɳ,"sự cuốc, sự đào, sự khoét","sự hái (hoa, quả)",sự mổ (thóc...)
countryside,'kʌntri'said,"nông thôn, miền quê, vùng quê, địa phương (ở nông thôn)",nhân dân miền quê; nhân dân địa phương (ở nông thôn),
relaxed,,"thanh thản, thoải mái, không cảm thấy lo nghĩ, không cảm thấy căng thẳng",,
fare,feə,"tiền xe, tiền đò, tiền phà; tiền vé (tàu, máy bay...)",khách đi xe thuê,"thức ăn, đồ ăn, chế độ ăn"
spacing,'speisiɳ,sự để cách (ở máy chữ),,
barred,'bærəl,có vạch kẻ dọc,bị cồn cát chắn nghẽn,
mailing,,thư từ; thư tín,,
avoidance,ə'vɔidəns,"sự tránh; sự tránh xa; sự tránh khỏi, sự tránh thoát","(pháp lý) sự huỷ bỏ, sự thủ tiêu, sự bác bỏ",chỗ khuyết (chức vụ)
complain,kəm'plein,"kêu ca, kêu, phàn nàn, than phiền; oán trách","kêu nài, thưa thưa kiện","(thơ ca) than van, rền rĩ"
outset,'autset,sự bắt đầu,,
methodist,'meθədist,người theo hội Giám lý,,
dietary,'daiətəri,(thuộc) chế độ ăn uống; chế độ ăn kiêng,chế độ ăn uống; chế độ ăn kiêng,"suất ăn; chế độ ăn uống (trong nhà thương, nhà trường...)"
torn,tiə,"nước mắt, lệ",giọt (nhựa...),"chỗ rách, vết rách"
dependency,di'pendənsi,vật phụ thuộc; phần phụ thuộc,nước phụ thuộc,
fascinating,'fæsineitiɳ,"làm mê, làm say mê, quyến rũ",,
floating,floating,sự nổi,sự thả trôi (bè gỗ),sự hạ thuỷ (tài thuỷ)
bloom,blu:m,hoa,sự ra hoa,"(nghĩa bóng) tuổi thanh xuân; thời kỳ rực rỡ, thời kỳ tươi đẹp nhất"
strikes,,(Econ) Các cuộc đình công.,,
secretariat,,văn phòng,"nhân viên của một Tổng thư ký, văn phòng của một Tổng thư ký",nhân viên của một Bộ trưởng chính phủ; văn phòng của một Bộ trưởng chính phủ
illusion,i'lu:ʤn,ảo tưởng,"ảo giác, ảo ảnh","sự đánh lừa, sự làm mắc lừa"
after,'ɑ:ftə,"sau, đằng sau","sau, sau khi","ở đằng sau, phía sau, đứng sau, liền sau"
weighted,,có trọng lượng,,
ordering,,(Econ) Xếp thứ tự.,,
israeli,iz'reili,(thuộc) Do thái,người Do thái,
instrumentation,",instrumen'teiʃn",sự phối dàn nhạc,danh sách những nhạc khí dùng cho một bản nhạc,(như) instrumentality
inland,'inlənd,"vùng nội địa, vùng ở sâu trong nước","ở trong nước, ở sâu trong nước",nội địa
folder,'fouldə,người gấp,dụng cụ gập giấy,bìa cứng (làm cặp giấy)
lent,lent,"Lent mùa chay, tuần chay (vào tháng ba)",,
fog,fɔg,cỏ mọc lại,cỏ để mọc dài không cắt (về mùa đông),để cho cỏ mọc lại ở (một mảnh đất)
heroic,hi'rouik,anh hùng,"quả cảm, dám làm việc lớn","kêu, khoa trương, cường điệu (ngôn ngữ)"
winner,'win,"người được cuộc, người thắng; con vật thắng trong cuộc đua (ngựa...)",,
wishing,'wi i,"sự mong muốn, sự ao ước",sự chúc mừng; lời chúc tụng,
weigh,wei,"(hàng hi) under weigh đang đi, dọc đường",cân,"cầm, nhấc xem nặng nhẹ"
downtown,'dauntaun,"(từ Mỹ,nghĩa Mỹ) khu buôn bán kinh doanh (của một thành phố)","(từ Mỹ,nghĩa Mỹ) (thuộc) khu buôn bán kinh doanh, ở khu buôn bán kinh doanh (của một thành phố)","(từ Mỹ,nghĩa Mỹ) khu buôn bán kinh doanh, về phía khu buôn bán kinh doanh"
happily,'hæpili,"sung sướng, hạnh phúc","thật là may mắn, thật là phúc","khéo chọn, rất đắt, tài tình (lời nói, cách diễn đạt ý...); thích hợp"
dug,dʌg,"vú, đầu vú, núm vú (của thú cái, không dùng cho đàn bà trừ khi ngụ ý khinh bỉ)",,
comic,'kɔmik,"hài hước, khôi hài",(thuộc) kịch vui,(thông tục) diễn viên kịch vui
climb,klaim,sự leo trèo,vật trèo qua; vật phải trèo lên,"leo, trèo, leo trèo"
earning,,(Econ) Thu nhập.,,
firing,'faiəriɳ,sự đốt cháy,sự nung gạch,sự đốt lò
fairness,'feənis,"sự công bằng, sự không thiên vị; tính lương thiện, tính thẳng thắn, tính ngay thẳng, tính không gian lận","tính chất khá, tính chất khá tốt",vẻ đẹp
uncomfortable,ʌn'kʌmfətəbl,"bất tiện, không tiện","không thoải mái; bực bội, khó chịu",lo lắng
disagree,",disə'gri:","khác, không giống, không khớp","không hợp, không thích hợp","bất đồng, không đồng ý"
disappointed,,"chán nản, thất vọng",,
travelling,'trævliɳ,sự du lịch; cuộc du lịch,"sự dời chỗ, sự di chuyển",(điện ảnh) sự quay phim trên giá trượt
blocking,,(Tech) khóa; chặn; kết khối,,
joke,dʤouk,"lời nói đùa, câu nói đùa",trò cười (cho thiên hạ),"chuyện đùa; chuyện buồn cười, chuyện lố bịch; trường hợp xảy ra buồn cười"
daylight,'deilait,ánh nắng ban ngày; (nghĩa bóng) sự công khai,"lúc tảng sáng, bình minh, rạng đông",(số nhiều) (từ lóng) mắt
fixation,fik'seiʃn,"sự đóng chặt vào, sự làm cho dính lại","sự ngưng kết, sự đông lại",sự hâm (màu...); sự cố định lại
symphony,'simfəni,bản nhạc giao hưởng,khúc nhạc mở đầu (bài hát); khúc nhạc kết thúc (bài hát),"(từ Mỹ,nghĩa Mỹ) dàn nhạc giao hưởng"
tops,,(the tops)  <thgt> cái gì nhất,,
trick,trik,"mưu mẹo, thủ đoạn đánh lừa; trò gian trá, trò bịp bợm","trò chơi khăm, trò choi xỏ; trò ranh ma, trò tinh nghịch","ngón, đòn, phép, mánh khoé, mánh lới nhà nghề"
ups,,thiết bị lưu điện,,
frightened,'fraitnd,"hoảng sợ, khiếp đảm",,
counselor,,như counsellor,,
adjusting,,(Tech) điều chỉnh (d),,
posture,'pɔstʃə,"tư thế; dáng điệu, dáng bộ","tình thế, tình hình",đặt trong tư thế nhất định
longest,,dài nhất,,
systematically,,xem systematic,,
retire,ri'taiə,"rời bỏ, đi ra, rút về, lui về (một nơi nào kín đáo...)",đi ngủ ((cũng) to retire to bed),thôi việc; về hưu
terrorist,'terərist,"người khủng bố, người dùng chính sách khủng bố",khủng bố,
rooted,'ru:tid,"đã bén rễ, đã ăn sâu",,
dressing,'dresiɳ,sự ăn mặc; cách ăn mặc; quần áo,sự băng bó; đồ băng bó,"(quân sự) sự sắp thẳng hàng, sự sửa cho thẳng hàng"
gram,græm,(như) gramme,(thực vật học) đậu Thổ-nhĩ-kỳ,đậu xanh
handful,'hændful,"(một) nhúm, (một) nắm; (một) ít (người...)","(thông tục) người khó chịu, việc khó chịu",
relax,ri'læks,"nới lỏng, lơi ra","làm dịu đi, làm chùng, làm bớt căng thẳng","làm giãn ra, làm cho dễ chịu, giải (trí)"
belly,'beli,bụng; dạ dày,"bầu (bình, lọ); chỗ khum lên (mặt đàn viôlông), chỗ phồng ra (buồm)",(tục ngữ) bụng đói thì tai điếc
cruise,kru:z,cuộc đi chơi biển (bằng tàu thuỷ),cuộc tuần tra trên biển,đi chơi biển (bằng tàu thuỷ)
stove,stouv,cái lò,nhà kính trồng cây,lò đồ gốm
coupling,'kʌpliɳ,sự nối; sự hợp lại,"vật nối, móc nối; chỗ nối (toa xe lửa, các bộ phận trong mây)","(điện học) sự mắc, sự nối, cách mắc"
reactive,ri:'æktiv,"tác động trở lại, ảnh hưởng trở lại, phản ứng lại","(vật lý),  (hoá học) phản ứng",(chính trị) phản động
spotted,'spɔtid,"lốm đốm, có đốm; khoang, vá (chó...)","bị làm nhơ, bị ố bẩn",
lively,'laivli,"sống, sinh động, giống như thật","vui vẻ; hoạt bát hăng hái, năng nổ, sôi nổi","khó khăn, nguy hiểm, thất điên bát đảo"
bother,'bɔðə,"điều bực mình, điều khó chịu, điều buồn bực, điều phiền muộn",sự lo lắng,"chà, phiền quá"
reformation,",refə'meiʃn","sự cải cách, sự cải lương, sự cải thiện, sự cải tạo, sự cải tổ",sự sửa đổi,
amusement,ə'mju:zmənt,"sự vui chơi; trò vui, trò giải trí, trò tiêu khiển","sự làm cho thích thú, sự làm buồn cười; sự thích thú, sự buồn cười",
blown,blou,cú đánh đòn,"tai hoạ, điều gây xúc động mạnh, cú choáng người",chống lại
waved,,"lượn sóng (tóc, nét vẽ...)",,
unpleasant,ʌn'pleznt,"khó ưa, xấu, khó chịu, đáng ghét",,
conditioned,kɔn'diʃnd,có điều kiện,"((thường) trong từ ghép) ở tình trạng, ở trạng thái (nào đó)",điều hoà (không khí)
textbook,'tekstbuk,sách giáo khoa ((như) text),,
paste,peist,"bột nhồi, bột nhâo; hồ bột (để dán)",kẹo mềm,thuỷ tinh giả kim cương
testator,tes'teitə,"người làm di chúc, người làm chúc thư, người để di chúc lại",,
purple,'pə:pl,"màu tía, áo màu tía (của vua, giáo chủ...)",(số nhiều) (y học) ban xuất huyết,đỏ tía
hurried,'hʌrid,"vội vàng, hấp tấp",,
piles,,<y> bệnh trự,,
robbery,'rɔbəri,"sự ăn cướp, vụ ăn cướp; sự ăn trộm, vụ ăn trộm",sự bán giá cắt cổ,"sự ăn cướp giữa ban ngày, sự bóc lột trắng trợn"
pretend,pri'tend,"làm ra vẻ, giả vờ, giả đò, giả bộ, giả cách",lấy cớ,"có tham vọng, có kỳ vọng, có ý muốn; có ý dám (làm gì...)"
insignificant,",insig'nifikənt","không quan trọng, tầm thường",đáng khinh,vô nghĩa
ham,hæm,"(sử học) tỉnh, thành phố",làng,
exam,ig'zæm,(thông tục) (viết tắt) của examination,,
realise,,"thực hiện, thực hành (kế hoạch hy vọng...)","thấy rõ, hiểu rõ, nhận thức rõ (việc gì...)","bán được, thu được"
silently,'sailəntli,"yên lặng, âm thầm",,
fancy,'fænsi,sự tưởng tượng,sự võ đoán,tính đồng bóng
fighter,'faitə,"chiến sĩ, chiến binh, người đấu tranh, người chiến đấu","(từ Mỹ,nghĩa Mỹ) võ sĩ quyền Anh nhà nghề",máy bay chiến đấu; máy bay khu trục
questionable,'kwestʃənəbl,"đáng ngờ, đáng nghi ngờ",,
bulb,bʌlb,"củ (hành, tỏi...); (thực vật học) (thân) hành",(giải phẫu) hành,bóng đèn
energetic,",enə'dʤetik","mạnh mẽ, mãnh liệt, đầy nghị lực, đầy sinh lực; hoạt động",,
grading,,"sự tuyển chọn, sự phân loại","thành phần cơ học, cỡ hạt","sự an đất, ủi đất"
regret,ri'gret,lòng thương tiếc,sự hối tiếc; sự ân hận,rất lấy làm tiếc
communicating,,"(Tech) truyền thông, truyền tin, thông tin, thông tín",,
sunk,siɳk,"thùng rửa bát, chậu rửa bát","((thường) (nghĩa bóng)) vũng nước bẩn, vũng lầy; ổ",đầm lầy
allowable,ə'lauəbl,có thể cho phép được,"có thể thừa nhận, có thể công nhận, có thể chấp nhận",
formulate,'fɔ:mjuleit,làm thành công thức; đưa vào một công thức,"trình bày rõ ràng chính xác, phát biểu có hệ thống (ý kiến...)",
killer,'kilə,"người giết, kẻ giết người",dụng cụ giết thịt (súc vật),(động vật học) cá heo ((cũng) killer whale)
fore,fɔ:,phần trước,(hàng hải) nùi tàu,"sãn có, ở tại chỗ; sãn sàng"
viewing,,sự xem phim,sự kiểm tra hình ảnh,
fantastic,fæn'tæstik,"kỳ quái, quái dị, lập dị",đồng bóng,vô cùng to lớn
frontal,'frʌntl,(thuộc) trán,đằng trước mặt,cái che mặt trước bàn thờ
sinking,'siɳkiɳ,sự chìm; sự đánh chìm,"sự hạ xuống, sự tụt xuống, sự lún xuống; sự sa lầy",sự đào giếng
psychologist,sai'kɔlədʤist,nhà tâm lý học,,
resultant,ri'zʌltənt,kết quả,"(vật lý),  (toán học) tổng hợp","(vật lý),  (toán học) lực tổng hợp, hợp lực"
duck,dʌk,"con vịt, vịt cái",thịt vịt,(thân mật) người yêu quí; người thân mến
imperfect,im'pə:fikt,"không hoàn hảo, không hoàn chỉnh, không hoàn toàn","chưa hoàn thành, còn dở dang",(ngôn ngữ học) (thuộc) thời quá khứ chưa hoàn thành
drawer,'drɔ:ə,người kéo; người nhổ (răng),người lính (séc...),người vẽ
transformer,træns'fɔ:mə,người làm biến đổi; vật làm biến đổi,(điện học) máy biến thế,
onion,'ʌnjən,củ hành,cây hành,"(từ lóng) thạo nghề của mình, cừ về công việc của mình, nắm vấn đề của mình"
sank,siɳk,"thùng rửa bát, chậu rửa bát","((thường) (nghĩa bóng)) vũng nước bẩn, vũng lầy; ổ",đầm lầy
handicapped,,"người bị tật nguyền, người tàn tật",,
steal,sti:l,"ăn cắp, ăn trộm","lấy bất thình lình, làm vụng trộm; khéo chiếm được (bằng thủ đoạn kín đáo...)","lẻn, đi lén"
toe,tou,ngón chân,"mũi (giày, dép, ủng)",chân (tường)
satisfying,'sætisfaiiɳ,"làm thoả mãn, làm vừa ý",,
adjustable,ə'dʤʌstəbl,có thể điều chỉnh được,có thể làm cho thích hợp,"có thể hoà giải được, có thể giàn xếp được (mối bất hoà, cuộc phân tranh...)"
elephant,'elifənt,(động vật học) con voi,"khổ giấy 70 cm x 57, 5 cm","(Elephant) (từ Mỹ,nghĩa Mỹ) đảng Cộng hoà"
nowadays,'nauədeiz,"ngày nay, đời nay, thời buổi này, thời buổi tân tiến này","ngày nay, đời nay, thời buổi này, thời buổi tân tiến này",
climbing,'klaimiɳ,sự leo trèo,,
pouring,'pɔ:riɳ,"như trút nước, như đổ cây nước (mưa)",,
forage,'fɔridʤ,"thức ăn (cho) vật nuôi, cỏ",sự cắt cỏ (cho súc vật ăn),sự lục lọi; sự tìm tòi
localized,,được định xứ,,
fats,fæts,"(Fats) (dùng như số ít) (từ Mỹ,nghĩa Mỹ),  (như) fatso",(số nhiều) súc vật vỗ béo (để giết thịt),
replication,,sự tái tạo; tình trạng là bản sao của (cái gì),,
clearer,,xem clear,,
developer,di'veləpə,(nhiếp ảnh) người rửa ảnh; thuốc rửa ảnh,,
smoothly,,một cách êm ả; một cách trôi chảy,,
tap,tæp,vòi (nước),nút thùng rượu,"loại, hạng (rượu)"
balloon,bə'lu:n,"khí cầu, quả bóng",(hoá học) bình cầu,(kiến trúc) quả cầu (trên đầu cột) ô ghi lời (ở một bức tranh khôi hài)
interestingly,,"thú vị, hấp dẫn",,
woke,weik,(hàng hải) lằn tàu,"theo chân ai, theo liền ngay sau ai",(nghĩa bóng) theo gương ai
clue,klu:,đầu mối; manh mối,dòng tư tưởng; mạch câu chuyện,
subset,,tập hợp con,,
sadly,'sædli,"buồn bã, buồn rầu, âu sầu",,
resentment,ri'zentmənt,"sự phẫn uất, sự oán giận","sự phật ý, sự bực bội",
transplantation,træns'plɑ:n'teiʃn,(nông nghiệp) sự ra ngôi; sự cấy (lúa),sự di thực,"(y học) sự cấy, sự ghép"
reconsideration,"'ri:kən,sidə'reiʃn",sự xem xét lại; sự xét lại (quyết định...),,
troubled,'trʌbld,"đục, không trong","không yên, băn khoăn, lo lắng, bồn chồn","rối loạn, hỗn loạn"
inexpensive,",iniks'pensiv","không đắt, rẻ",,
costing,,(Tech) định giá,,
refrigerator,ri'fridʤəreitə,"tủ ướp lạnh, phòng ướp lạnh",,
cutter,'kʌtə,"người cắt; vật để cắt, máy cắt, máy băm",thuyền một cột buồm,xuồng ca nô (của một tàu chiến
garlic,'gɑ:lik,(thực vật học) cây tỏi,củ tỏi,
singular,'siɳgjulə,(ngôn ngữ học) ở số ít,"một mình, cá nhân","đặc biệt, kỳ dị, phi thường"
nationally,'næʃnəli,về mặt dân tộc; về mặt quốc gia,toàn quốc,
protestant,protestant,"người phản kháng, người phản đối, người kháng nghị",Protestant (tôn giáo) người theo đạo Tin lành,"phản kháng, phản đối, kháng nghị"
localization,",loukəlai'zeiʃn","sự hạn định vào một nơi, sự hạn định vào một địa phương",sự địa phương hoá,"sự xác định vị trí, sự định vị"
loudly,'laudili,"ầm ĩ, inh ỏi","nhiệt liệt, kịch liệt (ca ngợi, phản kháng)","sặc sỡ, loè loẹt (màu sắc)"
revealing,,"bộc lộ, biểu lộ; tiết lộ, để lộ ra, cho thấy (điều bí mật)","phát hiện, khám phá",
dissent,di'sent,"sự bất đồng quan điểm, sự bất đồng ý kiến","(tôn giáo) sự không theo nhà thờ chính thống, sự không quy phục nhà thờ chính thống","(+ from) bất đồng quan điểm, bất đồng ý kiến"
detrimental,",detri'mentl","có hại, thiệt hại cho; bất lợi cho","(từ lóng) đám xoàng, đám không béo bở lắm (người muốn dạm hỏi)",
imminent,'iminənt,"sắp xảy ra, (xảy ra) đến nơi",,
directorate,di'rektərit,chức giám đốc,ban giám đốc,
hundred,'hʌndrəd,trăm,rất bận phải làm trăm công nghìn việc,trăm; hàng trăm
baking,'beikiɳ,sự nướng (bánh...),sự nung (gạch...),"mẻ (bánh, gạch...)"
modernity,mɔ'də:niti,tính chất hiện đại,cái hiện đại,
shouting,'ʃautiɳ,sự la hét; tiếng hò hét; tiếng reo hò,"(từ lóng) sự khao, sự thết",mọi việc đã xong xuôi chỉ còn đợi sự reo hò hoan hô
curse,kə:s,"sự nguyền rủa, sự chửi rủa","tai ương, tai hoạ; vật ghê tở, vật đáng nguyền rủa",lời thề độc
freeze,fri:z,"sự đông vì lạnh, sự giá lạnh; tình trạng đông vì lạnh",tiết đông giá,"sự ổn định; sự hạn định (giá cả, tiền lương...)"
photographer,fə'tɔgrəfə,"nhà nhiếp ảnh, thợ nhiếp ảnh",,
polite,pə'lait,"lễ phép, có lễ độ; lịch sự, lịch thiệp",tao nhã (văn...),
familiarity,"fə,mili'æriti",sự thân mật,"sự quen thuộc (với ai); sự quen thuộc, sự hiểu biết (một vấn đề)",sự đối xử bình dân (với kẻ dưới)
seniority,",si:ni'ɔriti","sự nhiều tuổi hơn, sự cao cấp hơn, sự thâm niên (trong nghề nghiệp)",,
priced,praist,"có giá, có đề giá",,
copying,,"(Tech) sao lại, in lại",,
scenery,'si:nəri,(sân khấu) đồ dùng trang trí (một gánh hát); cảnh phông,"phong cảnh, cảnh vật",
screaming,'skri:miɳ,"la lên, thét lên, thất thanh","tức cười, làm cười phá lên",
policeman,pə'li:smən,officer) /pə'li:s'ɔfisə/,"cảnh sát, công an",
flooding,,sự làm ngập lụt; sự úng lụt; nạn lụt,,
fashioned,,theo kiểu hình thức nào đấy,"được tạo dáng, được tạo hình",
inviting,in'vaitiɳ,mời mọc,"lôi cuốn, hấp dẫn",
corrective,kə'rektiv,"để sửa chữa, để hiệu chỉnh","để trừng phạt, để trừng trị",để làm mất tác hại
federally,,do chính quyền liên bang,,
gaseous,'geizjəs,(thuộc) thể khí,,
disturb,dis'tə:b,"làm mất yên tĩnh, làm náo động; quấy rầy, làm bối rối, làm lo âu; làm xáo lộn",(vật lý) làm nhiễu loạn,
butt,bʌt,"gốc (cây); gốc cuống (lá); báng (súng); đầu núm, đầu cán (roi, gậy...)",mẩu thuốc lá (hút còn lại),cá mình giẹp (như cá bơn...)
armor,'ɑ:mə,"(từ Mỹ,nghĩa Mỹ) (như) armour",,
thousand,'θauzənd,nghìn,"số một nghìn, một nghìn","rất nhiều, hàng nghìn"
stealing,'sti:liɳ,"sự căn cắp, sự ăn trộm","((thường) số nhiều) của ăn cắp, của ăn trộm",
fry,frai,"cá mới nở, cá bột",cá hồi hai năm,thịt rán
sailing,,sự đi thuyền,"chuyến đi xa thường xuyên, sự khởi hành đi xa của một con tàu",
zoning,'zouniɳ,"sự chia thành đới, sự chia thành khu vực, sự quy vùng",,
shipper,'ʃipə,nhà buôn chở hàng bằng tàu,,
feeder,'fi:də,người cho ăn,"người ăn, súc vật ăn",(như) feeding-bottle
boarding,'bɔ:diɳ,"sự lót ván, sự lát ván",sự đóng bìa cứng (sách),"sự ăn cơm tháng, sự ăn cơm trọ"
titled,'taitld,"có tước vị, có chức tước",,
industrialization,"in,dʌstriəlai'zeiʃn",sự công nghiệp hoá,,
grammatical,grə'mætikəl,(ngôn ngữ học) (thuộc) ngữ pháp; theo ngữ pháp,,
impress,im'pres,sự đóng dấu,"dấu (đóng vào, in vào...)",(nghĩa bóng) dấu ấn
textual,'tekstjuəl,(thuộc) nguyên văn,theo đúng nguyên văn (bản dịch...),
learner,'lə:nə,"người học, học trò, người mới học",,
wandering,'wɔndəriɳ,sự đi lang thang,"(nghĩa bóng) sự lạc hướng, sự chệch hướng",sự nghĩ lan man; sự lơ đễnh
insanity,in'sæniti,"tính trạng điên, tình trạng mất trí; bệnh điên",sự điên rồ; điều điên rồ,
expectancy,iks'pektəns,"tình trạng mong chờ, tình trạng ngóng chờ, tình trạng trông mong",triển vọng (có thể có cái gì...),tuổi thọ dự tính
averaging,,(Tech) lấy trung bình (d),,
silly,'sili,"ngờ nghệch, ngớ ngẩn, khờ dại","choáng váng, mê mẩn","(từ cổ,nghĩa cổ) ngây thơ; đơn giản, giản dị; yếu đuối"
storing,,sự cất giữ vào kho,(tin) sự ghi vào bộ nhớ,
grandson,'grænsʌn,"cháu trai (gọi bằng ông nội, ông ngoại)",,
inactive,in'æktiv,"không hoạt động, thiếu hoạt động, ì",,
lordship,'lɔ:dʃip,"quyền thế, uy quyền, quyền lực; quyền chiếm hữu (của đại quý tộc phong kiến)",gia trang; lâu đài (của đại quý tộc phong kiến),các hạ (tiếng tôn xưng các nhà quý tộc)
stepping,,sự làm thành bậc; thành nấc,sự chia thành từng bước,sự đắp bậc thang
reagent,,<hóa> thuốc thử,chất phản ứng,
reactivity,,"khả năng phản ứng, tính phản ứng, độ phản ứng",,
lining,'lainiɳ,"lớp vải lót (áo, mũ)","lớp gỗ che tường, lớp gạch giữ bờ đất, lớp đá giữ bờ đất",
backing,'bækiɳ,sự giúp đỡ; sự ủng hộ,(the backing) những người ủng hộ,sự bồi lại (một bức tranh...); sự đóng gáy (sách)
positioning,,(máy tính) đặt vào vị trí,,
earthly,'ə:θli,(thuộc) quả đất,trần tục,"(thông tục) có thể, có thể tưởng tượng được"
but,bʌt,"nhưng, nhưng mà",nếu không; không còn cách nào khác,mà lại không
wrongful,'rɔɳful,"bất công, không công bằng, không đáng, vô lý",thiệt hại cho; tổn hại cho,"(pháp lý) trái luật, phi pháp"
against,ə'geinst,"chống lại, ngược lại, phản đối",tương phản với,"dựa vào, tỳ vào, áp vào, đập vào"
signing,,việc dùng cử chỉ để nói với người điếc,,
browning,'brauniɳ,(quân sự) súng braoninh,,
accountable,ə'kauntəbl,"chịu trách nhiệm, có trách nhiệm phải giải thích","có thể nói rõ được, có thể giải thích được",
slice,slais,"miếng mỏng, lát mỏng","phần, phần chia",dao cắt cá (ở bàn ăn) ((cũng) fish-slice)
tore,tɔ:,(kiến trúc) đường gờ tròn quanh chân cột ((cũng) torus),,
graded,,xếp hạng; phân hạng; xếp loại,chọn lọc,
robe,roub,"áo choàng (để chỉ chức vụ, nghề nghiệp...)",áo ngoài (của trẻ nhỏ); áo dài (đàn bà),"(từ Mỹ,nghĩa Mỹ) áo choàng mặc trong nhà"
burner,'bə:nə,"người đốt, người nung ((thường) trong từ ghép)",đèn,mỏ đèn
planetary,'plænitəri,(thuộc) hành tinh,"ở thế gian này, trần tục","đồng bóng, lúc thế này, lúc thế khác"
smoked,'smoukt,dried),"hun khói, sấy khói (thịt...)",
freshly,'freʃli,"((thường) + động tính từ quá khứ) mới mẻ, vừa mới","có vẻ tươi, tươi mát","khoẻ khắn, sảng khoái"
deserted,di'zə:tid,"không người ở, hoang vắng, trống trải, vắng vẻ, hiu quạnh","bị ruồng bỏ, bị bỏ mặc, bị bỏ rơi",
float,float,cái phao; phao cứu đắm,"bè (gỗ...); mảng trôi (băng, rong...)",bong bóng (cá)
downs,,the down đồi cỏ thấp,,
excepting,ik'septiɳ,"trừ, không kể","(từ cổ,nghĩa cổ) trừ phi",
topical,'tɔpikəl,(thuộc) đề tài,có tính chất thời sự,"(y học) cục bộ, địa phương"
uneasy,ʌn'i:zi,"không thoải mái, bực bội, bứt rứt, khó chịu","lo lắng, băng khoăn","phiền phức, rầy rà"
suitability,",sju:tə'biliti","sự hợp, sự thích hợp",,
bite,bait,"sự cắn, sự ngoạm; miếng cắn; vết cắn","sự châm, sự đốt; nốt đốt (muỗi, ong...)",miếng (thức ăn); thức ăn
slim,slim,"mảnh khảnh, mảnh dẻ, thon","ít ỏi, sơ sài, nghèo nàn, mỏng manh","láu, khôn lỏi, xảo quyệt"
plural,'pluərəl,"(ngôn ngữ học) ở số nhiều, (thuộc) số nhiều",nhiều,sự bỏ phiếu của một cử tri ở nhiều khu vực bầu cử
stole,stoul,"(từ cổ,nghĩa cổ) (La mã) khăn choàng (mục sư)",khăng choàng vai (đàn bà),(xem) stolon
downstairs,'daun'steəz,"ở dưới nhàn, ở tầng dưới","xuống cầu thang, xuống gác","ở dưới nhà, ở tầng dưới"
dentist,'dentist,thầy thuốc chữa răng,thợ trồng răng,
reddish,'rediʃ,"hơi đỏ, đo đỏ",,
pointer,'pɔintə,"kín (trên mặt cân, trên đồng hồ đo)","que (chỉ bản đồ, bảng...)","(thông tục) lời gợi ý, lời mách nước"
plentiful,'plentiful,"sung túc, phong phú, dồi dào",,
travelled,'trævld,"đã đi nhiều, đã từng đi đây đi đó; bôn ba từng trải",có nhiều khách du hành qua lại,
ankle,'æɳkl,mắt cá chân,,
regularity,'regju'læriti,"tính đều đều, tính đều đặn",tính cân đối,"tính quy củ, tính đúng mực"
lawfully,,"hợp pháp, đúng luật",,
corpse,kɔ:ps,"xác chết, thi hài",,
bitterness,'bitənis,vị đắng,"sự cay đắng, sự chua xót; sự đau đớn, sự đau khổ","sự chua cay, sự gay gắt (của lời nói); tính ác liệt"
digging,'digiɳ,"sự đào, sự bới, sự xới, sự cuốc ((từ lóng) digs)","sự tìm tòi, sự nghiên cứu",(số nhiều) mỏ vàng; mỏ
unavoidable,",ʌnə'vɔidəbl",không thể tránh được,,
honorary,'ɔnərəri,"danh dự (chức vị, bằng...)",,
suggestive,sə'dʤestiv,"gợi ý, có tính chất gợi ý, có tính chất gợi nhớ","kêu gợi, gợi những ý nghĩ tà dâm",
lessor,le'sɔ:,"chủ cho thuê theo hợp đồng (nhà, đất)",,
spoon,spu:n,cái thìa,vật hình thìa,sinh trưởng trong một gia đình sung túc; sướng từ trong trứng sướng ra
dissenting,,không theo nhà thờ chính thống,,
frank,fræɳk,miễn cước; đóng dấu miễn cước,(sử học) ký miễn cước,(sử học) cấp giấy thông hành
piled,,xem pile,,
admire,əd'maiə,ngắm nhìn một cách vui thích,"khâm phục, ((thông tục)) thán phục, cảm phục; hâm mộ, ngưỡng mộ; khen ngợi, ca tụng","say mê, mê"
indoor,'indɔ:,trong nhà,,
symbolism,'simbəlizm,chủ nghĩa tượng trưng,,
ancestor,'ænsistə,"ông bà, tổ tiên",,
unimportant,'ʌnim'pɔ:tənt,"không quan trọng, không đáng kể",,
kissing,'kisiɳ,sự hôn; sự ôm hôn,,
disadvantaged,,"thiệt thòi, thua thiệt","người chịu thiệt thòi, người chịu thua thiệt",
correcting,,"(Tech) hiệu chỉnh, sửa (d)",,
powered,,được trang bị hoặc vận hành bằng sức của máy,có sức thuyết phục mạnh mẽ (người),
toast,toust,bánh mì nướng,(từ lóng) hoàn toàn định đoạt số phận ai,nướng
tearing,'teəriɳ,"sự xé nát, sự xé rách","làm rách, xé rách","dữ dội, hung dữ, cuồng, mạnh"
burnt,bə:nt,"bị cháy, bị đốt, khê","rám nắng, sạm nắng (da...)",nung chín (đất sét...)
beyond,bi'jɔnd,"ở xa, ở phía bên kia",ở bên kia,"quá, vượt xa hơn"
successively,,liên tục; kế tiếp; liên tiếp; lần lượt,,
bend,bentʃ,"chỗ uốn, chỗ cong; chỗ rẽ","khuỷ (tay, chân)",(hàng hải) chỗ nối (hai đầu dây); chỗ thắt nút
retiring,ri'taiəriɳ,"xa lánh mọi người, không thích xuất đầu lộ diện",kín đáo; khiêm tốn,dành cho người về hưu
traveler,,"người đi, người đi du lịch, người đi du hành, lữ khách, người hay đi",người đi chào hàng,"người Digan, người lang thang"
resale,'ri:'seil,sự bán lại,,
securely,,"chắc chắn, bảo đảm","an toàn, kiên cố, vững chắc, được bảo vệ, an ninh","an toàn, tin cậy được; yên tâm"
reinsurance,'ri:in'ʃuərəns,sự bảo hiểm lại,,
reportedly,,"theo như đưa tin, tường trình",,
runner,'rʌnə,người tuỳ phái (ở ngân hàng),đấu thủ chạy đua,người buôn lậu
directional,di'rekʃənl,"điều khiển, chỉ huy, cai quản",định hướng,
damaging,'dæmidʤiɳ,"hại, có hại, gây thiệt hại",,
outreach,aut'ri:tʃ,vượt hơn,với xa hơn,
barium,'beəriəm,(hoá học) bari,,
countess,'kauntis,nữ bá tước,vợ bá tước,
tuning,'tju:niɳ,(âm nhạc) sự lên dây,(rađiô) sự điều chỉnh làn sóng; sự bắt làn sóng,(kỹ thuật) sự điều chỉnh (máy)
longing,'lɔɳiɳ,"ước ao, mong đợi, khát khao, ham muốn",,
centrally,,xem central,,
championship,'tʃæmpjənʃip,chức vô địch; danh hiệu quán quân,"sự bảo vệ, sự bênh vực, sự đấu tranh cho",
harmonious,hɑ:'mɔnikə,"hài hoà, cân đối","hoà thuận, hoà hợp","(âm nhạc) du dương, êm tai; hoà âm"
countenance,'kauntinəns,sắc mặt; vẻ mặt,"sự tán thành, sự đồng tình ủng hộ, sự khuyến khích","vẻ nghiêm trang, thái độ nghiêm chỉnh; vẻ bình tĩnh"
transplant,træns'plɑ:nt,(nông nghiệp) ra ngôi; cấy (lúa),"đưa ra nơi khác, di thực","(y học) cấy, ghép"
stadium,'steidjəm,sân vận động,đường đua,Xtađiom (đơn vị đo chiều dài bằng khoảng 184 m)
unmarried,'ʌ'mærid,"chưa kết hôn, chưa thành lập gia đình; ở vậy",,
faction,'fækʃn,"bè phái, bè cánh","óc bè phái, tư tưởng bè phái",
scaling,,sự xác định tỷ xích,sự lập thang,sự đóng cặn
cursed,'kə:sid,"đáng ghét, ghê tởm, đáng nguyền rủa","(từ cổ,nghĩa cổ) hay bẳn, hay gắt",
aisle,ail,"cánh, gian bên (trong giáo đường)","lối đi giữa các dãy ghế (trong nhà thờ, ở rạp hát, xe lửa, xe buýt)",
armenian,ɑ:'mi:njən,(thuộc) Ac-mê-ni,người Ac-mê-ni,tiếng Ac-mê-ni
cricket,,<động> con dế,<thể> môn crikê,chơi crikê
businessman,,"nhà kinh doanh, thương gia",người quen giao dịch,
camping,,sự cắm trại,,
playground,'pleigraund,"sân chơi, sân thể thao (trường học)",nước Thuỵ sĩ,
bowling,,trò chơi lăn bóng gỗ,động tác phát bóng (môn cricket),
impatient,im'peiʃənt,"thiếu kiên nhẫn, không kiên tâm, nóng vội, nôn nóng; hay sốt ruột","(+ of) không chịu đựng được, không dung thứ được, khó chịu (cái gì)",
comb,koum,cái lược,(nghành dệt) bàn chải len,lỗ tổ ong
unquestionably,,xem unquestionable,,
wander,'wɔndə,"đi thơ thẩn, đi lang thang","đi lạc đường, lầm đường, chệch đường ((nghĩa đen) & (nghĩa bóng))","quanh co, uốn khúc (con sông...)"
bug,bʌg,con rệp,"(từ Mỹ,nghĩa Mỹ) sâu bọ","(từ Mỹ,nghĩa Mỹ),  (thông tục) lỗi kỹ thuật, thiếu sót về kỹ thuật"
interdependence,",intədi'pendəns",sự phụ thuộc lẫn nhau,,
sewing,'souiɳ,"sự may vá, sự khâu cá",,
bearer,'beərə,"người đem, người mang, người cầm (thư, điện...); người khiêng, người vác, người tải",vật sinh lợi nhiều,"(vật lý) vật đỡ, cái giá, cái trụ"
armature,'ɑ:mətjuə,(quân sự) áo giáp,(quân sự) vỏ sắt,"(kỹ thuật) cốt, lõi"
whatever,w t'ev,nào,"dù thế nào, dù gì",bất cứ cái gì mà; tất c cái gì mà
subgroup,'sʌbgru:p,(sinh vật học) phân nhóm,,
shorts,,"quần sóoc (quần ngắn không đến đầu gối, mặc chơi thể thao hoặc vào mùa nóng)",<Mỹ> quần đùi của đàn ông,
warming,'wɔ:miɳ,"sự làm ấm, sự hâm, sự hơ, sự sưởi ấm","(từ lóng) trận đòn, trận roi",làm cho ấm; ấm
reunion,'ri:'ju:njən,"sự sum họp, sự họp lại, sự hợp nhất lại; tình trạng được sum hợp, tình trạng được hợp nhất","cuộc hội họp, cuộc họp mặt thân mật","sự hoà hợp, sự hoà giải"
insulated,,được cách điện,,
detriment,'detrimənt,"sự thiệt hại, sự tổn hại, sự phương hại",,
pronunciation,pronunciation,"sự phát âm, sự đọc","cách phát âm, cách đọc (của ai, của một từ)",
catholicism,kə'θɔlisizm,"đạo Thiên chúa, công giáo",,
reviewer,ri'vju:ə,nhà phê bình (sách...),,
header,'hedə,người đóng đáy thùng,(thông tục) cái nhảy lao đầu xuống trước,"(điện học) côlectơ, cái góp điện"
dancer,'dɑ:nsə,"người nhảy múa, diễn viên múa, vũ nữ",,
shine,ʃain,"ánh sáng, ánh nắng",nước bóng,(từ lóng) sự cãi nhau; sự huyên náo; sự chấn động dư luận
balcony,'bælkəni,bao lơn,ban công (trong nhà hát),
redevelopment,,"sự xây dựng lại, sự được xây dựng lại; sự quy hoạch",,
misrepresentation,"'mis,reprizen'teiʃn","sự trình bày sai, sự miêu tả sai","sự xuyên tạc, sự bóp méo (sự việc)",
handler,'hændlə,"người điều khiển, người xử dụng (máy...)",người huấn luyện võ sĩ quyền Anh,
patented,,tính từ,"đã có bằng sáng chế, môn bài",
roofing,'ru:fiɳ,vật liệu lợp mái,sự lợp mái,"mái, nóc"
adjective,'ædʤiktiv,"phụ vào, thêm vào; lệ thuộc, không đứng một mình",(ngôn ngữ học) có tính chất tính từ; (thuộc) tính từ,(ngôn ngữ học) tính từ
athlete,'æθli:t,lực sĩ,"vận động viên (điền kinh, thể dục thể thao)",
voiced,vɔist,(ngôn ngữ học) kêu,,
locking,,"sự khoá, chốt",sự điều khiển cửa âu,
marvelous,,như marvellous,,
prominently,,"lồi lên, nhô lên","dễ thấy, nổi bật","xuất chúng, lỗi lạc, nổi tiếng (người)"
strikingly,,"nổi bật, đập vào mắt, thu hút sự chú ý, thu hút sự quan tâm; đáng chú ý, gây ấn tượng",đánh chuông (đồng hồ ),
thieves,θi:f,"kẻ trộm, kẻ cắp","dùng trộm cướp bắt trộm cướp, lấy giặc bắt giặc; vỏ quít dày móng tay nhọn",(xem) Latin
linearly,,(một cách) tuyến tính,,
imprint,'imprint,"dấu vết, vết in, vết hằn",ảnh hưởng sâu sắc,"phần ghi của nhà xuất bản (tên nhà xuất bản, ngày xuất bản, số lượng... ở đầu hoặc cuối sách ((thường) publisher's imprint,  printer's imprint)"
shone,ʃain,"ánh sáng, ánh nắng",nước bóng,(từ lóng) sự cãi nhau; sự huyên náo; sự chấn động dư luận
ruin,ruin,"sự đổ nát, sự suy đồi",sự tiêu tan,"sự phá sản, sự thất bại; nguyên nhân phá sản, nguyên nhân đổ nát"
teenage,,(thuộc) thanh thiếu niên; cho thanh thiếu niên,"ở tuổi thanh thiếu niên, có tính cách của tuổi thanh thiếu niên",
plating,'pleitiɳ,sự bọc sắt (một chiếc tàu),lớp mạ; thuật mạ,cuộc đua lấy cúp vàng
disappointing,",disə'pɔintiɳ","làm chán ngán, làm thất vọng",,
alarming,ə'lɑ:miɳ,"làm lo sợ, làm sợ hãi, làm hốt hoảng, làm hoảng sợ",,
across,/əˈkɹɔs/,qua,ngang,ngang qua
alright,/ˌɔɫˈɹaɪt/,<khngu> dùng như all right,,
although,/ˌɔɫˈðoʊ/,dẫu cho,mặc dù,
among,/əˈməŋ/,giữa,ở giữa,
angel,/ˈeɪndʒəɫ/,thiên thần,thiên sứ,
angrily,/ˈæŋɡɹəɫi/,tức giận,giận dữ,
annoy,/əˈnɔɪ/,quấy rầy,làm phiền,
annoying,/əˈnɔɪɪŋ/,làm trái ý,làm khó chịu,làm bực mình
apologize,/əˈpɑɫəˌdʒaɪz/,xin lỗi,tạ lỗi,
armchair,/ˈɑɹmˌtʃɛɹ/,ghế bành,,
astronaut,/ˈæstɹəˌnɑt/,phi hành gia,nhà du hành vũ trụ,
badminton,/ˈbædˌmɪntən/,cầu lông,,
bake,/ˈbeɪk/,bỏ lò,nướng bằng lò,
barbecue,/ˈbɑɹbɪkˌju/,lợn (bò,cừu) nướng (quay) cả con,
barber,/ˈbɑɹbɝ/,thợ cạo,thợ cắt tóc,
bargain,/ˈbɑɹɡən/,sự mặc cả,sự thoả thuận mua bán,giao kèo mua bán
batch,/ˈbætʃ/,mẻ (bánh),,
bay,/ˈbeɪ/,hồng,,
besides,/ˌbiˈsaɪdz/,ngoài ra,hơn nữa,vả lại
blackboard,/ˈbɫækˌbɔɹd/,bảng đen,,
blonde,/ˈbɫɑnd/,cô gái tóc hoe,người đàn bà tóc hoe*  tính từ,
boil,/ˈbɔɪɫ/,nhọt,đinh*  danh từ,
bookcase,/ˈbʊkˌkeɪs/,tủ sách,,
bookshelf,/ˈbʊkˌʃɛɫf/,giá sách,kệ sách,
bookshop,/ˈbʊkˌʃɑp/,hiệu sách,,
bra,/ˈbɹɑ/,cái yếm,,
brainstorm,/ˈbɹeɪnˌstɔɹm/,sự xúc động mãnh liệt,,
breeze,/ˈbɹiz/,ruồi trâu*  danh từ,,
bury,/ˈbɛɹi/,chôn,chôn cất,mai táng
bush,/ˈbʊʃ/,bụi cây,bụi rậm,
businesswoman,/ˈbɪznɪˌswʊmən/,thương gia,,
cab,/ˈkæb/,xe tắc xi,xe ngựa thuê,
cafeteria,/ˌkæfəˈtɪɹiə/,quán ăn tự phục vụ,,
carrot,/ˈkæɹət/,cây cà rốt,củ cà rốt,
centimeter,/ˈsɛntəˌmitɝ/,xentimet,,
cereal,/ˈsɪɹiəɫ/,ngũ cốc*  danh từ,,
champagne,/ʃæmˈpeɪn/,rượu sâm banh,,
chat,/ˈtʃæt/,chuyện phiếm,chuyện gẫu,
cheer,/ˈtʃɪɹ/,sự vui vẻ,sự khoái trá,
chef,/ˈʃɛf/,đầu bếp,,
chess,/ˈtʃɛs/,cờ,,
chimpanzee,/tʃɪmˈpænzi/,con tinh tinh (vượn),,
chin,/ˈtʃɪn/,cằm,,
chirp,/ˈtʃɝp/,tiếng nói nhỏ nhẻ,tiếng nói thỏ thẻ*  động từ,
cleaner,/ˈkɫinɝ/,máy quét,máy hút bụi,máy tẩy (quần áo)
clone,/ˈkɫoʊn/,dòng vô tính,hệ vô tính,
clown,/ˈkɫaʊn/,anh hề,vai hề,
composer,/kəmˈpoʊzɝ/,người soạn nhạc,,
confuse,/kənˈfjuz/,làm lộn xộn,làm lung tung,xáo trộn
continent,/ˈkɑntənənt/,tiết độ,điều độ,
cooker,/ˈkʊkɝ/,lò,bếp,nồi nấu
cooler,/ˈkuɫɝ/,máy ướp lạnh,thùng lạnh,
crisp,/ˈkɹɪsp/,giòn,,
criticize,/ˈkɹɪtɪˌsaɪz/,phê bình,phê phán,bình phẩm
cupboard,/ˈkəbɝd/,tủ (có ngăn),tủ búp phê,
curry,/ˈkəɹi/,bột ca ri,,
dessert,/dɪˈzɝt/,món tráng miệng,,
diamond,/ˈdaɪmənd/,kim cương,,
dinosaur,/ˈdaɪnəˌsɔɹ/,khủng long,,
dishonest,/dɪˈsɑnəst/,không lương thiện,bất lương,
dislike,/dɪˈsɫaɪk/,sự không ưa,sự không thích,sự ghét*  ngoại động từ
dizzy,/ˈdɪzi/,cao ngất (làm chóng mặt...),,
during,/ˈdɝɪŋ/,trải qua,trong lúc,trong thời gian
embarrassing,/ɪmˈbɛɹəsɪŋ/,làm lúng túng,,
envy,/ˈɛnvi/,sự thèm muốn,sự ghen tị,sự đố kỵ
escalator,/ˈɛskəˌɫeɪtɝ/,cầu thang tự động,,
euro,/ˈjuɹoʊ/,số nhiều euros,,
except,/ɪkˈsɛpt/,trừ ra,loại ra*  nội động từ,
feather,/ˈfɛðɝ/,lông vũ,lông (chim),
fisherman,/ˈfɪʃɝˌmæn/,người đánh cá,thuyền chài,
flea,/ˈfɫi/,con bọ chét,,
forbid,/fɝˈbɪd/,cấm,ngăn cấm,
frighten,/ˈfɹaɪtən/,làm hoảng sợ,làm sợ,
frightening,/ˈfɹaɪtənɪŋ/,kinh khủng,khủng khiếp,
glove,/ˈɡɫəv/,bao tay,tất tay,găng
good-looking,/ˈɡʊdˌɫʊkɪŋ/,đẹp,đẹp trai,
grace,/ˈɡɹeɪs/,vẻ duyên dáng,vẻ yêu kiều,vẻ uyển chuyển
grandchild,/ˈɡɹænˌtʃaɪɫd/,cháu (của ông bà),,
granddad,/ˈɡɹænˌdæd/,nhuấy &,,
granddaughter,/ˈɡɹænˌdɔtɝ/,cháu gái (của ông bà),,
granny,/ˈɡɹæni/,bà,,
greedy,/ˈɡɹidi/,tham ăn,háu ăn,
grilled,/ˈɡɹɪɫd/,có lưới sắt,,
handbag,/ˈhændˌbæɡ/,túi xách,ví xách tay (đựng giấy tờ,tiền
harvest,/ˈhɑɹvəst/,thu hoạch,vụ gặt,
headphone,/ˈhɛdˌfoʊn/,ống nghe (điện đài),,
herself,/hɝˈsɛɫf/,tự nó,tự cô ta,tự chị ta
hey,/ˈheɪ/,ô,,
hike,/ˈhaɪk/,cuộc hành quân*  nội động từ,(thông tục),
himself,/hɪmˈsɛɫf/,tự nó,tự mình,
hockey,/ˈhɑki/,môn bóng gậy cong,khúc côn cầu,
hug,/ˈhəɡ/,cái ôm chặt,,
hunter,/ˈhəntɝ/,người đi săn,,
id,/ˈaɪˈdi/,ít (đơn vị chất giống),,
injure,/ˈɪndʒɝ/,làm tổn thương,làm hại,làm bị thương
invade,/ˌɪnˈveɪd/,xâm lược,xâm chiếm,xâm lấn
invent,/ˌɪnˈvɛnt/,phát minh,sáng chế,
it,/ˈɪt/,cái đó,điều đó,con vật đó
itself,/ˌɪtˈsɛɫf/,bản thân cái đó,bản thân điều đó,bản thân con vật đó
jam,/ˈdʒæm/,mứt,,
jelly,/ˈdʒɛɫi/,thịt nấu đông,nước quả nấu đông,thạch
journey,/ˈdʒɝni/,làm một cuộc hành trình,,
junk,/ˈdʒəŋk/,ghe mành,thuyền mành*  danh từ,
kilogram,/ˈkɪɫəˌɡɹæm/,kilôgam,,
kilometer,/ˈkɪɫəˌmitɝ/,kilômet,,
kindly,/ˈkaɪndɫi/,tử tế,tốt bụng,
knock,/ˈnɑk/,cú đánh,cú va chạm,
labor,/ˈɫeɪbɝ/,lao động,,
lake,/ˈɫeɪk/,h,,
laziness,/ˈɫeɪzinəs/,sự lười biếng,sự biếng nhác,
leather,/ˈɫɛðɝ/,da thuộc,,
left-hand,/ˌɫɛftˈhænd/,về phía trái,về bên trái,cho tay trái
lemon,/ˈɫɛmən/,cá bơn lêmon*  danh từ,,
lemonade,/ˈɫɛməˈneɪd/,nước chanh,,
liter,/ˈɫitɝ/,lít,,
luckily,/ˈɫəkəɫi/,may,may mắn,
lunchtime,/ˈɫəntʃˌtaɪm/,giờ ăn trưa,,
lyric,/ˈɫɪɹɪk/,bài thơ trữ tình,,
make-up,/ˈmeɪˌkəp/,đồ hoá trang,son phấn (để tô điểm),sự hoá trang
mall,/ˈmɔɫ/,búa nặng,búa tạ,
manner,/ˈmænɝ/,cách,lối,kiểu
melon,/ˈmɛɫən/,dưa tây,,
midday,/ˈmɪdˌdeɪ/,trưa,buổi trưa,
million,/ˈmɪɫjən/,triệu*  danh từ,,
mirror,/ˈmɪɹɝ/,gương,,
mosque,/ˈmɑsk/,nhà thờ Hồi giáo,,
mug,/ˈməɡ/,ca,chén vại,ca (đầy)
mushroom,/ˈməʃɹum/,nấm,,
myself,/ˌmaɪˈsɛɫf/,tự tôi,,
napkin,/ˈnæpkɪn/,khăn ăn,,
noun,/ˈnaʊn/,danh từ,,
oak,/ˈoʊk/,cây sồi,,
olympic,/oʊˈɫɪmpɪk/,Ô,,
omelet,/ˈɑmɫət/,trứng tráng,,
orphan,/ˈɔɹfən/,mồ côi*  danh từ,,
oven,/ˈəvən/,lò (để hấp bánh,,
overweight,/ˌoʊvɝˈweɪt/,quá trọng lượng hợp lệ,,
pacific,/pəˈsɪfɪk/,thái bình,hoà bình,ưa hoà bình
pal,/ˈpæɫ/,bạn*  nội động từ,,
pasta,/ˈpɑstə/,mì ống,mì sợi,món mì
pea,/ˈpi/,đậu Hà,,
pear,/ˈpɛɹ/,quả lê,,
pence,/ˈpɛns/,số tiền,,
perfume,/pɝfˈjum/,hương thơm,mùi thơm,
petrol,/ˈpɛtɹoʊɫ/,dầu xăng,,
pilgrim,/ˈpɪɫɡɹəm/,người hành hương,,
pill,/ˈpɪɫ/,viên thuốc,,
playful,/ˈpɫeɪfəɫ/,hay vui đùa,hay đùa,hay nghịch
pleasing,/ˈpɫizɪŋ/,dễ chịu,thú vị,làm vui lòng
policewoman,/pəˈɫiˌswʊmən/,số nhiều là policewomen,viết tắt là PW,
pollute,/pəˈɫut/,làm ô uế,làm mất thiêng liêng,
pronounce,/pɹəˈnaʊns/,tuyên bố,,
punctuation,/ˌpəŋktʃuˈeɪʃən/,sự chấm câu,phép chấm câu,phép đánh dấu chấm
queen,/ˈkwin/,nữ hoàng,bà hoàng,
quiz,/ˈkwɪz/,cuộc thi (ở đài phát thanh,,
racket,/ˈɹækɪt/,racquet,,
raincoat,/ˈɹeɪnˌkoʊt/,áo mưa,,
rap,/ˈɹæp/,cuộn (len,sợi...) 120 iat,
ray,/ˈɹeɪ/,cá đuối*  danh từ,,
receptionist,/ɹiˈsɛpʃənɪst/,hiệu ảnh...),,
recycle,/ɹiˈsaɪkəɫ/,phục hồi,tái chế (sản phẩm tự nhiên),
right-hand,/ɹaɪtˈhænd/,tay phải,ở bên tay phải,
roast,/ˈɹoʊst/,thịt quay,thịt nướng,sự quay thịt
rob,/ˈɹɑb/,cướp,cướp đoạt,lấy trộm
root,/ˈɹut/,rễ (cây),,
roundabout,/ˈɹaʊndəˌbaʊt/,quanh co,,
rumor,/ˈɹumɝ/,(như) rumour,,
rush,/ˈɹəʃ/,cây bấc,,
salt,/ˈsɔɫt/,muối,,
sauce,/ˈsɔs/,nước xốt,,
sausage,/ˈsɔsədʒ/,xúc xích,dồi,lạp xường
scarf,/ˈskɑɹf/,khăn quàng cổ,khăn choàng cổ,
scissors,/ˈsɪzɝz/,pair of scissors) cái kéo,,
scream,/ˈskɹim/,chuyện tức cười,người làm tức cười*  động từ,
screw,/ˈskɹu/,ngựa ốm,,
seafood,/ˈsiˌfud/,hải sản,,
seaside,/ˈsiˌsaɪd/,bờ biển,,
sew,/ˈsoʊ/,may khâu,,
shampoo,/ʃæmˈpu/,thuốc gội đầu,,
shore,/ˈʃɔɹ/,bờ (biển,hồ lớn),bờ biển
shout,/ˈʃaʊt/,tiếng kêu,sự la hét,sự hò hét
sightseeing,/ˈsaɪtˈsiɪŋ/,sự đi tham quan,,
since,/ˈsɪns/,từ lâu,từ đó,
sink,/ˈsɪŋk/,thùng rửa bát,chậu rửa bát,
skate,/ˈskeɪt/,cá đuổi*  danh từ,,
skateboarding,/ˈskeɪtˌbɔɹdɪŋ/,môn trượt ván,,
skating,/ˈskeɪtɪŋ/,môn trượt băng,,
ski,/ˈski/,Xki,,
sleepless,/ˈsɫipɫəs/,thức,không ngủ,
sleepy,/ˈsɫipi/,buồn ngủ,ngái ngủ,
snack,/ˈsnæk/,phần,phần chia,
sock,/ˈsɑk/,bít tất ngắn cổ,,
soldier,/ˈsoʊɫdʒɝ/,lính,quân lính,binh sĩ
someday,/ˈsəmˌdeɪ/,một ngày nào đó,rồi đây,
spaghetti,/spəˈɡɛti/,mì ống,,
spill,/ˈspɪɫ/,làm tràn,làm đổ,đánh đổ (nước...)
splash,/ˈspɫæʃ/,sự bắn toé (bùn,nước...),lượng (bùn nước...) bắn toé
stair,/ˈstɛɹ/,bậc thang,,
steak,/ˈsteɪk/,miếng cá để nướng,miếng thịt để nướng,
suitcase,/ˈsutˌkeɪs/,cái va li,,
sunflower,/ˈsənˌfɫaʊɝ/,cây hướng dương,,
sunglasses,/ˈsənˌɡɫæsɪz/,kính mát,kính râm,
superlative,/sʊˈpɝɫətɪv/,tột bực,,
superstar,/ˌsupɝˈstɑɹ/,<thgt> siêu sao,,
surfing,/ˈsɝfɪŋ/,môn lướt sóng,,
surname,/ˈsɝˌneɪm/,tên họ,họ,
swallow,/ˈswɑɫoʊ/,chim nhạn,,
sweat,/ˈswɛt/,mồ hôi,,
sweater,/ˈswɛtɝ/,người ra nhiều mồ hôi,,
sweetheart,/ˈswitˌhɑɹt/,người yêu,người tình*  động từ,
tape,/ˈteɪp/,dây,dải (để gói,buộc
tear,/ˈtɛɹ/,nước mắt,lệ,
terrify,/ˈtɛɹəˌfaɪ/,làm khiếp sợ,làm kinh hãi,
theirs,/ˈðɛɹz/,cái của chúng,cái của họ,
themselves,/ðəmˈsɛɫvz/,tự chúng,tự họ,tự
thief,/ˈθif/,kẻ trộm,kẻ cắp,
thirsty,/ˈθɝsti/,khát,làm cho khát,
thunderstorm,/ˈθəndɝˌstɔɹm/,bão tố có sấm sét,,
tidy,/ˈtaɪdi/,sạch sẽ,ngăn nắp,gọn gàng
tights,/ˈtaɪts/,quần chật ống,áo nịt (cho diễn viên xiếc,múa...)
till,/ˈtɪɫ/,ngăn kéo để tiền,,
tour,/ˈtʊɹ/,cuộc đi,cuộc đi du lịch,
tourist,/ˈtʊɹəst/,nhà du lịch,khách du lịch,
toward,/ˈtɔɹd/,dễ bảo,dễ dạy,
tram,/ˈtɹæm/,sợi tơ (để dệt nhung,lụa),
tune,/ˈtun/,điệu (hát...),giai điệu,
unforgettable,/ˌənfɝˈɡɛtəbəɫ/,không thể quên được,,
unhealthy,/ənˈhɛɫθi/,ốm yếu,yếu đuối ốm đau,
unlike,/ənˈɫaɪk/,khác,không giống,
upon,/əˈpɑn/,trên,ở trên,
upstairs,/əpˈstɛɹz/,ở trên gác,ở tầng trên,
violin,/vaɪəˈɫɪn/,đàn viôlông,,
wallet,/ˈwɔɫət/,đãy,bị (của người ăn mày),túi dết
weep,/ˈwip/,khóc,,
well-known,/ˈwɛɫˈnoʊn/,nổi tiếng,ai cũng biết,
whom,/ˈhum/,ai,người nào,
windy,/ˈwaɪndi/,có gió,lắm gió,lộng gió
within,/wɪˈðɪn/,ở trong,phía trong,bên trong
without,/wɪˈðaʊt/,không,không có,
wood,/ˈwʊd/,gỗ,,
wool,/ˈwʊɫ/,len,lông cừu,lông chiên
yeah,/ˈjæ/,vâng,ừ,
