word,pronunciation,meaning1,meaning2,meaning3
achieve,/əˈtʃiːv/,đạt được,hoàn thành,giành được
improve,/ɪmˈpruːv/,cải thiện,nâng cao,cải tiến
behavior,/bɪˈheɪvjər/,hành vi,cách cư xử,thái độ
character,/ˈkærəktər/,tính cách,nhân vật,cá tính
communicate,/kəˈmjuːnɪkeɪt/,giao tiếp,truyền đạt,liên lạc
confident,/ˈkɒnfɪdənt/,tự tin,chắc chắn,vững tin
describe,/dɪˈskraɪb/,miêu tả,mô tả,diễn tả
discover,/dɪˈskʌvər/,khám phá,phát hiện,tìm ra
employ,/ɪmˈplɔɪ/,thuê,tuyển dụng,sử dụng lao động
encourage,/ɪnˈkʌrɪdʒ/,khuyến khích,động viên,cổ vũ
imagine,/ɪˈmædʒɪn/,tưởng tượng,hình dung,mường tượng
include,/ɪnˈkluːd/,bao gồm,gồm có,kèm theo
increase,/ɪnˈkriːs/,tăng,gia tăng,tăng lên
decrease,/dɪˈkriːs/,giảm,giảm bớt,giảm xuống
instead,/ɪnˈsted/,thay vào đó,thay vì,thay thế
involve,/ɪnˈvɒlv/,liên quan đến,bao hàm,dính líu
mention,/ˈmenʃn/,đề cập,nhắc tới,nói tới
opportunity,/ˌɒpərˈtjuːnəti/,cơ hội,dịp may,thời cơ
prefer,/prɪˈfɜːr/,thích hơn,ưa thích hơn,chuộng hơn
produce,/prəˈdjuːs/,sản xuất,tạo ra,chế tạo
purpose,/ˈpɜːrpəs/,mục đích,mục tiêu,ý định
reduce,/rɪˈdjuːs/,giảm,giảm thiểu,thu nhỏ
relationship,/rɪˈleɪʃnʃɪp/,mối quan hệ,quan hệ,liên hệ
require,/rɪˈkwaɪər/,yêu cầu,đòi hỏi,cần đến
succeed,/səkˈsiːd/,thành công,đạt được thành công,làm được
suggest,/səˈdʒest/,đề nghị,gợi ý,đề xuất
support,/səˈpɔːrt/,hỗ trợ,ủng hộ,giúp đỡ
affect,/əˈfekt/,ảnh hưởng đến,tác động đến,gây ảnh hưởng
avoid,/əˈvɔɪd/,tránh,né tránh,tránh né
compare,/kəmˈpeər/,so sánh,đối chiếu,so đo
more,mɔ:,"nhiều hơn, lớn hơn, đông hơn","hơn nữa, thêm nữa, thêm nữa","hơn, nhiều hơn"
service,'sə:vis,(thực vật học) cây thanh lương trà ((cũng) service-tree),"sự phục vụ, sự hầu hạ","ban, vụ, sở, cục, ngành phục vụ"
development,di'veləpmənt,"sự trình bày, sự bày tỏ, sự thuyết minh (vấn đề, luận điểm, ý kiến...)","sự phát triển, sự mở mang, sự mở rộng, sự khuếch trương, sự phát đạt",(sinh vật học) sự phát triển
general,'dʤenərəl,"chung, chung chung",tổng,(quân sự) tổng hành dinh
department,di'pɑ:tmənt,cục; sở; ty; ban; khoa,"gian hàng, khu bày hàng (trong cửa hiệu)",khu hành chính (ở Pháp)
public,'pʌblik,"chung, công, công cộng",công khai,"công chúng, quần chúng"
thus,ðʌs,"vậy, như vậy, như thế","vì vậy, vì thế, vậy thì","đến đó, đến như thế"
services,,(Econ) Các dịch vụ.,,
process,process,"quá trình, sự tiến triển",sự tiến hành,"phương pháp, cách thức (sản xuất, chế biến)"
present,'preznt - pri'zent,pri'zent/,"có mặt, hiện diện","hiện nay, hiện tại, hiện thời, nay, này"
county,'kaunti,"hạt, tỉnh (đơn vị hành chính lớn nhất của Anh)",(the county) nhân dân (một) hạt (tỉnh),đất (phong của) bá tước
available,ə'veiləbl,"sẵn có để dùng, sẵn sàng để dùng, có thể dùng được","có thể kiếm được, có thể mua được","có hiệu lực, có giá trị"
president,'prezidənt,"chủ tịch (buổi họp, hội nước...)","(từ Mỹ,nghĩa Mỹ) tổng thống",hiệu trưởng (trường đại học)
land,lænd,đất; đất liền,"đất, đất trồng, đất đai","vùng, xứ, địa phương"
amount,ə'maunt,"số lượng, số nhiều",tổng số,"thực chất, giá trị thực; tầm quan trọng, ý nghĩa"
including,in'klu:diɳ,"bao gồm cả, kể cả",,
percent,,phần trăm,,
required,,"đòi hỏi, cần tìm",,
provided,provided,"được chuẩn bị đầy đủ, được dự phòng","được cung cấp, được chu cấp",trường tiểu học công do chính quyền địa phương đài thọ
policy,'pɔlisi,"chính sách (của chính phủ, đảng...)","cách xử sự, cách giải quyết (vấn đề...) đường lối hành động","sự khôn ngoan, sự khôn khéo, sự tin tưởng, sự sáng suốt, sự sắc bén (về chính trị, về sự chỉ đạo công việc)"
property,property,"quyền sở hữu, tài sản, của cải, vật sở hữu","đặc tính, tính chất","đồ dùng sân khấu (trang trí, phục trang, dàn cảnh...)"
analysis,ə'næləsis,sự phân tích,"(vật lý),  (hoá học) phép phân tích",(toán học) giải tích
various,'veəriəs,khác nhau; nhiều thứ khác nhau,,
least,li:st,"tối thiểu, nhỏ nhất, ít nhất, kém nhất","tối thiểu, ít nhất","ít hơn cả, kém hơn cả"
management,'mænidʤmənt,"sự trông nom, sự quản lý",sự điều khiển,"ban quản lý, ban quản đốc"
total,'toutl,"tổng cộng, toàn bộ",hoàn toàn,"tổng số, toàn bộ"
district,'distrikt,"địa hạt, khu vực, quận, huyện, khu","vùng, miền","(từ Mỹ,nghĩa Mỹ) khu vực bầu cử"
economic,",i:kə'nɔmik",kinh tế,"mang lợi, có lợi (việc kinh doanh...)",
next,nekst,"sát, gần, ngay bên, bên cạnh","sau, ngay sau, tiếp sau",hầu như không
tax,tæks,"thuế, cước","(nghĩa bóng) gánh nặng; sự thử thách, sự đòi hỏi lớn","đánh thuế, đánh cước"
industry,'indəstri,công nghiệp,"sự chăm chỉ, tính cần cù, tính siêng năng ((cũng) industriousness)",ngành kinh doanh; nghề làm ăn
terms,,"điều khoản, điều kiện đề nghị, điều kiện được chấp nhận",giá; điều kiện (cách thanh toán đề nghị hoặc đòi hỏi),"quan hệ, sự giao thiệp, sự giao hảo, sự đi lại"
application,",æpli'keiʃn","sự gắn vào, sự áp vào, sự ghép vào, sự đính vào, sự đắp vào, sự tra vào ((cũng) appliance)","vật gắn, vật áp, vật ghép, vật đính, vật đắp, vật tra","sự dùng, sự áp dụng, sự ứng dụng"
press,pres,"sự ép, sự nén, sự bóp, sự ấn","sự đông đúc, sự chen chúc; đám đông chen chúc, đám đông xô lấn","sự thúc ép, sự hối hả, sự tất bật"
income,'inkəm,"thu nhập, doanh thu, lợi tức",,
union,'ju:njən,"sự hợp nhất, sự kết hợp, sự liên kết; liên minh, liên hiệp","sự nhất trí, sự cộng đồng, sự đoàn kết, sự hoà hợp","hiệp hội, liên hiệp; đồng minh; liên bang"
treatment,'tri:tmənt,"sự đối xử, sự đối đãi, sự cư xử (với người nào)",(y học) sự điều trị; phép trị bệnh,(hoá học) sự xử lý
basis,'beisis,"nền tảng, cơ sở",căn cứ (quân sự),
able,'eibl,"có năng lực, có tài","(pháp lý) có đủ tư cách, có đủ thẩm quyền",
surface,'sə:fis,"mặt, mặt ngoài bề mặt",(định ngữ) bề ngoài,(định ngữ) ở mặt biển
council,'kaunsl,hội đồng,,
growth,grouθ,"sự lớn mạnh, sự phát triển","sự tăng tiến, sự tăng lên, sự khuếch trương",sự sinh trưởng
feet,fut,"chân, bàn chân (người, thú...)","bước chân, cách đi",(quân sự) bộ binh
construction,kən'strʌkʃn,sự xây dựng,vật được xây dựng,(ngôn ngữ học) cách đặt câu; cấu trúc câu
authority,ɔ:'θɔriti,"uy quyền, quyền lực, quyền thế",uỷ quyền,"((thường) số nhiều) nhà cầm quyền, nhà chức trách, nhà đương cục"
series,'siəri:z,"loạt, dãy, chuỗi, đợt","(địa lý,địa chất) thống, hệ (địa tầng)",(hoá học) nhóm cùng gốc
current,'kʌrənt,"dòng (nước); luồng (gió, không khí); (điện học) dòng điện","dòng, luồng, chiều, hướng (dư luận, tư tưởng...)",ngược dòng
equipment,i'kwipmənt,sự trang bị,"đồ trang bị, thiết bị, dụng cụ, đồ dùng cần thiết (cho một cuộc đi, cho một nhà máy...)","(từ Mỹ,nghĩa Mỹ) những phương tiện vận tải để phân biệt với các loại tài sản khác trong ngành vận tải)"
paid,pei,"trả (tiền lương...); nộp, thanh toán","(nghĩa bóng) trả công, thưởng, đền đáp lại",dành cho; đến (thăm...); ngỏ (lời khen...)
operation,",ɔpə'reiʃn",sự hoạt động; quá trình hoạt động,thao tác,"hiệu quả, tác dụng"
rates,,(Econ) Thuế địa ốc.,,
administration,"əd,minis'treiʃn","sự trông nom, sự quản lý; sự cai quản, sự cai trị","chính phủ, chính quyền",sự thi hành; việc áp dụng
theory,'θiəri,"thuyết, học thuyết",thuyết riêng,"lý thuyết, lý luận, nguyên lý"
decision,di'siʤn,"sự giải quyết (một vấn đề...); sự phân xử, sự phán quyết (của toà án)","sự quyết định, quyết nghị","tính kiên quyết, tính quả quyết"
generally,'dʤenərəli,"nói chung, đại thể","thông thường, theo như lệ thường",
agreement,ə'gri:mənt,"hiệp định, hiệp nghị","hợp đồng, giao kèo","sự bằng lòng, sự tán thành, sự đồng ý, sự thoả thuận"
organization,",ɔ:gənai'zeiʃn","sự tổ chức, sự cấu tạo","tổ chức, cơ quan",
effective,'ifektiv,có kết quả,"có hiệu lực, có kết quả","có tác động, có ảnh hưởng; gây ấn tượng"
distribution,",distri'bju:ʃn","sự phân bổ, sự phân phối, sự phân phát","sự rắc, sự rải","sự sắp xếp, sự xếp loại, sự phân loại"
respect,ris'pekt,"sự tôn trọng, sự kính trọng",(số nhiều) lời kính thăm,"sự lưu tâm, sự chú ý"
security,si'kjuəriti,"sự yên ổn, sự an toàn, sự an ninh","tổ chức bảo vệ, cơ quan bảo vệ","sự bảo đảm, vật bảo đảm"
term,tə:m,"hạn, giới hạn, định hạn","thời hạn, kỳ hạn","phiên (toà), kỳ học, quý, khoá"
insurance,in'ʃuərəns,sự bảo hiểm,tiền đóng bảo hiểm; tiền bảo hiểm được hưởng,hợp đồng bảo hiểm
function,'fʌɳkʃn,chức năng,"((thường) số nhiều) nhiệm vụ, trách nhiệm","buổi lễ; buổi họp mặt chính thức, buổi họp mặt quan trọng"
record,'rekɔ:d,(pháp lý) hồ sơ,biên bản,sự ghi chép
main,mein,cuộc chọi gà,"with might and main với tất cả sức mạnh, dốc hết sức","phần chính, phần cốt yếu, phần chủ yếu"
working,'wə:kiɳ,"sự làm việc, sự làm","sự lên men, sự để lên men (rượu, bia)","(kỹ thuật) sự hoạt động, sự chuyển vận, sự vận hành, sự dùng (máy móc)"
journal,'dʤə:nl,báo hằng ngày,tạp chí,(hàng hải); (thương nghiệp) nhật ký
loss,lɔs,sự mất,"sự thua, sự thất bại","sự thiệt hại, tổn hại, tổn thất, thua lỗ"
individual,",indi'vidjuəl","riêng, riêng lẻ, cá nhân","độc đáo, riêng biệt, đặc biệt",cá nhân; người
written,'ritn,"viết ra, được thảo ra; tren giấy tờ, thành văn bản",,
employment,im'plɔimənt,"sự dùng, sự thuê làm (công...)","sự làm công, việc làm",
volume,'vɔljum,"quyển, tập",khối,"dung tích, thể tích"
region,'ri:dʤn,"vùng, miền",tầng lớp (quyển khí...),lĩnh vực
financial,fai'nænʃəl,"(thuộc) tài chính, về tài chính",,
particularly,pə'tikjuləli,"đặc biệt, cá biệt, riêng biệt","tỉ mỉ, chi tiết",
sometimes,'sʌmtaimz,"đôi khi, đôi lúc, lắm lúc, lúc thì",,
involved,in'vɔlvd,"rắc rối, phức tạp","bị mắc míu, bị liên luỵ, bọ dính líu, bị dính dáng","để hết tâm trí vào, bị thu hút vào (công việc gì...)"
approach,ə'proutʃ,"sự đến gần, sự lại gần","sự gần như, sự gần giống như","đường đi đến, lối vào"
movement,'mu:vmənt,"sự chuyển động, sự vận động, sự cử động, sự hoạt động","động tác, cử động","hoạt động, hành động (của một người, một nhóm)"
disease,di'zi:z,"bệnh, bệnh tật",(nghĩa bóng) tệ nạn; sự hủ bại (xã hội...),
army,'ɑ:mi,quân đội,"đoàn, đám đông, nhiều vô số",
length,leɳθ,"bề dài, chiều dài, độ dài",tránh không làm thân với ai,"sau hết, cuối cùng"
extent,iks'tent,khoảng rộng,"quy mô, phạm vi, chừng mực",(pháp lý) sự đánh giá (đất rộng...)
annual,'ænjuəl,"hàng năm, năm một, từng năm",sống một năm (cây),xuất bản hàng năm (sách)
protection,protection,"sự bảo vệ, sự bảo hộ, sự che chở; sự bảo trợ","người bảo vệ, người che chở; vật bảo vệ, vật che chở",giấy thông hành
legal,'li:gəl,"hợp pháp, theo pháp luật",do pháp luật định,(thuộc) pháp luật
supply,sə'plai,"sự cung cấp, sự tiếp tế","nguồn dự trữ, kho cung cấp; đồ dự trữ; hàng cung cấp",(số nhiều) quân nhu
fund,fʌnd,kho,quỹ,(số nhiều) tiền của
goods,gudz,"của cải, động sản","hàng hoá, hàng",hàng hoá chở (trên xe lửa)
capacity,kə'pæsiti,"sức chứa, chứa đựng, dung tích","năng lực khả năng; khả năng tiếp thu, khả năng thu nhận",năng suất
judgment,'dʤʌdʤmənt,sự xét xử,"quyết định của toà; phán quyết, án","sự trừng phạt, sự trừng trị; điều bất hạnh (coi như sự trừng phạt của trời)"
institute,'institju:t,"viện, học viện; hội; trụ sở viện, trụ sở hội","(từ Mỹ,nghĩa Mỹ) cơ sở đào tạo kỹ thuật (cấp đại học)","(từ Mỹ,nghĩa Mỹ) đơn vị nghiên cứu và giảng dạy chuyên đề (ở đại học)"
engineering,",endʤi'niəriɳ","kỹ thuật kỹ sư, kỹ thuật công trình sư; nghề kỹ sư, nghề công trình sư",kỹ thuật xấy dựng ((cũng) civil engineerings),(số nhiều) ruốm khứ mánh khoé
determine,di'tə:min,"định, xác định, định rõ","quyết định, định đoạt","làm cho quyết định, làm cho có quyết tâm thôi thúc"
charge,tʃɑ:dʤ,"vật mang, vật chở, vật gánh; gánh nặng ((nghĩa đen) & (nghĩa bóng))","số đạn nạp, số thuốc nạp (vào súng); điện tích (nạp vào ắc quy); sự nạp điện, sự tích điện","tiền phải trả, giá tiền, tiền công, tiền thù lao"
directly,di'rektli,"thẳng, ngay, lập tức","thẳng, trực tiếp",
flow,flow,sự chảy,"lượng chảy, lưu lượng",luồng nước
safety,'seifti,"sự an toàn, sự chắc chắn","tính an toàn, tính chất không nguy hiểm",chốt an toàn (ở súng)
previous,'pri:vjəs,trước,"(thông tục) vội vàng, hấp tấp",kỳ thi đầu tiên để lấy bằng tú tài văn chương (trường đại học Căm-brít)
justice,'dʤʌstis,sự công bằng,"công lý, tư pháp, sự xét xử của toà án; quyền tài phán",toà án tối cao
steel,sti:l,thép,que thép (để mài dao),"(thơ ca),  (văn học) gươm, kiếm"
former,'fɔ:mə,"trước, cũ, xưa, nguyên","cái trước, người trước, vấn đề trước",
associated,,liên kết,,
entire,in'taiə,"toàn bộ, toàn thể, toàn vẹn, hoàn toàn","thành một khối, thành một mảng, liền","không thiến, không hoạn"
industrial,in'dʌstriəl,(thuộc) công nghiệp,,
equal,'i:kwəl,"ngang, bằng",ngang sức (cuộc đấu...),"đủ sức, đủ khả năng; đáp ứng được"
assistance,ə'sistəns,sự giúp đỡ,,
otherwise,'ʌðəwaiz,"khác, cách khác",nếu không thì...,"mặt khác, về mặt khác"
central,'sentrəl,"ở giữa, ở trung tâm; trung ương","chính, chủ yếu, trung tâm",sự sưởi tập trung (sưởi ấm bằng hơi nước nóng hay nước nóng chảy qua một hệ thống ống từ một nguồn ở trung tâm)
presence,'prezns,sự có mặt,"vẻ, dáng, bộ dạng",sự nhanh trí
status,'steitəs,"địa vị, thân phận, thân thế",(pháp lý) quân hệ pháp lý (giữa người này với những người khác),tình trạng
consideration,"kən,sidə'reiʃn","sự cân nhắc, sự suy xét, sự nghiên cứu, sự suy nghĩ","sự để ý, sự quan tâm, sự lưu ý","sự tôn kính, sự kính trọng"
risk,risk,"sự liều, sự mạo hiểm","sự rủi ro, sự nguy hiểm",liều
stated,'steitid,đã định,"đã được phát biểu, đã được tuyên bố",
relation,ri'leiʃn,"sự kể lại, sự thuật lại; chuyện kể lại","sự liên lạc, mối quan hệ, mối tương quan, mối liên hệ",(số nhiều) sự giao thiệp
duty,'dju:ti,"sự tôn kính, lòng kính trọng (người trên)","bổn phận, nhiệm vụ, trách nhiệm","phận sự, chức vụ, công việc, phần việc làm; phiên làm, phiên trực nhật"
failure,'feiljə,"sự không xảy ra, sự không làm được (việc gì)",sự thiếu,"sự thất bại; sự hỏng; sự mất (mùa, điện...)"
connection,kə'nekʃn,"sự liên quan, sự liên lạc, mối quan hệ; sự chấp nối",sự mạch lạc,"sự giao thiệp, sự kết giao"
literature,'litəritʃə,"văn chương, văn học",tác phẩm văn học; tác phẩm viết văn hoa bóng bảy,giới nhà văn
sufficient,sə'fiʃənt,đủ,"(từ cổ,nghĩa cổ) có khả năng; có thẩm quyền",số lượng đủ
chemical,'kemikəl,(thuộc) hoá học,,
observed,,the observed,đối tượng quan sát,
active,'æktiv,"tích cực, hoạt động; nhanh nhẹn, linh lợi","thiết thực, thực sự; có hiệu lực, công hiệu",(ngôn ngữ học) chủ động
immediately,i'mi:djətli,"ngay lập tức, tức thì",trực tiếp,
concerned,kən'sə:nd,có liên quan; có dính líu,"lo lắng, lo âu; quan tâm",
relative,'relətiv,có kiên quan,"cân xứng với, cân đối vơi, tuỳ theo",(ngôn ngữ học) quan hệ
commercial,kə'mə:ʃl,(thuộc) buôn bán; (thuộc) thương mại; (thuộc) thương nghiệp,"(từ Mỹ,nghĩa Mỹ) buổi phát thanh quảng cáo hàng",(thông tục) người chào hàng
demand,di'mɑ:nd,"sự đòi hỏi, sự yêu cầu; nhu cầu","(số nhiều) những sự đòi hỏi cấp bách (đối với thì giờ, túi tiền... của ai)","đòi hỏi, yêu cầu; cần, cần phải"
progress,progress,"sự tiến tới, sự tiến bộ; sự tiến triển, sự phát triển",sự tiến hành,"(từ cổ,nghĩa cổ) cuộc kinh lý"
iron,'aiən,sắt,chất sắc (thuốc bổ),"đồ sắt, đồ dùng bằng sắt"
economy,i:'kɔnəmi,sự quản lý kinh tế; nền kinh tế; tổ chức kinh tế,"sự tiết kiệm (thì giờ, tiền của...); phương pháp tiết kiệm",cơ cấu tổ chức
distance,'distəns,"khoảng cách, tầm xa",khoảng (thời gian),"quãng đường; (thể dục,thể thao) quãng đường chạy đua (dài 240 iat)"
coal,koul,than đá,(số nhiều) viên than đá,đổ thêm dầu vào lửa
standard,'stændəd,"cờ hiệu, cờ (đen & bóng)",(thực vật học) cánh cờ (của hoa đậu...),"tiêu chuẩn, chuẩn, mẫu"
transportation,",trænspɔ:'teiʃn","sự chuyên chở, sự vận tải","(pháp lý) sự đưa đi đày, sự đày ải; tội đày","(từ Mỹ,nghĩa Mỹ) phiếu vận tải, vé (tàu, xe)"
access,'ækses,"lối vào, cửa vào, đường vào","sự đến gần, sự cho vào, sự lui tới; quyền đến gần, quyền lui tới",sự dâng lên (nước triều)
religious,ri'lidʤəs,(thuộc) tôn giáo; (thuộc) tín ngưỡng; (thuộc) sự tu hành,"sùng đạo, mộ đạo, ngoan đạo","chu đáo, cẩn thận, tận tâm cao"
positive,'pɔzətiv,"xác thực, rõ ràng","quả quyết, khẳng định, chắc chắn",tích cực
defense,di'fens,"(từ Mỹ,nghĩa Mỹ) (như) defence",,
rest,rest,sự nghỉ ngơi; lúc nghỉ ngơi; giấc ngủ,"sự yên tâm, sự yên lòng, sự thanh thản, sự thư thái (trong tâm hồn)",sự yên nghỉ (người chết)
balance,'bæləns,cái cân,sự thăng bằng sự cân bằng; cán cân,sự cân nhắc kỹ
approximately,,"khoảng chừng, độ chừng",,
introduction,",intrə'dʌkʃn","sự giới thiệu, lời giới thiệu","sự đưa vào (phong tục, cây lạ...)",sự đưa (đạo luật dự thảo) ra nghị viện
examination,"ig,zæmi'neiʃn","sự khám xét kỹ, sự xem xét kỹ, sự thẩm tra, sự khảo sát, sự nghiên cứu",sự thi cử; kỳ thi,(pháp lý) sự thẩm tra
motor,'moutə,động cơ mô tô,ô tô,(giải phẫu) cơ vận động; dây thần kinh vận động
agriculture,'ægrikʌltʃə,nông nghiệp,bộ nông nghiệp (ở Anh),
occur,ə'kə:,"xảy ra, xảy đên",nảy ra (ý nghĩ),"xuất hiện, tìm thấy"
spirit,'spirit,tinh thần,"linh hồn, tâm hồn","thần linh, thần thánh, quỷ thần"
independent,",indi'pendənt",độc lập,"không lệ thuộc, không phụ thuộc, không tuỳ thuộc","đủ sung túc, không cần phải làm ăn gì để kiếm sống"
content,'kɔntent,nội dung,"(chỉ số ít) sức chứa, sức đựng, dung tích, dung lượng (bình, hồ, ao...); thể tích (khối đá...); diện tích, bề mặt (ruộng...)","lượng, phân lượng"
none,nʌn,"không ai, chẳng một ai, không người nào; không vật gì",chỉ,không ai khác chính là
past,pɑ:st,"(thuộc) quá khứ, đã qua, (thuộc) dĩ vãng",(ngôn ngữ học) quá khứ,"quá khứ, dĩ vãng; quá khứ không hay ho gì"
considerable,kən'sidərəbl,"đáng kể, to tát, lớn","có vai vế, có thế lực quan trọng (người)","(từ Mỹ,nghĩa Mỹ),  (thông tục) số lượng lớn, số lượng đáng kể"
maintenance,'meintinəns,"sự giữ, sự duy trì; sự bảo vệ, sự bảo quản","sự nuôi, sự cưu mang",
serious,'siəriəs,"đứng đắn, nghiêm trang, nghiêm nghị","hệ trọng, quan trọng, không thể coi thường được; nghiêm trọng, trầm trọng, nặng","đáng sợ, đáng gờm"
professor,professor,giáo sư (đại học),"(tôn giáo) giáo đồ, tín đồ",
claim,kleim,"sự đòi, sự yêu sách, sự thỉnh cầu","quyền đòi, quyền yêu sách",vật yêu sách; điều yêu sách
judge,'dʤʌdʤ,"quan toà, thẩm phán","người phân xử, trọng tài","người am hiểu, người sành sỏi"
essential,i'senʃəl,"(thuộc) bản chất, (thuộc) thực chất","cần thiết, thiết yếu, cốt yếu, chủ yếu","(thuộc) tinh chất, tinh"
majority,mə'dʤɔriti,"phần lớn, phần đông, đa số","(từ Mỹ,nghĩa Mỹ) đảng (nhóm) được đa số phiếu","tuổi thành niên, tuổi trưởng thành"
object,'ɔbdʤikt,"đồ vật, vật thể",đối tượng; (triết học) khách thể,"mục tiêu, mục đích"
reduction,ri'dʌkʃn,"sự thu nhỏ, sự giảm bớt","sự giảm giá, sự hạ giá","sự biến đổi (sang một trạng thái, hình thức kém hơn, thấp hơn)"
highly,'haili,"rất, lắm, hết sức, ở mức độ cao","tốt, cao; với ý tôn trọng, với ý ca ngợi",nói tốt về ai; ca ngợi ai
reasonable,'ri:znəbl,"có lý, hợp lý","biết lẽ phải, biết điều; vừa phải, phải chăng","(từ hiếm,nghĩa hiếm) có lý trí; biết suy luận, biết suy nghĩ"
responsible,ris'pɔnsəbl,chịu trách nhiệm,"có trách nhiệm; đứng đắn, đáng tin cậy; có uy tín (người)",chính phủ không chuyên quyền
practical,'præktikəl,thực hành (đối với lý thuyết),"thực tế, thực tiễn, thực dụng; có ích, có ích lợi thực tế, thiết thực","đang thực hành, đang làm, đang hành nghề"
instance,'instəns,"thí dụ, ví dụ (chứng minh, minh hoạ)",trường hợp cá biệt,(pháp lý) sự xét xử
principle,'prinsəpl,"gốc, nguồn gốc, yếu tố cơ bản","nguyên lý, nguyên tắc","nguyên tắc đạo đức, phép tắc, phương châm xử thế"
critical,'kritikəl,"phê bình, phê phán","hay chỉ trích, hay chê bai; có ý kiến chống lại; khó tính, khó chiều","nguy cấp, nguy ngập, nguy kịch"
relatively,'relətivli,"có liên quan, có quan hệ với",tương đối,
approved,ə'pru:vd,"được tán thành, được đồng ý, được bằng lòng, được chấp thuận","được phê chuẩn, được chuẩn y",trường của nhà nước dành cho trẻ em phạm tội
frequency,,(Tech) tần số,,
responsibility,"ris,pɔnsə'biliti",trách nhiệm,gánh trách nhiệm; cái phải gánh vác,
cultural,'kʌltʃərəl,(thuộc) văn hoá,(thuộc) trồng trọt,
appeal,ə'pi:l,sự kêu gọi; lời kêu gọi,"lời thỉnh cầu, sự cầu khẩn",(pháp lý) sự chống án; quyền chống án
obtain,əb'tein,"đạt được, thu được, giành được, kiếm được","đang tồn tại, hiện hành, thông dụng",
existence,ig'zistəns,"sự tồn tại, sự sống, sự sống còn; cuộc sống",sự hiện có,"vật có thật, vật tồn tại, những cái có thật; thực thể"
location,lou'keiʃn,vị trí,"sự xác định vị trí, sự định vị","(từ Mỹ,nghĩa Mỹ) khu đất được cắm để chuẩn bị xây dựng"
election,i'lekʃn,sự chọn,sự bầu cử; cuộc tuyển cử,(tôn giáo) sự chọn lên thiên đường
foundation,faun'deiʃn,"sự thành lập, sự sáng lập, sự thiết lập","tổ chức (học viện, nhà thương... do một quỹ tư cấp tiền)",nền móng
benefit,'benifit,"lợi, lợi ích","buổi biểu diễn; trận đấu (lấy tiền ủng hộ, tương tế) ((cũng) benifit night; benifit match)","tiền trợ cấp, tiền tuất"
above,ə'bʌv,"trên đầu, trên đỉnh đầu",ở trên,trên thiên đường
investigation,"in,vesti'geiʃn",sự điều tra nghiên cứu,,
pattern,'pætən,"kiểu mẫu, gương mẫu",mẫu hàng,"mẫu, mô hình, kiểu"
determination,"di,tə:mi'neiʃn","sự xác định, sự định rõ",sự quyết định,tính quả quyết; quyết tâm
concept,,"(Tech) khái niệm, quan niệm",,
complex,'kɔmleks,"phức tạp, rắc rối","mớ phức tạp, phức hệ",nhà máy liên hợp; khu công nghiệp liên hợp
network,'netwə:k,"lưới, đồ dùng kiểu lưới","mạng lưới, hệ thống",(kỹ thuật) hệ thống mắc cáo
civil,'sivl,(thuộc) công dân,(thuộc) thường dân (trái với quân đội),(thuộc) bên đời (trái với bên đạo)
laboratory,lə'bɔrətəri,phòng thí nghiệm; phòng pha chế,"phòng thí nghiệm ""nóng"" (nơi tiến hành những cuộc thí nghiệm nguy hiểm có thể chết người)","buồng lò, buồng luyện (luyện kim)"
completely,kəm'pli:tli,"hoàn toàn, đầy đủ, trọn vẹn",,
regulation,",regju'leiʃn","sự điều chỉnh, sự sửa lại cho đúng","sự sắp đặt, sự quy định, sự chỉnh lý, sự chỉnh đốn (công việc...)","điều quy định, quy tắc, điều lệ"
merely,'miəli,"chỉ, đơn thuần",,
improvement,im'pru:vmənt,"sự cải tiến, sự cải thiện, làm cho tốt hơn; sự trau dồi, sự mở mang (trí tuệ, kiến thức...)","sự sửa sang, sự đổi mới (cho đẹp, tốt hơn)","sự tiến bộ, sự tốt hơn, sự khá hơn"
internal,in'tə:nl,"ở trong, nội bộ",trong nước,"(thuộc) nội tâm, (thuộc) tâm hồn, từ trong thâm tâm; chủ quan"
regarding,ri'gɑ:diɳ,đối với (vấn đề...); về phần,,
upper,' p,"trên, cao, thượng","(địa lý,địa chất) muộn","mặc ngoài, khoác ngoài (áo)"
maintain,men'tein,"giữ, duy trì, bảo vệ, bảo quản","giữ vững, không rời bỏ","bảo vệ, xác nhận rằng"
entirely,in'taiəli,"toàn bộ, toàn vẹn, trọn vẹn; hoàn toàn",,
frequently,,thường xuyên,,
fuel,fjuəl,"chất đốt, nhiên liệu",cái khích động,lửa cháy đổ thêm dầu
constitution,",kɔnsti'tju:ʃn",hiến pháp,"thể tạng, thể chất","tính tình, tính khí"
forth,fɔ:θ,"về phía trước, ra phía trước, lộ ra",vân vân,từ nay về sau
comparison,kəm'pærisn,sự so sánh,khi so sánh,so với
vice,vais,"thói xấu, nết xấu, thói hư tật xấu","sự truỵ lạc, sự đồi bại","chứng, tật (ngựa)"
appointed,ə'pɔintid,"được bổ nhiệm, được chỉ định, được chọn",định hạn,"được trang bị, được thiết bị"
limited,'limitid,"có hạn, hạn chế, hạn định",,
ordinary,'ɔ:dnri,"thường, thông thường, bình thường, tầm thường",(quân sự) ((viết tắt) O.S) binh nhì hải quân,"điều thông thường, điều bình thường"
historical,his'tɔrikəl,"lịch sử, (thuộc) lịch sử; có liên quan đến lịch sử",,
removed,ri'mu:vd,"xa, xa cách, khác biệt",(xem) cousin,
environmental,,thuộc về môi trường,,
concentration,",kɔnsen'treiʃn",sự tập trung; nơi tập trung,(hoá học) sự cô,
agricultural,",ægri'kʌltʃərəl",(thuộc) nông nghiệp,,
granted,,"giả dụ như vậy, cứ cho là như vậy, cứ công nhận như vậy",,
measure,'meʤə,"sự đo, sự đo lường; đơn vị đo lường, cái để đo","(nghĩa bóng) hạn độ, phạm vi, giới hạn, chừng mức","tiêu chuẩn để đánh giá; cái để đánh giá, cái để xét; thước đo"
assets,,(toán kinh tế) tài sản; tiền có,fixed a. tài sản cố định,personal a. động sản
governor,'gʌvənə,kẻ thống trị,"thống sử, thủ hiến, thống đốc","uỷ viên hội đồng quản trị (một trường học, một bệnh viện...)"
pain,pein,"sự đau đớn, sự đau khổ (thể chất, tinh thần)",(số nhiều) sự đau đẻ,(số nhiều) nỗi khó nhọc công sức
leading,'li:diɳ,"sự lânh đạo, sự hướng dẫn, sự dẫn đầu","thế lực, ảnh hưởng","lânh đạo, hướng dẫn, dẫn đầu"
assistant,ə'sistənt,"người giúp đỡ, người phụ tá",trợ giáo; (pháp lý) viên phụ thẩm,người bán hàng ((cũng) shop assistant)
conclusion,kən'klu:ʤn,"sự kết thúc, sự chấm dứt; phần cuối","sự kết luận, phần kết luận","sự quyết định, sự giải quyết, sự dàn xếp, sự thu xếp"
absence,'æbsəns,"sự vắng mặt, sự nghỉ (học), sự đi vắng; thời gian vắng mặt, lúc đi vắng","sự thiếu, sự không có",sự điểm danh
storage,'stɔ:ridʤ,sự xếp vào kho,kho; khu vực kho,thuế kho
slightly,'slaitiɳli,"mỏng mảnh, yếu ớt","qua, sơ, hơi",
hearing,'hiəriɳ,thính giác,tầm nghe,sự nghe
definition,",defi'niʃn","sự định nghĩa, lời định nghĩa","sự định, sự định rõ, sự xác định (quyền lợi, ranh giới...)",(vật lý) sự rõ nét (hình ảnh); độ rõ (âm thanh)
intended,in'tendid,"có định ý, có dụng ý, đã được nhằm; chờ đợi","sắp cưới, đã hứa hôn","(thông tục) vợ sắp cưới, chồng sắp cưới"
element,'elimənt,yếu tố,nguyên tố,(hoá học) nguyên tố
lead,led,chì,"(hàng hải) dây dọi dò sâu, máy dò sâu",(ngành in) thanh cỡ
respectively,ris'pektivli,"riêng từng người, riêng từng cái; tương ứng (với vị trí, thứ tự, địa vị)",,
transport,trænspɔ:t,"sự chuyên chở, sự vận tải","phương tiện đi lại, phương tiện vận chuyển",tàu chở quân ((cũng) troop-transport)
measured,'meʤəd,"đều đặn, nhịp nhàng, có chừng mực","đắn đo, cân nhắc, có suy nghĩ, thận trọng (lời nói)",
railway,'reilwei,"đường sắt, đường xe lửa, đường ray",(định ngữ) (thuộc) đường sắt,
selection,si'lekʃn,"sự lựa chọn, sự chọn lọc, sự tuyển lựa",người (vật) được chọn lựa,(sinh vật học) sự chọn lọc
session,'seʃn,"buổi họp, phiên họp, kỳ họp; hội nghị",thời kỳ hội nghị,"(từ Mỹ,nghĩa Mỹ); (Ê-cốt) học kỳ"
grant,grɑ:nt,"sự cho, sự ban cho, sự cấp cho",trợ cấp,"sự nhượng, sự nhường lại (của cải, quyền...)"
religion,ri'lidʤn,"tôn giáo, đạo; sự tín ngưỡng, sự tu hành",sự sùng bái; việc có nghĩa vụ phải làm,
politics,'pɔlitiks,chính trị,hoạt động chính trị,"chính kiến, quan điểm chính trị"
permanent,'pə:mənənt,"lâu dài, lâu bền, vĩnh cửu, thường xuyên, thường trực; cố định",,
please,pli:z,"làm vui lòng, làm hài lòng, làm vừa lòng, làm vừa ý; làm thích, làm vui","thích, muốn","mong ông (bà...) làm ơn (ngụ ý lễ phép, tôn kính)"
firm,'fə:m,"hãng, công ty","chắc, rắn chắc",vững chắc; bền vững
race,reis,(sinh vật học) nòi,"chủng tộc, nòi người","loài, giống"
sex,seks,giới tính,"giới đàn ông, giới phụ nữ","vấn đề sinh lý, vấn đề dục tính"
damage,'dæmidʤ,"mối hại, điều hại, điều bất lợi",sự thiệt hại,(số nhiều) tiền bồi thường thiệt hại; tiền bồi thường tai nạn
marriage,'mæridʤ,"sự cưới xin, sự kết hôn, hôn nhân",lễ cưới,
debt,det,nợ,món nợ không hy vọng được trả,mang công mắc nợ
sort,sɔ:t,"thứ, loại, hạng","(từ cổ,nghĩa cổ) kiểu, cách",(ngành in) bộ chữ
combination,",kɔmbi'neiʃn","sự kết hợp, sự phối hợp",(hoá học) sự hoá hợp,(hoá học) hợp chất
skin,skin,"da, bì",vỏ,da thú
recognized,'rekəgnaizd,"được công nhận, được thừa nhận, được chấp nhận",(thương nghiệp) được tín nhiệm,
mental,'mentl,(y học) (thuộc) cằm,"(thuộc) tâm thần, (thuộc) tinh thần","(thuộc) trí tuệ, (thuộc) trí óc"
largely,'lɑ:dʤli,ở mức độ lớn,phong phú,hào phóng
nuclear,'nju:kliə,(vật lý) (thuộc) hạt nhân,có nhân,
engaged,in'geidʤd,"đã đính ước, đã hứa hôn","được giữ trước, có người rồi (xe, chỗ ngồi...)","mắc bận, bận rộn"
origin,'ɔridʤin,"gốc, nguồn gốc, căn nguyên, khởi nguyên",dòng dõi,
season,'si:zn,mùa (trong năm),"thời cơ, lúc mùa, vụ, thời gian hoạt động mạnh",một thời gian
connected,kə'nektid,"mạch lạc (bài nói, lý luận...)","có quan hệ vơi, có họ hàng với",(toán học) liên thông
conflict,'kɔnflikt,"sự xung đột, sự tranh giành, sự va chạm",cuộc xung đột,"sự đối lập, sự mâu thuẫn"
numerous,'nju:mərəs,"đông, đông đảo, nhiều","có vần, có nhịp điệu (văn, thơ)",
waste,weist,"bỏ hoang, hoang vu (đất)",bị tàn phá,"bỏ đi, vô giá trị, không dùng nữa, bị thải đi"
substantial,səb'stænʃəl,"thật, có thật","có thực chất, thực tế","quan trọng, trọng yếu, có giá trị thực sự, lớn lao"
preparation,",prepə'reiʃn","sự soạn, sự sửa soạn, sự chuẩn bị, sự dự bị","((thường) số nhiều) các thứ sửa soạn, các thứ sắm sửa, các thứ chuẩn bị, các thứ dự bị",sự soạn bài; bài soạn (của học sinh)
joint,dʤɔint,"chỗ nối, mối nối, đầu nối",(giải phẫu) khớp (xương),"(thực vật học) mấu, đốt"
efficiency,i'fiʃəni,"hiệu lực, hiệu quả","năng lực, khả năng","năng suất, hiệu suất"
possibility,",pɔsə'biliti","sự có thể, tình trạng có thể, khả năng",,
vehicle,'vi:ikl,"xe, xe cộ","(nghĩa bóng) vật truyền, phương tiện truyền bá",(dược học) tá dược lỏng
establishment,is'tæbliʃmənt,"sự thành lập, sự thiết lập, sự kiến lập",sự đặt (ai vào một địa vị),"sự chứng minh, sự xác minh (sự kiện...)"
stress,stres,sự nhấn mạnh,(ngôn ngữ học) trọng âm; âm nhấn,"sự cố gắng, sự đòi hỏi bỏ nhiều sức lự"
affected,ə'fektid,"(+ to,  towards) có ý (tốt, xấu... đối với ai)",xúc động,"bị mắc, bị nhiễm (bệnh...)"
contain,kən'tein,"chứa đựng, bao hàm, gồm có, bao gồm","nén lại, dằn lại, kìm lại, kiềm chế","chận lại, ngăn lại, cản lại, kìm lại"
composition,",kɔmpə'ziʃn","sự hợp thành, sự cấu thành","cấu tạo, thành phần",phép đặt câu; phép cấu tạo từ ghép
electrical,i'lektrikəl,(thuộc) điện,,
solid,'sɔlid,"rắn, đặc","vững chắc, rắn chắc, chắc nịch","chắc chắn, có cơ sở, có thể tin cậy được, thật sự"
consumption,kən'sʌmpʃn,"sự tiêu thụ, sự tiêu dùng (hàng hoá, điện, than, nước...)","sự tiêu diệt, sự tiêu huỷ, sự tàn phá",(y học) bệnh lao phổi
regional,'ri:dʤənl,"(thuộc) vùng, (thuộc) miền",,
broad,broutʃ,rộng,"bao la, mênh mông","rộng rãi, khoáng đạt, phóng khoáng"
bond,bɔnd,"dây đai, đay buộc; ((nghĩa bóng)) mối quan hệ, mối ràng buộc","giao kèo, khế ước, lời cam kết","(tài chính) phiếu nợ, bông"
maximum,'mæksiməm,"điểm cao nhất, cực điểm, cực độ, tối đa","cực độ, tối đa",
injury,'indʤəri,"sự làm hại, sự làm tổn hại, sự làm hỏng","điều hại, điều tổn hại; chỗ hỏng; chỗ bị thương","(pháp lý) sự xúc phạm, sự vi phạm quyền lợi; sự đối xử bất công"
properly,properly,"đúng, chính xác","(thông tục) hoàn toàn đích đáng, ra trò, hết sức","đúng đắn, đúng mức, thích hợp, hợp thức, hợp lệ, chỉnh"
moreover,mɔ:'rouvə,"hơn nữa, ngoài ra, vả lại, vả chăng",,
edition,i'diʃn,loại sách in ra loại sách xuất bản,"số bản in ra (báo, sách...)","lần in ra, lần xuất bản"
experiment,iks'periment - iks'periment,iks'periment/,"(+ on,  with) thí nghiệm, thử",cuộc thí nghiệm
fall,fɔ:l,"sự rơi, sự ngã; sự rụng xuống (lá); sự rũ xuống; sự hạ","sự sụp đổ, sự suy sụp (của một đế quốc...); sự sa sút, sự mất địa vị, sự xuống thế, sự xuống dốc (của một người...)","sự sụt giá, sự giảm giá"
reality,ri:'æliti,"sự thực, thực tế, thực tại; sự vật có thực","tính chất chính xác, tính chất xác thực, tính chất đúng (như nguyên bản)",
layer,'leiə,"người đặt, người gài (bẫy)",lớp,"(địa lý,ddịa chất) tầng đất, địa tầng"
immediate,i'mi:djət,trực tiếp,"lập tức, tức thì, ngay, trước mắt","gần gũi, gần nhất, sát cạnh"
quantity,'kwɔntiti,"lượng, số lượng, khối lượng","(số nhiều) số lớn, vô số, rất nhiều","mua một số lớn, mua rất nhiều"
typical,'tipikl,"tiêu biểu, điển hình ((cũng) typic)","đặc thù, đặc trưng",
edge,edʤ,"lưỡi, cạnh sắc (dao...); tính sắc","bờ, gờ, cạnh (hố sâu...); rìa, lề (rừng, cuốn sách...)","đỉnh, sống (núi...)"
dependent,di'pendənt,"người phụ thuộc, người tuỳ thuộc (vào người khác)","người dưới, người hầu",người sống dựa (vào người khác); người nhà (sống dựa vào lao động chính)
laid,lei,"bài thơ ngắn, bài vè ngắn","(thơ ca) bài hát, bài ca, bài thơ","(thơ ca) tiếng chim, hót"
teaching,'ti:tʃiɳ,"sự dạy, sự giảng dạy; sự dạy bảo",nghề dạy học,"lời dạy, bài học, điều giảng dạy; lời giáo huấn"
mechanical,mi'kænikəl,(thuộc) máy móc; (thuộc) cơ khí; (thuộc) cơ học,"máy móc, không sáng tạo",
proportion,proportion,"sự cân xứng, sự cân đối",tỷ lệ,(toán học) tỷ lệ thức
instruction,in'strʌkʃn,sự dạy,"kiến thức truyền cho, tài liệu cung cấp cho","(số nhiều) chỉ thị, lời chỉ dẫn"
cancer,'kænsə,bệnh ung thư,"(nghĩa bóng) ung nhọt, những cái xấu xa (của xã hội)",hạ chí tuyến
primarily,'praimərili,"trước hết, đầu tiên","chủ yếu, chính",
philosophy,fi'lɔsəfi,"triết học, triết lý",tính bình thản trong mọi hoàn cảnh; triết lý sống,luân lý
foot,fut,"chân, bàn chân (người, thú...)","bước chân, cách đi",(quân sự) bộ binh
settlement,'setlmənt,"sự giải quyết, sự dàn xếp, sự hoà giải",sự thanh toán,"sự đến ở, sự định cư, sự an cư lạc nghiệp; khu định cư, khu đất mới có người đến ở lập nghiệp"
desire,di'zaiə,"sự thèm muốn; sự mong muốn, sự ao ước, sự khát khao, sự mơ ước, lòng thèm muốn, lòng khát khao","vật mong muốn, vật ao ước",dục vọng
consumer,kən'sju:mə,"người tiêu dùng, người tiêu thụ (hàng hoá, thực phẩm...)",sự thờ ơ của khách hàng,
representative,",repri'zentətiv","miêu tả, biểu hiện","tiêu biểu, tượng trưng; đại diện",(chính trị) đại nghị
southern,'sʌðənə,người ở miền Nam,(Southerner) dân các bang miền Nam (nước Mỹ),
lay,lei,"bài thơ ngắn, bài vè ngắn","(thơ ca) bài hát, bài ca, bài thơ","(thơ ca) tiếng chim, hót"
delivery,di'livəri,"sự phân phát (thư); sự phân phối, sự giao hàng","cách nói; sự đọc, sự bày tỏ, sự phát biểu (ý kiến)",sự sinh đẻ
closely,'klousli,"gần, gần gũi, thân mật","chặt chẽ, khít, sát, sít vào nhau","kỹ lưỡng, tỉ mỉ, cẩn thận"
mission,'miʃn,"sứ mệnh, nhiệm vụ","sự đi công cán, sự đi công tác",phái đoàn
depth,depθ,"chiều sâu, bề sâu, độ sâu; độ dày","(từ lóng) sự sâu xa, tính thâm trầm (của tư tưởng...); tầm hiểu biết, năng lực, trình độ","chỗ sâu, chỗ thầm kín, đáy, chỗ tận cùng"
aware,ə'weə,"biết, nhận thấy, nhận thức thấy",,
combined,,"được tổ hợp, hỗn hợp, hợp phần",,
signal,'signl,"dấu hiệu, tín hiệu; hiệu lệnh","đang kể, đáng chú ý, nổi tiếng; gương mẫu; nghiêm minh","dùng làm dấu hiệu, để ra hiệu"
assumed,ə'sju:md,"làm ra vẻ, giả bô","giả, không có thật","được mệnh danh là đúng, được cho là đúng, được thừa nhận"
command,kə'mɑ:nd,"lệnh, mệnh lệnh","quyền chỉ huy, quyền điều khiển",sự làm chủ
engine,'endʤin,máy động cơ,đầu máy (xe lửa),dụng cụ chiến tranh
approval,ə'pru:vəl,"sự tán thành, sự đồng ý, sự chấp thuận",sự phê chuẩn,
entry,'entri,sự đi vào,(sân khấu) sự ra (của một diễn viên),"lối đi vào, cổng đi vào"
continuous,kən'tinjuəs,"liên tục, liên tiếp, không dứt, không ngừng",(ngôn ngữ học) tiến hành,(rađiô) duy trì
device,di'vais,"phương sách, phương kế; chước mưu","vật sáng chế ra (để dùng vào mục đích gì); thiết bị, dụng cụ, máy móc",hình vẽ; hình trang trí; hình tương trưng
channel,'tʃænl,eo biển,"lòng sông, lòng suối","kênh mương, lạch; ống dẫn (nước dầu...)"
technique,tek'ni:k,kỹ xảo,"phương pháp kỹ thuật, kỹ thuật",
cotton,'kɔtn,bông,cây bông,"chỉ, sợi"
ensure,in'ʃuə,bảo đảm,giành được chắc chắn (cái gì) (cho ai),"(từ cổ,nghĩa cổ) bảo hiểm"
proof,proof,"chứng, chứng cớ, bằng chứng",sự chứng minh,"sự thử, sự thử thách"
contribution,",kɔntri'bju:ʃn","sự đóng góp, sự góp phần; phần đóng góp, phần gánh vác",vật đóng góp,bài báo
securities,,(Econ) Chứng khoán.,,
protect,protect,"bảo vệ, bảo hộ, che chở",bảo vệ (nền công nghiệp trong nước chống lại sự cạnh tranh của hàng nước ngoài),(kỹ thuật) lắp thiết bị bảo hộ lao động (cho máy để phòng tai nạn)
document,'dɔkjumənt,"văn kiện; tài liệu, tư liệu",chứng minh bằng tư liệu; dẫn chứng bằng tư liệu,"đưa ra tài liệu, cung cấp tư liệu"
port,pɔ:t,cảng,(nghĩa bóng) nơi ẩn náu; nơi tỵ nạn,(Ê-cốt) cổng thành
assume,ə'sju:m,"mang, khoác, có, lấy (cái vẻ, tính chất...)","làm ra vẻ, giả bộ","cho rằng (là đúng); giả sử (là đúng), thừa nhận"
leadership,'li:dəʃip,sự lânh đạo,khả năng lânh đạo; đức tính của người lânh đạo,"bộ phận lânh đạo, tập thể lânh đạo"
prove,prove,"chứng tỏ, chứng minh",thử (súng...); (toán học) thử (một bài toán); (ngành in) in thử (một bản khắc...),"(từ cổ,nghĩa cổ) thử, thử thách"
conduct,'kɔndəkt,"hạnh kiểm, tư cách, đạo đức, cách cư xử","sự chỉ đạo, sự điều khiển, sự hướng dẫn; sự quản lý","(nghệ thuật) cách sắp đặt, cách bố cục (vở kịch, bài thơ...)"
identity,ai'dentiti,tính đồng nhất; sự giống hệt,"cá tính, đặc tính; nét để nhận biết; nét để nhận dạng, nét để nhận diện (của người nào, vật gì...)",(toán học) đồng nhất thức
recovery,ri'kʌvəri,"sự lấy lại được, sự tìm lại được (vật đã mất...)",sự đòi lại được (món nợ...),"sự bình phục, sự khỏi bệnh"
membership,'membəʃip,"tư cách hội viên, địa vị hội viên","số hội viên, toàn thể hội viên",
rapidly,,"nhanh, nhanh chóng, mau lẹ","đứng, rất dốc (về dốc)",
pure,pjuə,"trong, trong sạch, nguyên chất, tinh khiết","không lai, thuần chủng (ngựa...)","trong sáng (âm thanh, hành văn...)"
apparent,ə'pærənt,"rõ ràng, bày tỏ ra ngoài, thấy rõ ra ngoài","rõ rành rành, hiển nhiên, không thể chối cãi được","bề ngoài, có vẻ"
formal,'fɔ:məl,hình thức,"theo nghi lễ, theo thể thức, theo nghi thức, theo thủ tục; trang trọng","đúng lễ thói, đúng luật lệ, ngay hàng thẳng lối"
extended,,(ngôn ngữ) mở rộng,,
guide,,"người chỉ dẫn; người chỉ đường, người hướng dẫn (cho khách du lịch)","bài học, điều chỉ dẫn, điều tốt, điều hay (cần noi theo)","sách chỉ dẫn, sách chỉ nam"
battle,'bætl,trận đánh; cuộc chiến đấu,chiến thuật,trận loạn đả
nevertheless,",nevəðə'les","tuy nhiên, tuy thế mà",,
sand,sænd,cát,"(số nhiều) bãi cát, lớp cát (ở dưới đáy); (từ Mỹ,nghĩa Mỹ) bờ biển",(thông tục) tính kiên định; sức chịu đựng; lòng can đảm
career,kə'riə,"nghề, nghề nghiệp","sự nghiệp (của một người); đời hoạt động; quá trình phát triển (của một đảng phái, một nguyên tắc)",tốc lực; sự chạy nhanh; sự lao nhanh; đà lao nhanh
radiation,",reidi'eiʃn","sự bức xạ, sự phát xạ, sự toả ra",bức xạ,
possession,pə'zeʃn,quyền sở hữu; sự chiếm hữu,"vật sở hữu; tài sản, của cải",thuộc địa
height,hait,"chiều cao, bề cao; độ cao","điểm cao, đỉnh","(từ lóng) tột độ, đỉnh cao nhất"
forced,fɔ:st,"bắt ép, ép buộc, gượng gạo",rấm (quả),
cycle,'saikl,"(vật lý) chu ký, chu trình",(hoá học) vòng,"tập thơ cùng chủ đề, tập bài hát cùng chủ đề"
expense,iks'pens,sự tiêu; phí tổn,"(số nhiều) phụ phí, công tác phí",trả giá bằng sinh mệnh của mình
obvious,'ɔbviəs,"rõ ràng, rành mạch, hiển nhiên",,
sheet,ʃi:t,khăn trải giường,"lá, tấm, phiến, tờ",tờ báo
proposal,proposal,"sự đề nghị, sự đề xuất","điều đề nghị, dự kiến đề nghị, kế hoạch đề xuất",sự cầu hôn
suddenly,,xem sudden,,
marked,mɑ:kt,"rõ ràng, rõ rệt","bị để ý (vì tình nghi, để báo thù...)",
rise,raiz,"sự lên, sự đưa lên, sự kéo lên, sự dâng; lên, sự tăng lên",sự tăng lương,"sự thăng (cấp bậc), sự tiến lên (địa vị xã hội...)"
crop,krɔp,"vụ, mùa; thu hoạch của một vụ",(số nhiều) cây trồng,"cụm, nhom, loạt, tập"
measurement,'məʤəmənt,sự đo lường; phép đo,"kích thước, khuôn khổ, bề (rộng, ngang, cao...)",
conservation,",kɔnsə:'veiʃn","sự giữ gìn, sự duy trì, sự bảo tồn, sự bảo toàn",,
severe,,"khắc khe, gay gắt (trong thái độ, cách cư xử)","rất xấu, rất mãnh liệt, rất gay go, khốc liệt, dữ dội","đòi hỏi kỹ năng, đòi hỏi khả năng rất cao, đòi hỏi tính kiên nhẫn"
inspection,in'spekʃn,"sự xem xét kỹ, sự kiểm tra, sự thanh tra",sự duyệt (quân đội),
emphasis,'emfəsis,sự nhấn mạnh; (ngôn ngữ học) sự nhấn giọng,tầm quan trọng,"sự bối rối, sự rõ nét"
bound,baund,biên giới,(số nhiều) giới hạn; phạm vi; hạn độ,"(từ Mỹ,nghĩa Mỹ) cấm vào (khu vực)"
limit,'limit,"giới hạn, hạn độ",(thông tục) (the limit) người quá quắc; điều quá quắc,"giới hạn, hạn chế"
requirement,ri'kwaiəmənt,"nhu cầu, sự đòi hỏi","điều kiện tất yếu, điều kiện cần thiết",
capable,'keipəbl,"có tài, có năng lực giỏi","có thể, có khả năng, dám, cả gan",
marine,mə'ri:n,(thuộc) biển,(thuộc) ngành hàng hải; (thuộc) đường biển; (thuộc) công việc buôn bán trên mặt biển,(thuộc) hải quân
equally,'i:kwəli,"bằng nhau, ngang nhau, như nhau; đều",,
rapid,'ræpid,"nhanh, nhanh chóng, mau lẹ",đứng (dốc),thác ghềnh
northern,'nɔ:ðən,bắc,,
scope,skoup,"phạm vi, tầm xa (kiến thức); dịp; nơi phát huy",(hàng hải) chiều dài dây neo (khi tàu bỏ neo),(quân sự) tầm tên lửa
significance,sig'nifikəns,ý nghĩa,"sự quan trọng, sự đáng chú ý",
brief,bri:f,"ngắn, vắn tắt, gọn","bản tóm tắt, bản toát yếu","(pháp lý) bản tóm tắt hồ sơ của luật sư bào chữa (một vụ kiện); ((nghĩa rộng)) việc kiện, việc tố tụng"
resource,ri'sɔ:s,"phương sách, phương kế, thủ đoạn, cách xoay xở; chỗ trông mong vào (khi gặp thế bí)",(số nhiều) tài nguyên,(số nhiều) tiềm lực kinh tế và quân sự (của một nước)
representation,",reprizen'teiʃn","sự tiêu biểu, sự tượng trưng",sự đại diện; sự thay mặt; những người đại diện,"sự miêu tả, sự hình dung"
valuable,'væljuəbl,"có giá trị lớn, quý giá","có thể đánh giá được, có thể định giá được",((thường) số nhiều) đồ quý giá
minimum,'miniməm,"số lượng tối thiểu, mức tối thiểu, tối thiểu",tối thiểu,
facility,fə'siliti,"(số nhiều) điều kiện dễ dàng, điều kiện thuận lợi; phương tiện dễ dàng","sự dễ dàng, sự trôi chảy",sự hoạt bát
unable,'ʌn'eibl,"không có năng lực, không có khả năng, bất tài",(pháp lý) không có thẩm quyền,
global,'gloubəl,toàn cầu,"toàn thể, toàn bộ",
enemy,'enimi,"kẻ thù, kẻ địch, địch thủ; quân địch, tàu địch",(thông tục) thì giờ,ma vương
unique,ju:'ni:k,"chỉ có một, duy nhất, đơn nhất, vô song","(thông tục) kỳ cục, lạ đời, dị thường","vật duy nhất, vật chỉ có một không hai"
interaction,",intər'ækʃn",sự ảnh hưởng lẫn nhau,tác động qua lại,
vision,'viʤn,sự nhìn; sức nhìn,"điều mơ thấy, cảnh mộng",sự hiện hình yêu ma; bóng ma
worth,wə:θ,"giá, đáng giá","đáng, bõ công",có
curve,kə:v,"đường cong, đường vòng, chỗ quanh co","cong, uốn cong, bẻ cong, làm vênh",
tissue,'tisju:,vải mỏng,"mớ, tràng, dây (chuyện nói láo, chuyện vô lý...)",giấy lụa ((cũng) tissue-paper)
economics,",i:kə'nɔmiks",khoa kinh tế chính trị,nền kinh tế (cho một nước),
remove,ri'mu:v,món ăn tiếp theo (sau một món khác),sự lên lớp,lớp chuyển tiếp (trong một số trường ở Anh)
diameter,dai'æmitə,(toán học) đường kính,số phóng to (của thấu kính...),
permit,'pə:mit,giấy phép,sự cho phép[pə'mit],cho phép
temporary,'tempərəri,"tạm thời, nhất thời, lâm thời",,
sequence,'si:kwəns,"sự nối tiếp, sự liên tiếp, sự liên tục",cảnh (trong phim),(âm nhạc) phỏng chuỗi; khúc xêcăng
efficient,i'fiʃənt,"có hiệu lực, có hiệu quả","có năng lực, có khả năng","có năng suất cao, có hiệu suất cao (máy...)"
category,'kætigəri,"hạng, loại",(triết học) phạm trù,
distributed,,được phân bổ theo một kiểu nào đó,,
violence,'vaiələns,"sự dữ dội, sự mãnh liệt; tính hung dữ",tính chất quá khích,"bạo lực, sự cưỡng bức"
angle,'æɳgl,góc,góc xó,"(nghĩa bóng) quan điểm, khía cạnh"
anti,,chống lại,tiền tố,"đối lập, chống lại"
suppose,sə'pouz,"giả sử, giả thiết, giả định","đòi hỏi, cần có (lý thuyết, kết quả...)","cho rằng, tin, nghĩ rằng"
boundary,'baundəri,"đường biên giới, ranh giới",,
confidence,'kɔnfidəns,sự nói riêng; sự giãi bày tâm sự,"chuyện riêng, chuyện tâm sự, chuyện kín, chuyên bí mật","sự tin, sự tin cậy, sự tin tưởng"
opening,'oupniɳ,"khe hở, lỗ","sự mở, sự bắt đầu, sự khai mạc; phần đầu",những nước đi đầu (đánh cờ)
declared,di'kleəd,"công khai, công nhiên, không úp mở",,
belief,bi'li:f,"lòng tin, đức tin; sự tin tưởng",tin tưởng,không thể tin được
eventually,i'ventjuəli,cuối cùng,,
currently,,"hiện thời, hiện nay",,
minor,'mainə,"nhỏ (hơn), không quan trọng, thứ yếu","em, bé (dùng trong trường hợp có hai anh em học cùng trường)",(âm nhạc) thứ
opposition,",ɔpə'ziʃn","sự đối lập, sự đối nhau",vị trị đối nhau,"sự chống lại, sự chống cự, sự phản đối"
arrangement,ə'reindʤmənt,"sự sắp xếp, sự sắp đặt, cái được sắp xếp, cái được sắp đặt","((thường) số nhiều) sự thu xếp, sự chuẩn bị","sự dàn xếp, sự hoà giải"
crisis,'kraisis,sự khủng hoảng; cơn khủng hoảng,(y học) cơn (bệnh); sự lên cơn,
alcohol,'ælkəhɔl,rượu cồn,(định ngữ) (thuộc) cồn,
household,'haushould,"hộ, gia đình",toàn bộ người nhà; toàn bộ người hầu trong nhà,(số nhiều) bột loại hai
oxygen,'ɔksidʤən,(hoá học) Oxy,,
pipe,paip,"ống dẫn (nước, dầu...)","(âm nhạc) ống sáo, ống tiêu; (số nhiều) kèn túi (của người chăn cừu Ê-cốt)",(giải phẫu) ống quần
stream,stri:m,"dòng suối, dòng sông nhỏ","dòng, luồng","chiều nước chảy, dòng"
electron,i'lektrɔn,"Electron, điện tử",,
behalf,bi:hɑ:f,"on (in) behalf of thay mặt cho, nhân danh",,
observation,",ɔbzə:'veiʃn","sự quan sát, sự để ý, sự chú ý, sự theo dõi","khả năng quan sát, năng lực quan sát","lời nhận xét, điều quan sát được, điều nhận thấy"
medium,'mi:djəm,"người trung gian, vật môi giới","trung dung, sự chiết trung","bà đồng, đồng cốt"
electronic,ilek'trɔnik,(thuộc) điện tử,,
obviously,,một cách rõ ràng; có thể thấy được,"hy vọng, đầy hy vọng","đầy hứa hẹn, có triển vọng"
tend,tend,"trông nom, săn sóc, chăm sóc, chăm nom, giữ gìn","(+ on,  upon) theo, theo hầu, hầu hạ, phục vụ","quay về, xoay về, hướng về, đi về"
flat,flæt,dãy phòng (ở một tầng trong một nhà khối),"(từ Mỹ,nghĩa Mỹ) căn phòng, căn buồng","(hàng hải) ngăn, gian"
visual,'vizjuəl,"(thuộc sự) nhìn, (thuộc) thị giác",,
narrow,'nærou,"hẹp, chật hẹp, eo hẹp","hẹp hòi, nhỏ nhen","kỹ lưỡng, tỉ mỉ"
mere,miə,(thơ ca) ao; hồ,chỉ là,
absolute,'æbsəlu:t,"tuyệt đối, hoàn toàn; thuần tuý, nguyên chất","chuyên chế, độc đoán","xác thực, đúng sự thực, chắc chắn"
similarly,'similəli,"cũng như thế, cũng như vậy, tương tự",,
spiritual,'spiritjuəl,(thuộc) tinh thần,"(thuộc) linh hồn, (thuộc) tâm hồn",(thuộc) thần thánh
registration,",redʤis'treiʃn","sự đăng ký, sự vào sổ",sự gửi bảo đảm (thư),số đăng ký (ô tô...)
rare,reə,"hiếm, hiếm có, ít có",loãng,"rất quý, rất tốt, rất ngon, rất vui..."
committed,,tận tụy; tận tâm,,
supposed,sə'pouzd,"cho là nó có, coi như là đúng","chỉ là giả thiết, chỉ là tưởng tượng",
formula,'fɔ:mjulə,"thể thức, cách thức",công thức,
composed,kəm'pouzd,"bình tĩnh, điềm tĩnh",,
wire,wai,dây (kim loại),bức điện báo,(xem) live
aspect,'æspekt,"vẻ, bề ngoài; diện mạo",hướng,khía cạnh; mặt
consequently,'kɔnsikwəntli,"do đó, vì vậy cho nên, bởi thế; vậy thì",,
finding,'faindiɳ,"sự tìm ra, sự khám phá; sự phát hiện; sự phát minh","vật tìm thấy; điều khám phá, tài liệu phát hiện; vật bắt được",(pháp lý) sự tuyên án
cattle,'kætl,"thú nuôi, gia súc",(thông tục) ngựa,"những kẻ đáng khinh, những kẻ thô lỗ, vũ phu"
furthermore,'fə:ðə'mɔ:,"hơn nữa, vả lại",,
probability,probability,"sự có thể có, sự chắc hẳn, sự có khả năng xảy ra; sự có lẽ đúng, sự có lẽ thật","điều có thể xảy ra, điều chắc hẳn",(toán học) xác suất
experienced,iks'piəriənst,"có kinh nghiệm, giàu kinh nghiệm, từng trải, lão luyện",,
occasion,ə'keiʤn,"dịp, cơ hội","duyên cớ, lý do trực tiếp, lý do ngẫu nhiên","(từ cổ,nghĩa cổ) công việc, công chuyện"
infection,in'fekʃn,"sự nhiễm, sự làm nhiễm độc, sự làm nhiễm trùng",vật lây nhiễm,bệnh lây nhiễm
accurate,'ækjurit,"đúng đắn, chính xác, xác đáng",,
recognize,'rekəgnaiz,"công nhận, thừa nhận, chấp nhận",nhìn nhận,nhận ra
option,'ɔpʃn,"sự chọn lựa, quyền lựa chọn",vật được chọn; điều được chọn,quyền mua bán cổ phần (với ngày giờ và giá định rõ) (ở sở giao dịch chứng khoán)
organic,ɔ:'gænik,(thuộc) cơ quan,"có cơ quan, có tổ chức","(hoá học),  (y học) hữu cơ"
extend,iks'tend,"duỗi thẳng (tay, chân...); đưa ra, giơ ra","kéo dài (thời hạn...), gia hạn, mở rộng",(quân sự) dàn rộng ra (quân đội)
bulletin,'bulitin,"thông cáo, thông báo",tập san,
evident,'evidənt,"hiển nhiên, rõ rệt",,
unemployment,'ʌnim'plɔimənt,sự thất nghiệp; nạn thấp nghiệp,khối lượng công việc chưa làm,
psychological,",saikə'lɔdʤikəl",(thuộc) tâm lý,vào lúc thích hợp về tâm lý;(đùa cợt) vào lúc thuận lợi nhất,
enable,i'neibl,"làm cho có thể (làm gì), làm cho có khả năng (làm gì)","cho quyền, cho phép (ai) (làm gì)",
partial,'pɑ:ʃəl,bộ phận; cục bộ,thiên vị; không công bằng,(+ to) mê thích
academy,ə'kædəmi,học viện,viện hàn lâm,trường chuyên nghiệp
chemistry,'kemistri,"ngành hoá học; môn hoá học, hoá học",,
academic,",ækə'demik",(thuộc) học viện; (thuộc) trường đại học,(thuộc) viện hàn lâm,có tính chất học thuật
poetry,'pouitri,thơ; nghệ thuật thơ,"chất thơ, thi vị",
normally,'nɔ:məli,"thông thường, như thường lệ",,
naturally,'nætʃrəli,"vốn, tự nhiên","đương nhiên, tất nhiên, cố nhiên",
outstanding,aut'stændiɳ,"nổi bật, đáng chú ý; nổi tiếng","còn tồn tại, chưa giải quyết xong (vấn đề...); chưa trả (nợ...)",
commonly,'kɔmənli,"thường thường, thông thường, bình thường","tầm thường, thô tục",
democratic,",demə'krætik",dân chủ,,
separation,",sepə'reiʃn","sự phân ly, sự chia cắt","sự chia tay, sự biệt ly",(pháp lý) sự biệt cư
aside,ə'said,"về một bên, sang một bên",riêng ra,"(từ Mỹ,nghĩa Mỹ) ngoài ra, trừ ra"
eastern,'i:stən,đông,người miền đông ((cũng) easterner),(tôn giáo) tín đồ nhà thờ chính thống
copyright,'kɔpirait,"bản quyền, quyền tác giả",tác giả giữ bản quyền,do tác giả giữ bản quyền; được đảm bảo quyền tác giả
customs,,thuế đánh vào hàng nhập từ nước ngoài vào; thuế nhập khẩu,cơ quan chính phủ thu sắc thuế này; hải quan,
examine,ig'zæmin,"khám xét, xem xét, thẩm tra, khảo sát, nghiên cứu","hỏi thi, sát hạch (một thí sinh)",(pháp lý) thẩm vấn
physics,'fiziks,vật lý học,,
alternative,ɔ:l'tə:nətiv,"xen nhau; thay đổi nhau, thay phiên nhau",lựa chọn (một trong hai); hoặc cái này hoặc cái kia (trong hai cái); loại trừ lẫn nhau (hai cái),sự lựa chon (một trong hai)
extreme,iks'tri:m,"ở tít đằng đầu, ở đằng cùng, xa nhất, ở tột cùng","vô cùng, tột bực, cùng cực, cực độ",khác nghiệt; quá khích; cực đoan (biện pháp)
while,wail,"lúc, chốc, lát","bõ công, đáng làm","to while away l ng phí, làm mất, để trôi qua; giết (thì giờ)"
setting,'setiɳ,"sự đặt, sự để","sự sắp đặt, sự bố trí",sự sửa chữa
collective,kə'lektiv,tập thể; chung,(ngôn ngữ học) tập họp,(ngôn ngữ học) danh từ tập họp
tendency,'tendənsi,"xu hướng, khuynh hướng",,
whenever,wen'ev,bất cứ lúc nào; lúc nào,"mỗi lần, mỗi khi, hễ khi nào",
doctrine,'dɔktrin,học thuyết chủ nghĩa,,
constitute,'kɔnstitju:t,"cấu tạo, tạo thành","thiết lập, thành lập","chỉ đinh, uỷ nhiệm"
gain,gein,"lợi, lời; lợi lộc; lợi ích","(số nhiều) của thu nhập, của kiếm được; tiền lãi",sự tăng thêm
atmosphere,'ætməsfiə,quyển khí,không khí (nghĩa đen) & bóng,Atmôfe (đơn vị)
stable,'steibl,vững vàng; ổn định,"kiên định, kiên quyết","(vật lý) ổn định, bền"
compliance,'kɔmplaiəns,"sự bằng lòng, sự ưng thuận, sự chiều theo, sự làm đúng theo (một yêu cầu, một lệnh...)","sự phục tùng đê tiện, sự khúm núm",
substantially,səb'stænʃəli,"về thực chất, về căn bản",,
literary,'litərəli,"(thuộc) văn chương, (thuộc) văn học, có tính chất văn chương, có tính chất văn học",bản quyền tác giả; sách thuộc bản quyền tác giả,
statistical,stə'tistik,(thuộc) thống kê,,
distinction,dis'tiɳkʃn,"sự phân biệt; điều phân biệt, điều khác nhau","nét đặc biệt, màu sắc riêng, tính độc đáo (văn)","dấu hiệu đặc biệt; biểu hiện danh dự, tước hiệu, danh hiệu"
min,,(viết tắt) tối thiểu,,
climate,'klaimit,"khí hậu, thời tiết",miền khí hậu,"(nghĩa bóng) hoàn cảnh, môi trường, không khí; xu hướng chung (của một tập thể); xu thế (của thời đại)"
intention,in'tenʃn,"ý định, mục đích",(số nhiều) (thông tục) tình ý (muốn hỏi ai làm vợ),(y học) cách liền sẹo
outer,'autə,"ở phía ngoài, ở xa hơn",vòng ngoài cùng (mục tiêu),phát bắn vào vòng ngoài cùng (của mục tiêu)
qualified,,"đủ tư cách, đủ khả năng; đủ điều kiện","hạn chế, dè dặt",
assist,ə'sist,"giúp, giúp đỡ","dự, có mặt",
settled,'setld,"chắc chắn, ổn định","chín chắn, điềm tĩnh, không sôi nổi","đã giải quyết rồi, đã thanh toán rồi"
superior,sju:'piəriə,"cao, cao cấp",ở trên,"khá hơn, nhiều hơn"
struggle,'strʌgl,"sự đấu tranh; cuộc đấu tranh, cuộc chiến đấu","đấu tranh, chống lại",vùng vẫy; vật lộn
excess,ik'ses,"sự vượt quá giới hạn, sự quá mức; sự vượt, sự hơn","số lượng vượt quá, số lượng hơn, thừa ra, số dôi; độ dôi",sự thừa mứa
league,li:g,"dặm, lý (đơn vị chiều dài, quãng 4 km)","đồng minh, liên minh; hội liên đoàn","liên hiệp lại, liên minh, câu kết"
mineral,'minərəl,khoáng,(hoá học) vô cơ,khoáng vật
liquid,'likwid,lỏng,"trong trẻo, trong sáng","dịu dàng, êm dịu, du dương"
atlantic,ət'læntik,(thuộc) núi At-lát (ở Li-bi),(thuộc) Đại tây dương,
competitive,kəm'petitiv,"cạnh tranh, đua tranh",cuộc thi tuyển,
democracy,di'mɔkrəsi,"nền dân chủ, chế độ dân chủ",nước (theo chế độ) dân chủ,"(từ Mỹ,nghĩa Mỹ) (Democracy) cương lĩnh đảng Dân chủ"
promote,promote,"thăng chức, thăng cấp, đề bạt; cho lên lớp","làm tăng tiến, đẩy mạnh, xúc tiến, khuyến khích","đề xướng, sáng lập"
presentation,",prezen'teiʃn","sự bày ra, sự phô ra; sự trình ra",sự trình diễn,"sự giới thiệu; sự đưa vào yết kiến, sự đưa vào bệ kiến"
secure,si'kjuə,"chắc chắn, bảo đảm","an toàn, kiên cố, vững chắc, chắc","((thường) vị ngữ) giam giữ ở một nơi chắc chắn, buộc chặt, bó chặt, đóng chặt"
increasingly,,xem increase,,
canal,kə'næl,"kênh, sông đào",(giải phẫu) ống,
discovery,dis'kʌvəri,"sự khám phá ra, sự tìm ra, sự phát hiện ra","điều khám phá ra, điều tìm ra, điều phát hiện ra; phát minh",sự để lộ ra (bí mật...)
definite,'definit,"xác đinh, định rõ",rõ ràng,(ngôn ngữ học) hạn định
voltage,'voultidʤ,(điện học) điện áp,,
vast,vɑ:st,"rộng lớn, mênh mông, bao la; to lớn ((nghĩa đen) & (nghĩa bóng))",(thơ ca); (văn học) khoảng rộng bao la,
sub,sʌb,(thông tục) người cấp dưới,tàu ngầm,sự mua báo dài hạn
informed,in'fɔ:md,"có nhiều tin tức, nắm được tình hình",,
administrator,ədministreitə,người quản lý,"người cầm quyền hành chính, người cầm quyền cai trị",(pháp lý) người quản lý tài sản (cho vị thành niên hoặc người đã chết)
vary,'veəri,"làm cho khác nhau, thay đổi, biến đổi","thay đổi, biến đổi, đổi khác","khác nhau với, khác với"
petroleum,pi'trouljəm,dầu mỏ,dầu lửa,
soc,,người theo chủ nghĩa xã hội (Socialist),"Hội, đoàn thể (Society)",
mixed,mikst,"lẫn lộn, pha trộn, ô hợp","(thông tục) bối rối, lúng túng; sửng sốt, ngơ ngác",cho cả nam lẫn nữ
funding,,"(Econ) Đổi nợ, đảo nợ; cấp vồn, tài trợ.",,
emotional,'imouʃənl,"cảm động, xúc động, xúc cảm","dễ cảm động, dễ xúc động, dễ xúc cảm",
poverty,'pɔvəti,"sự nghèo nàn; cảnh nghèo nàn, cảnh bần cùng","(nghĩa bóng) sự nghèo nàn, sự thiếu thốn; sự thấp kém, sự tồi tàn",
accuracy,'ækjurəsi,"sự đúng đắn, sự chính xác; độ chính xác",,
integration,",inti'greiʃn","sự hợp lại thành một hệ thống thống nhất, sự bổ sung thành một thể thống nhất, sự hợp nhất",sự hoà hợp với môi trường,(toán học) phép tích phân; sự tích phân
muscle,'mʌsl,"bắp thịt, cơ",(nghĩa bóng) sức lực,không động đậy
statutory,'stætjutəri,(thuộc) luật; do luật pháp quy định,theo đúng luật,
registered,'redʤistəd,đã đăng ký,bảo đảm (thư),
prison,prison,"nhà tù, nhà lao, nhà giam","(thơ ca) bỏ tù, bỏ ngục, giam cầm",
acceptance,ək'septəbl,"sự nhận, sự chấp nhận, sự chấp thuận","sự thừa nhận, sự công nhận","sự hoan nghênh, sự tán thưởng, sự tán thành; sự tin"
sharp,ʃɑ:p,"sắt, nhọn, bén","rõ ràng, rõ rệt, sắc nét","thình lình, đột ngột"
visible,'vizəbl,"thấy được, có thể trông thấy được","rõ ràng, rõ rệt",sẵn sàng tiếp khách
ave,'ɑ:vi,"lời chào (khi gặp nhau); lời chào tạm biệt, lời chào vĩnh biệt","(Ave) (tôn giáo) kinh cầu nguyện Đức mẹ đồng trinh ((cũng) Ave Maria,  Ave Mary)","chào! (khi gặp); tạm biệt!, vĩnh biệt!"
express,iks'pres,"người đưa thư hoả tốc, công văn hoả tốc","xe lửa tốc hành, xe nhanh","(từ Mỹ,nghĩa Mỹ) hàng gửi xe lửa tốc hành; tiền gửi hoả tốc"
rising,'raiziɳ,"sự dậy, sự trở dậy, sự đứng dậy","sự mọc (mặt trời, mặt trăng...)","sự bốc lên, sự leo lên, sự trèo lên, sự dâng lên, sự tăng lên, sự nổi lên"
discrimination,"dis,krimi'neiʃn","sự phân biệt, sự nhận rõ điều khác nhau, sự tách bạch ra","sự biết phân biệt, sự sáng suốt, óc phán đoán, óc suy xét",sự đối xử phân biệt
appropriation,"ə,proupri'eiʃn","sự chiếm hữu, sự chiếm đoạt (làm của riêng)",sự dành riêng (để dùng vào việc gì),
minority,,phần ít; thiểu số,only a minority of British households do/does not have a car,chỉ có một số ít hộ gia đình người Anh là không có xe hơi
define,di'fain,định nghĩa (một từ...),"định rõ, vạch rõ (hình dạng, ranh giới...)","xác định đặc điểm, chỉ rõ tính chất"
monthly,'mʌnθli,hàng tháng,"nguyệt san, tạp chí ra hằng tháng",(số nhiều) kinh nguyệt
huge,hju:dʤ,"to lớn, đồ sộ, khổng lồ",,
hydrogen,'haidridʤən,(hoá học) Hyddrô,,
deposit,di'pɔzit,"vật gửi, tiền gửi","tiền ký quỹ, tiền đặc cọc","chất lắng, vật lắng"
satisfaction,",sætis'fækʃn","sự làm cho thoả mãn; sự vừa lòng, sự toại ý, sự thoả mãn",sự trả nợ; sự làm tròn nhiệm vụ,(tôn giáo) sự chuộc tội (của Chúa)
appellant,ə'pelənt,(pháp lý) chống án,"kêu gọi, kêu cứu",(pháp lý) người chống án
duration,djuə'reiʃn,"thời gian, khoảng thời gian (tồn tại của một sự việc)",,
border,'bɔ:də,"bờ, mép, vỉa, lề",biên giới,"đường viền (để làm cho chắc, để trang trí)"
exact,ig'zækt,"chính xác, đúng, đúng dắn","tống (tiền...); bắt phải nộp, bắt phải đóng, bóp nặn (thuế...)","đòi hỏi, đòi khăng khăng, đòi hỏi cấp bách"
molecular,mou'lekjulə,(thuộc) phân t,,
secured,,(Econ) Những khoản vay có bảo lãnh.,,
spectrum,'spektrəm,hình ảnh,"(vật lý) phổ, quang phổ",
defence,di'fens,"cái để bảo vệ, vật để chống đỡ, vật để chặn lại","sự che chở, sự bảo vệ, sự phòng thủ, sự chống giữ","(quân sự), (số nhiều) công sự bảo vệ, công sự phòng ngự, thành luỹ"
taxation,tæk'seiʃn,sự đánh thuế,"hệ thống thuế, thuế",tiền thuế thu được
threat,θret,sự đe doạ,"lời đe doạ, lời hăm doạ",
judicial,dʤu:'diʃəl,(thuộc) toà án; (thuộc) quan toà; (thuộc) pháp luật ((cũng) judiciary),"do toà án xét xử, do toà quyết định",bị Chúa trừng phạt
municipal,mju:'nisipəl,"(thuộc) thành phố, (thuộc) đô thị, (thuộc) thị xã",luật lệ riêng của một nước,
inquiry,in'kwaiəri,"sự điều tra, sự thẩm tra; sự thẩm vấn, sự hỏi",câu hỏi,
nitrogen,'naitridʤən,(hoá học) Nitơ,,
subsequently,'sʌbsikwəntli,"rồi thì, rồi sau đó",,
jewish,'dʤu:iʃ,(thuộc) người Do thái,,
fit,fit,"(từ cổ,nghĩa cổ) đoạn thơ ((cũng) fytte)",cơn (đau),"sự ngất đi, sự thỉu đi"
absorption,əb'sɔ:pʃn,"sự hút, sự hút thu","sự say mê, miệt mài, sự mê mải",
absolutely,'æbsəlu:tli,"tuyệt đối, hoàn toàn","chuyên chế, độc đoán",vô điều kiện
guidance,,"sự chỉ đạo, sự hướng dẫn; sự dìu dắt",,
breath,breθ,"hơi thở, hơi",cơn gió nhẹ; làn hương thoảng,tiếng thì thào
circulation,",sə:kju'leiʃn",sự lưu thông,sự lưu hành (tiền tệ,"tổng số phát hành (báo, tạp chí...)"
contribute,kən'tribju:t,"đóng góp, góp phần",,
trend,trend,phương hướng,"khuynh hướng, xu hướng, chiều hướng","đi về phía, hướng về, xoay về"
turning,'tə:niɳ,"sự quay, sự xoay","sự đổi chiếu, sự đổi hướng","chỗ ngoặt, chỗ rẽ"
typically,,"điển hình, tiêu biểu","đặc thù, đặc trưng",
plasma,'plæzmə,(sinh vật học) huyết tương,(khoáng chất) thạch anh lục,(như) plasm
hereby,'hiə'bai,"bằng biện pháp này, bằng cách này","do đó, nhờ đó, nhờ thế",
sodium,'soudjəm,(hoá học) Natri,,
domain,də'mein,"đất đai tài sản, dinh cơ, ruộng nương nhà cửa (của địa chủ...)",lãnh địa; lãnh thổ,"phạm vi (ảnh hưởng...), lĩnh vực (khoa học hoạt động...)"
tank,tæɳk,"thùng, két, bể (chứa nước, dầu...)",xe tăng,
separated,,ly thân,,
classical,'klæsikəl,kinh điển,cổ điển; không hoa mỹ,hạng ưu (tác phẩm văn học)
optical,'ɔptikəl,"(thuộc) sự nhìn, (thuộc) thị giác",(thuộc) quang học,
destruction,dis'trʌkʃn,"sự phá hoại, sự phá huỷ, sự tiêu diệt; tình trạng bị tàn phá, tình trạng bị tiêu diệt","nguyên nhân huỷ diệt, nguyên nhân suy vi; nguyên nhân gây ra cái chết",
depression,di'preʃn,"chỗ lõm, chỗ đất lún, chỗ sụt xuống","sự chán nản, sự ngã lòng; sự buồn rầu, sự phiền muộn","tình trạng đình đốn, tình trạng trì trệ, tình trạng đình trệ"
classified,'klæsifaid,đã được phân loại,"(từ Mỹ,nghĩa Mỹ) chính thức được coi là mật",
frequent,'fri:kwənt,"thường xuyên, hay xảy ra, có luôn",nhanh (mạch đập)[fri'kwent],hay lui tới; hay ở
proceed,proceed,tiến lên; theo đuổi; đi đến,"tiếp tục, tiếp diễn; tiếp tục nói","làm, hành động"
exclusive,iks'klu:siv,loại trừ,"riêng biệt, dành riêng (câu lạc bộ, cửa hàng...); độc chiếm, độc quyền",độc nhất
liable,'laiəbl,"có trách nhiệm về pháp lý, có nghĩa vụ về pháp lý, có bổn phận",có khả năng bị; có khả năng xảy ra,
correlation,",kɔri'leiʃn",sự tương quan,thể tương liên,
respective,ris'pektiv,"riêng từng người, riêng từng cái; tương ứng (với vị trí, thứ tự, địa vị...)",,
surgery,'sə:dʤəri,khoa phẫu thuật,việc mổ xẻ; sự mổ xẻ,phòng mổ
occasionally,ə'keiʤnəli,"thỉnh thoảng, thảng hoặc; từng thời kỳ",,
freight,freit,"việc chuyên chở hàng bằng đường thuỷ; (từ Mỹ,nghĩa Mỹ) việc chuyên chở hàng hoá (cả bằng đường bộ)",tiền cước chuyên chở,sự thuê tàu chuyên chở
guilty,,"có tội, phạm tội, tội lỗi",,
thermal,'θə:məl,"nhiệt, nóng",,
ore,ɔ:,quặng,(thơ ca) kim loại,
objective,ɔb'dʤektiv,khách quan,(thuộc) mục tiêu,(ngôn ngữ học) (thuộc) cách mục tiêu
era,'iərə,"thời đại, kỷ nguyên","(địa lý,địa chất) đại",
satisfied,,"cảm thấy hài lòng, cảm thấy vừa ý; thoả mãn",,
adjacent,ə'dʤeizənt,"gần kề, kế liền, sát ngay",,
com,,"Trong DOS, đây là tên thiết bị được gán cho các cổng truyền thông nối tiếp có trong máy tính của bạn Máy bạn có thể có đến bốn cổng COM, theo DOS là COM 1, COM 2, COM 3, COM 4","Khi dùng làm đuôi mở rộng cho tên tệp COM sẽ cho biết đó là một tệp chương trình có thể thực hiện được, bị hạn chế trong giới hạn 64 K Để chạy một tệp COM, bạn đánh tên tệp và ấn Enter",
arise,ə'raiz,"xuất hiện, nảy sinh ra, xảy ra",phát sinh do; do bởi,"(thơ ca) sống lại, hồi sinh"
russian,'rʌʃn,(thuộc) Nga,người Nga,tiếng Nga
decline,di'klain,"sự sụt, sự suy tàn, sự suy sụp, sự tàn tạ","(y học) bệnh gầy mòn, sự sụt sức","nghiêng đi, dốc nghiêng đi"
incident,'insidənt,"(+ to) vốn có, vốn gắn liền với, vốn liên quan với",(vật lý) tới,"(pháp lý) phụ thuộc vào, gắn liền với"
electricity,ilek'trisiti,"điện, điện lực",điện học,
unity,'ju:niti,"tính đơn nhất, tính thuần nhất, tính duy nhất, tính đồng nhất",sự thống nhất,"sự đoàn kết, sự hoà hợp, sự hoà thuận"
intervention,",intə'venʃn","sự xen vào, sự can thiệp",,
declaration,",deklə'reiʃn",sự tuyên bố; lời tuyên bố,bản tuyên ngôn,sự công bố
bishop,'biʃəp,giám mục,"(đánh cờ) quân ""giám mục""",rượu hâm pha hương liệu
occupied,,đang sử dụng,đầy (người),"có dính líu, bận rộn"
surely,'ʃuəli,chắc chắn,"rõ ràng, không ngờ gì nữa",nhất định rồi (trong câu trả lời)
inc,,<thương> liên hợp (Incorporated),,
resolved,ri'zɔlvd,"quyết tâm, kiên quyết",,
admission,əd'miʃn,"sự nhận vào, sự thu nạp vào; sự kết nạp","sự cho vào cửa, sự cho vào","tiền vào cửa, tiền nhập học"
confirmed,kən'fə:md,"ăn sâu, thâm căn cố đế, thành cố tật, kinh niên",,
transformation,",trænsfə'meiʃn","sự thay đổi, sự biến đổi","sự biến chất, sự biến tính",chùm tóc giả (của phụ nữ)
ion,'aiən,(vật lý) Ion,,
analyses,ə'næləsis,sự phân tích,"(vật lý),  (hoá học) phép phân tích",(toán học) giải tích
mutual,'mju:tjuəl,"lẫn nhau, qua lại",chung,
notion,'nouʃn,"ý niệm, khái niệm","ý kiến, quan điểm",ý định
surrounding,sə'raundiɳ,"bao quanh, vây quanh",phụ cận,
comment,'kɔment,lời bình luận,"lời chú giải, lời chú thích, lời dẫn giải","lời phê bình, lời chỉ trích"
attended,,(Tech) station đài/trạm có người (quản lý),,
print,print,chữ in,sự in ra,dấu in; vết; dấu
furnished,'fə:niʃt,"có sãn đồ đạc, được trang bị đồ đạc",,
mathematics,",mæθi'mætiks","môn toán, toán học",,
promotion,promotion,"sự thăng chức, sự thăng cấp, sự đề bạt; sự cho lên lớp","sự đẩy mạnh, sự xúc tiến; sự khuyến khích","sự đề xướng, sự sáng lập"
logic,'lɔdʤik,Lôgic,,
tobacco,tə'bækou,thuốc lá,(thực vật học) cây thuốc lá ((cũng) tobacco-plant),
currency,'kʌrənsi,sự lưu hành; thời gian lưu hành ((thường) nói về tiền tệ),"tiền, tiền tệ","(nghĩa bóng) sự phổ biến, sự thịnh hành"
colonel,'kə:nl,(quân sự) đại tá,,
trading,,"sự kinh doanh, việc mua bán",,
liver,'livə,người sống,gan,bệnh đau gan
amend,ə'mend,"sửa cho tốt hơn, làm cho tốt hơn; cải thiện","bồi bổ, cải tạo (đất)","sửa đổi, thay đổi (văn kiện pháp lý); bổ sung (chỗ thiếu sót, sai lầm trong một văn kiện...)"
disability,",disə'biliti","sự bất tài, sự bất lực",sự ốm yếu tàn tật,(pháp lý) sự không đủ tư cách (trước pháp luật)
rarely,'reəli,"hiếm, hiếm có, ít có","đặc biệt, bất thường",
tension,'tenʃn,sự căng,"trạng thái căng (của dây...); (nghĩa bóng) tình hình căng thẳng, sự căng thẳng","(vật lý) sức ép, áp lực (của hơi...)"
accomplished,ə'kɔmpiʃt,"đã hoàn thành, đã làm xong, xong xuôi, trọn vẹn","được giáo dục kỹ lưỡng, có đầy đủ tài năng; hoàn hảo, hoàn mỹ (về nhạc, hoạ, nữ công...)",
remarkable,ri'mɑ:kəbl,đáng chú ý,"xuất sắc, phi thường, đặc biệt",rõ rệt
atomic,ə'tɔmik,(thuộc) nguyên tử,,
attend,ə'tend,"dự, có mặt","chăm sóc, phục vụ, phục dịch","đi theo, đi kèm, theo hầu, hộ tống"
poet,'pouit,"nhà thơ, thi sĩ",,
pub,pʌb,"quán rượu, tiệm rượu","quán trọ, quán ăn",
participate,pɑ:'tisipeit,"tham gia, tham dự; cùng góp phần","(+ of) có phần nào, phần nào mang tính chất",
varying,'veəriiɳ,"hay thay đổi, hay biến đổi",khác nhau,
steady,'stedi,"vững, vững chắc, vững vàng","điều đặn, đều đều","kiên định, không thay đổi"
therein,ðeər'in,"(từ cổ,nghĩa cổ) tại đó, ở đấy, trong đó","về mặt ấy, trong trường hợp ấy",
differential,",difə'renʃəl","khác nhau, phân biệt, chênh lệch",(toán học) vi phân,(kỹ thuật) vi sai
prayer,preə,"kinh cầu nguyện, sự cầu kinh, sự cầu nguyện","((thường) số nhiều) lễ cầu kinh, lễ cầu nguyện","lời khẩn cầu, lời cầu xin; điều khẩn cầu, điều cầu xin"
survival,sə'vaivəl,sự sống sót,"người còn lại; vật sót lại (của một thời kỳ đã qua); tàn dư, tan tích",(sinh vật học) sự sống sót của các cá thể thích nghi (trong chọn lọc tự nhiên); quá trình chọn lọc tự nhiên
impression,im'preʃn,ấn tượng,cảm giác; cảm tưởng,"sự đóng, sự in (dấu, vết)"
prominent,prominent,"lồi lên, nhô lên","đáng chú ý, nổi bật","xuất chúng, lỗi lạc, nổi tiếng (người)"
inventory,in'ventri,"sự kiểm kê; nằng kiểm kê; (từ Mỹ,nghĩa Mỹ) hàng hoá tồn kho (của một nhà buôn)","(từ Mỹ,nghĩa Mỹ) sự tóm tắt; bản tóm tắt",bản kê tài nguyên; bản kê thú rừng... (ở một vùng...)
artist,'ɑ:tist,nghệ sĩ,hoạ sĩ,
canadian,kə'neidjən,(thuộc) Ca-na-đa,người Ca-na-đa,
monitoring,,sự định phân,sự kiểm tra,sự kiểm tra định lượng
profession,profession,"nghề, nghề nghiệp","(the profession) những người cùng nghề, những người trong nghề; ((sân khấu),  (từ lóng)) đào kép","sự tuyên bố, sự công bố; sự bày tỏ; lời tuyên bố, lời công bố, lời bày tỏ"
objection,əb'dʤekʃn,"sự phản đối, sự chống đối","sự bất bình; sự không thích, sự khó chịu",điều bị phản đối
limitation,",limi'teiʃn","sự hạn chế, sự hạn định, sự giới hạn","tính hạn chế, tính hạn định, tính có hạn","(số nhiều) nhược điểm, thiếu sót, mặt hạn chế"
demonstrate,'demənstreit,"chứng minh, giải thích","bày tỏ, biểu lộ, làm thấy rõ","biểu tình, biểu tình tuần hành, biểu dương lực lượng"
installation,",instə'leiʃn","sự đặt (hệ thống máy móc, hệ thống sưởi...); sự đặt (ai) vào (nơi nào, tình trạng nào...)",lễ nhậm chức,"máy móc đặt, hệ thống máy đặt, hệ thống điện đặt"
fifth,fifθ,thứ năm,(xem) column,vật thừa
synthesis,'sinθisis,sự tổng hợp,xu hướng tổng hợp (của một ngôn ngữ),
constantly,'kɔnstəntli,(toán học); (vật lý) hằng số,"luôn luôn, liên miên",
conviction,kən'vikʃn,"sự kết án, sự kết tội",sự tin chắc; sức thuyết phục,(tôn giáo) sự nhận thức thấy tội lỗi
illness,'ilnis,"sự đau yếu, sự ốm",bệnh,
rail,reil,"tay vịn (cầu thang, lan can...); bao lơn, lan can, thành (cầu tàu...); lá chắn (xe bò...)","hàng rào, (số nhiều) hàng rào chấn song","(ngành đường sắt) đường ray, đường xe lửa"
respond,ris'pɔns,phản ứng lại,"đáp lại, hưởng ứng (lời kêu gọi, sự đối xử tốt...)",
gap,gæp,"lỗ hổng, kẽ hở","chỗ trống, chỗ gián đoạn, chỗ thiếu sót",đèo (núi)
differ,'difə,"((thường) + from) khác, không giống","không đồng ý, không tán thành, bất đồng",
random,'rændəm,"at random càn, bậy bạ; ẩu, bừa bâi; to speak at random nói bậy bạ; to shoot at random bắn càn, bắn bừa bãi","ẩu, bừa",
graduate,'grædjut,(như) grad,(hoá học) cốc chia độ,chia độ
near,niə,"gần, cận",thân,"giống, sát"
assignment,ə'sainmənt,"sự giao việc, sự phân công; (từ Mỹ,nghĩa Mỹ) việc được giao, việc được phân công",sự chia phần,"sự cho là, sự quy cho"
intermediate,",intə'mi:djət",ở giữa,"người làm trung gian, người hoà giải","vật ở giữa, vật trung gian"
affecting,ə'fektiɳ,"làm xúc động, làm cảm động, làm mủi lòng",,
moderate,'mɔdərit,"vừa phải; phải chăng, có mức độ; điều độ","ôn hoà, không quá khích",người ôn hoà
register,'redʤistə,"sổ, sổ sách","máy ghi công tơ, đồng hồ ghi (tốc độ, lực, số tiền...)",(âm nhạc) khoảng âm
round,raund,tròn,"tròn, chẵn","(từ Mỹ,nghĩa Mỹ) khứ hồi"
virus,'vaiərəs,(y học) virut,"mối độc hại, mầm độc",ác ý; tính độc địa
plain,plein,đồng bằng,"rõ ràng, rõ rệt","đơn giản, dễ hiểu"
irrigation,",iri'geiʃn","sự tưới (đất, ruộng); sự tưới cho tươi tốt; tình trạng được tưới",(y học) sự rửa (vết thương),
annually,'ænjuəli,"hàng năm, năm một",,
mile,mail,"dặm, lý",cuộc chạy đua một dặm,(thông tục) tốt hơn nhiều lắm
link,liɳk,"đuốc, cây đuốc","mắt xích, vòng xích, khâu xích","mắt dây đạc (= 0, 20 m)"
discretion,dis'kreʃn,sự tự do làm theo ý mình,sự thận trọng,sự suy xét khôn ngoan
taxable,'tæksəbl,có thể đánh thuế được,"có thể quy cho là, có thể chê",chịu phí tổn
dominant,'dɔminənt,"át, trội, có ưu thế hơn; có ảnh hưởng lớn, chi phối",thống trị,"vượt cao hơn cả, bao quát (chiều cao, đỉnh núi...)"
achievement,ə'tʃi:vmənt,"thành tích, thành tựu","sự đạt được, sự giành được; sự hoàn thành","huy hiệu, huy chương (để ghi nhớ một thành tích vẻ vang)"
mortality,mɔ:'tæliti,tính có chết,loài người,"số người chết, số tử vong, tỷ lệ người chết"
handle,'hændl,"cán, tay cầm, móc quai",(nghĩa bóng) điểm người ta có thể lợi dụng được,"chức tước, danh hiệu"
count,kaunt,bá tước (không phải ở Anh) ((xem) earl),sự đếm; sự tính,tổng số
restricted,ris'triktid,"bị hạn chế, bị giới hạn, bị thu hẹp",,
detection,di'tekʃn,"sự dò ra, sự tìm ra, sự khám phá ra, sự phát hiện ra","sự nhận thấy, sự nhận ra",(rađiô) sự tách sóng
ward,wɔ:d,"sự trông nom, sự bảo trợ; sự giam giữ","khu, khu vực (thành phố)","phòng, khu (nhà thương); phòng giam (nhà tù)"
strategic,strə'ti:dʤik,(thuộc) chiến lược,,
compound,'kɔmpaund,(hoá học) hợp chất,(ngôn ngữ học) từ ghép,"khoảng đất rào kín (của khu nhà máy, dinh thự...)"
rank,ræɳk,"hàng, dãy","hàng ngũ, đội ngũ","hạng, loại"
magnitude,'mægnitju:d,"tầm lớn, độ lớn, lượng","tầm quan trọng, tính chất trọng đại",
wholly,'houlli,"toàn bộ, hoàn toàn",,
afford,ə'fɔ:d,"có thể, có đủ sức, có đủ khả năng, có đủ điều kiện (để làm gì)","cho, tạo cho, cấp cho, ban cho",
victory,'viktəri,"sự chiến thắng, sự thắng cuộc; thắng lợi","sự khắc phục được, sự chế ngự được",
curriculum,kə'rikjuləm,chương trình giảng dạy,bản lý lịch,
awareness,,xem aware,,
assuming,ə'sju:niɳ,"kiêu căng, kiêu ngạo, ngạo mạn; ra vẻ ta đây",,
comparable,'kɔmpərəbl,có thể so sánh được,,
initially,i'niʃəli,"vào lúc đầu, ban đầu",,
rough,rʌf,"ráp, nhám, xù xì, gồ ghề, bờm xờm, lởm chởm","dữ dội, mạnh, hung dữ, bảo tố, động (biển); xấu (thời tiết)","thô, chưa gọt giũa, chưa trau chuốt"
allowance,ə'lauəns,sự cho phép,"sự thừa nhận, sự công nhận, sự thú nhận","tiền trợ cấp; tiền cấp phát; tiền bỏ túi, tiền tiêu vặt"
accused,,bị cáo,,
equilibrium,",i:kwi'libriəm",sự thăng bằng,tính vô tư (trong nhận xét...),
specimen,'spesimin,"mẫu, vật mẫu",mẫu để xét nghiệm,"(thông tục), cuồm thứ người (có một cái gì đặc biệt)"
horizontal,",hɔri'zɔntl",(thuộc) chân trời; ở chân trời,"ngang, nằm ngang",đường nằm ngang
circular,'sə:kjulə,"tròn, vòng, vòng quanh","thông tư, thông tin","thông tri, thông tư"
governing,'gʌvəniɳ,"sự cai trị, sự thống trị",sự cai quản,"(kỹ thuật),  (vật lý) sự điều chỉnh"
phenomenon,fi'nɔminən,hiện tượng,"sự việc phi thường, người phi thường; vật phi thường; người kỳ lạ, vật kỳ lạ",
observe,əb'zə:v,"quan sát, nhận xét, theo dõi","tiến hành, cử hành, làm (lễ kỷ niệm...)","tuân theo, chú ý giữ, tôn trọng"
reliable,ri'laiəbl,"chắc chắn, đáng tin cậy; xác thực (tin tức...)",,
preference,'prefərəns,"sự thích hơn, sự ưa hơn",cái được ưa thích hơn,quyền ưu tiên (trả nợ...)
occurrence,,"sự kiện, sự cố, chuyện xảy ra",an everyday occurrence,chuyện xảy ra hằng ngày
absent,'æbsənt,"vắng mặt, đi vắng, nghỉ",lơ đãng,"vắng mặt, đi vắng, nghỉ"
retail,'ri:teil,sự bán lẻ,bán lẻ,bán lẻ
cal,,Học tập với sự trợ giúp của máy tính (Computer- aided learning),,
recover,'ri:'kʌvə,"lấy lại, giành lại, tìm lại được","được, bù lại, đòi, thu lại","cứu sống lại (người chết đuối); làm tỉnh lại, làm bình phục, chữa khỏi bệnh)"
arc,ɑ:k,hình cung,(toán học) cung,cầu võng
fraction,'frækʃn,(toán học) phân số,"phần nhỏ, miếng nhỏ",(tôn giáo) sự chia bánh thánh
coefficient,",koui'fiʃnt","(toán học),  (vật lý) hệ số",,
expanded,,khuếch đại,,
narrative,'nærətiv,"chuyện kể, bài tường thuật","thể văn kể chuyện, thể văn tường thuật",dưới hình thức kể chuyện; có tính chất tường thuật
tariff,'tærif,giá,bảng kẻ giá,"thuế quan, thuế xuất nhập khẩu (một loại hàng gì)"
bibliography,",bibli'ɔgrəfi",thư mục,thư mục học,
aim,eim,"sự nhắm, sự nhắm",đích (để nhắm bắn),"mục đích, mục tiêu, ý định"
organizational,,"(thuộc) tổ chức, cơ quan","(thuộc) sự tổ chức, cấu tạo",
shortly,'ʃɔ:tli,"không lâu nữa, chẳng mấy chốc","vắn tắt, tóm lại",cộc lốc
punishment,'pʌniʃmənt,"sự phạt, sự trừng phạt, sự trừng trị","(từ Mỹ,nghĩa Mỹ),  (thông tục) sự hành hạ, sự ngược đãi",
package,'pækidʤ,gói đồ; kiện hàng; hộp để đóng hàng,sự đóng gói hàng,"(từ Mỹ,nghĩa Mỹ) chương trình quảng cáo hoàn chỉnh (trên đài truyền thanh, đài truyền hình)"
voluntary,'vɔləntəri,"tự ý, tự nguyện, tự giác",tự ý chọn (đề tài),(quân sự) tình nguyện
aids,,"(viết tắt của Acquired Immune Deficiency Syndrome) bệnh liệt kháng, bệnh aids",,
drainage,'dreinidʤ,"sự rút nước, sự tháo nước, sự tiêu nước","hệ thống thoát nước, hệ thống cống rãnh, hệ thống mương máng",(y học) sự dẫn lưu
fight,fait,"sự đấu tranh, sự chiến đấu; trận đánh, cuộc chiến đấu","(nghĩa bóng) sự mâu thuẫn, sự lục đục","khả năng chiến đấu; tính hiếu chiến, máu hăng"
genetic,dʤi'netik,"(thuộc) căn nguyên, (thuộc) nguồn gốc",(thuộc) di truyền học,phát sinh
adopt,ə'dɔpt,nhận làm con nuôi; nhận làm bố mẹ nuôi,"theo, làm theo","chọn (nghề, người cho một chức vị)"
spanish,'spæniʃ,(thuộc) Tây ban nha,tiếng Tây ban nha,(the spanish) dân Tây ban nha
engage,in'geidʤ,"hẹn, hứa hẹn, ước hẹn, cam kết; đính ước, hứa hôn",thuê (người ở); giữ trước (chỗ ngồi...),lấy (danh dự...) mà cam kết
institutional,",insti'tju:ʃənl","(thuộc) cơ quan, có tính chất là cơ quan","(từ Mỹ,nghĩa Mỹ) với mục đích gây tiếng hơn là để bán hằng ngày (quảng cáo)","(tôn giáo) (thuộc) tổ chức, (thuộc) hội (từ thiện...)"
phenomena,fi'nɔminən,hiện tượng,"sự việc phi thường, người phi thường; vật phi thường; người kỳ lạ, vật kỳ lạ",
dynamics,dai'næmiks,động lực học,,
score,skɔ:,"(thể dục,thể thao) sổ điểm, sổ bán thắng","vết rạch, đường vạch",dấu ghi nợ
phrase,freiz,nhóm từ,thành ngữ,cách nói
orientation,",ɔ:fien'teiʃn",sự định hướng,,
divine,di'vain,"thần thanh, thiêng liêng","tuyệt diệu, tuyệt trần, siêu phàm",nhà thần học
arrival,ə'raivəl,"sự đến, sự tới nơi",người mới đến; vật mới đến,chuyến hàng mới đến
diversity,dai'və:siti,"tính nhiều dạng, tính nhiều vẻ",loại khác nhau,
dramatic,drə'mætik,"kịch, như kịch, như đóng kịch, thích hợp với sân khấu","đột ngột gây cảm xúc mạnh mẽ, gây ấn tượng sâu sắc, gây xúc động; bi thảm",
operational,",ɔpə'reiʃənl","hoạt động, thuộc quá trình hoạt động",(thuộc) thao tác,"có thể dùng, có thể có hiệu lực, có thể có tác dụng"
commodity,kə'mɔditi,"hàng hoá; loại hàng, mặt hàng","(từ cổ,nghĩa cổ) tiện nghi",
dimensional,di'menʃənl,"thuộc chiều; thuộc kích thước, thuộc khổ, thuộc cỡ",(toán học) (thuộc) thứ nguyên,
breast,brest,ngực,vú,"(nghĩa bóng) lòng, tâm trạng, tình cảm"
sin,sin,"tội lỗi, tội ác; sự phạm (luân thường đạo lý, thẩm mỹ...)",nghề gì cũng vinh quang,"(từ lóng) kịch liệt, mãnh liệt"
slope,sloup,"dốc, đường dốc, chỗ dốc; độ dốc",(quân sự) tư thế vác súng,"nghiêng, dốc"
rehabilitation,"'ri:ə,bili'teiʃn","sự phục hồi (chức vị, danh dự, sức khoẻ...)",sự cải tạo giáo dục lại (những người có tội),"sự xây dựng lại, sự khôi phục lại (đất nước...)"
calcium,'kælsiəm,(hoá học) canxi,,
linked,,có sự nối liền; có quan hệ dòng dõi,"có mắt xích, khâu nối",
abstract,'æbstrækt,trừu tượng,khó hiểu,lý thuyết không thực tế
overcome,",ouvə'kʌm","thắng, chiến thắng","vượt qua, khắc phục (khó khăn...)","kiệt sức, mất tự chủ; mất tinh thần"
shaft,ʃɑ:ft,"cán (giáo, mác...), tay cầm",càng xe,mũi tên (đen & bóng)
wing,wi,"(động vật học); (thực vật học) cánh (chim, sâu bọ; qu, hạt)","sự bay, sự cất cánh; (nghĩa bóng) sự bay bổng","(kiến trúc) cánh, chái (nhà)"
favorable,'feivərəbl,"có thiện chí, thuận, tán thành",thuận lợi,"hứa hẹn tốt, có triển vọng"
conscious,'kɔnʃəs,"biết rõ, thấy rõ, tỉnh, tỉnh táo, có ý thức",,
calculation,",kælkju'leiʃn","sự tính, sự tính toán",kết quả tính toán,"sự cân nhắc, sự đắn đo; sự tính toán hơn thiệt"
decree,di'kri:,"ra sắc lệnh, ra chiếu chỉ",,
revision,ri'viʤn,"sự xem lại, sự xét lại, sự duyệt lại",sự sửa lại,
sleep,sli:p,giấc ngủ; sự ngủ,"sự nghỉ ngơi, sự tĩnh dưỡng",sự chết
chronic,'krɔnik,"(y học) mạn, kinh niên","ăn sâu, bám chặt, thâm căn cố đế; thành thói quen","thường xuyên, lắp đi lắp lại"
afterwards,'ɑ:ftəwəd,"sau này, về sau, sau đấy, rồi thì",,
anxiety,æɳ'zaiəti,"mối lo, mối lo âu, mối băn khoăn; sự lo lắng","lòng ước ao, lòng khao khát; sự khắc khoải",
subcommittee,,"phân ban, tiểu ban (trong một ủy ban)",,
distant,'distənt,"xa, cách, xa cách","có thái độ cách biệt, có thái độ xa cách, không thân mật, lạnh nhạt",
reflection,,"sự phản chiếu, sự phản xạ, sự dội lại",ánh phản chiếu; ánh phản xạ,"sự suy nghĩ, sự ngẫm nghĩ; <snh> những ý nghĩ"
newly,'nju:li,mới,,
dairy,'deəri,nơi trữ và sản xuất bơ sữa,cửa hàng bơ sữa,trại sản suất bơ sữa
technological,",teknə'lɔdʤik","(thuộc) kỹ thuật, có tính chất kỹ thuật",(thuộc) công nghệ học,
silent,'sailənt,"không nói, ít nói, làm thinh","yên lặng, yên tĩnh, tĩnh mịch, thanh vắng","câm, không nói"
filter,'filtə,"cái lọc, máy lọc (xăng, không khí)",(nhiếp ảnh) cái lọc (ánh sáng),(raddiô) bộ lọc
holy,'houli,thần thánh; linh thiêng,Holy Writ kinh thánh,"sùng đạo, mộ đạo"
trustee,trʌs'ti:,người được uỷ thác trông nom,"uỷ viên quản trị (của một trường học, tổ chức từ thiện...)",
moisture,'mɔistʃə,hơi ẩm; nước ẩm đọng lại; nước ẩm rịn ra,,
simultaneously,,"đồng thời, xảy ra cùng một lúc, làm cùng một lúc",,
wildlife,,"(từ Mỹ) những thú vật, chim muông... hoang dã",wildlife conservation,"sự bảo tồn những loài thú, chim rừng"
nineteenth,'nain'ti:nθ,thứ mười chín,một phần mười chín,người thứ mười chín; vật thứ mười chín; ngày mười chín
powder,'paudə,bột; bụi,(y học) thuốc bột,phấn (đánh mặt)
provincial,provincial,(thuộc) tỉnh,"có tính chất tỉnh lẻ, có tác phong tỉnh lẻ (đối với thủ đô)",thịnh hành ở tỉnh lẻ
recording,ri'kɔ:diɳ,sự ghi,,
racial,'reiʃəl,"(thuộc) dòng giống, (thuộc) chủng tộc",,
confusion,kən'fju:ʤn,"sự lộn xôn, sự hỗn độn, sự rối loạn, sự hỗn loạn","sự mơ hồ, sự mập mờ, sự rối rắm (ý nghĩa)","sự lẫn lộn, sự nhầm lẫn"
sensitivity,",sensi'tiviti",tính dễ cảm xúc; tính nhạy cảm,tính nhạy; độ nhạy,
totally,,hoàn toàn,,
cement,si'ment,xi-măng,chất gắn (như xi-măng),bột hàn răng
rational,'ræʃənl,"có lý trí, dựa trên lý trí","có lý, phải lẽ; vừa phải, có chừng mực",(toán học) hữu tỷ
utilization,",ju:tilai'zei n","sự dùng, sự sử dụng",,
solely,'soulli,"duy nhất, độc nhất",,
recall,ri'kɔ:l,"sự gọi về, sự đòi về, sự triệu về, sự triệu hồi (một đại sứ...)",(quân sự) hiệu lệnh thu quân; lệnh gọi tái ngũ (quân dự bị...); (hàng hải) tín hiệu gọi về (một chiếc tàu...),sự nhắc nhở
extraordinary,iks'trɔ:dnri,"lạ thường, khác thường; to lớn lạ thường",đặc biệt,
entity,'entiti,thực thể,sự tồn tại (của một vật),
vector,'vektə,(toán học) vectơ,"(y học) vật chủ trung gian,  vectơ",lái (máy bay) đến (một nơi nào đó)
bargaining,,"sự mặc cả, sự thương lượng mua bán",,
italian,i'tæljən,(thuộc) Y,,
interference,",intə'fiərəns","sự gây trở ngại, sự quấy rầy; điều gây trở ngại","sự can thiệp, sự xen vào, sự dính vào",(vật lý) sự giao thoa
historic,his'tɔrik,có tính chất lịch sử; được ghi vào lịch sử,,
syndrome,'sindrəm,(y học) hội chứng,,
neutral,'nju:trəl,trung lập,(hoá học) trung tính,"(thực vật học),  (động vật học) vô tính"
proposition,proposition,"lời đề nghị, kế hoạch, đề xuất, dự kiến đề ra","lời tuyên bố, lời xác nhận","(từ lóng) việc làm, vấn đề, mục tiêu, triển vọng; nghề nghiệp"
taste,teist,vị,vị giác,"sự nếm; sự nếm mùi, sự thưởng thức, sự trải qua, sự hưởng"
systematic,",sisti'mætik",có hệ thống,có phương pháp,
serum,'siərəm,huyết thanh,nước sữa,
partially,,"không hoàn chỉnh; cục bộ, một phần",một cách không vô tư; thiên vị,
eliminate,i'limineit,"loại ra, loại trừ",(sinh vật học) bài tiết,lờ đi (một phần của vấn đề)
deliver,di'livə,"(+ from) cứu, cứu khỏi, giải thoát","phân phát (thư), phân phối, giao (hàng)","đọc, phát biểu, giãi bày, bày tỏ"
biology,bai'ɔlədʤi,sinh vật học,,
taxpayer,"'tæks,peiə",người đóng thuế,,
suffer,'sʌfə,"chịu, bị","cho phép; dung thứ, chịu đựng","đau, đau đớn, đau khổ"
productive,productive,sản xuất,"sinh sản, sinh sôi","sản xuất nhiều; sinh sản nhiều; màu mỡ, phong phú"
interface,'intəfeis,bề mặt chung (cho hai vật...); mặt phân giới,những cái chung (của hai ngành học thuật...),
conclude,kən'klu:d,"kết thúc, chấm dứt ((công việc...); bế mạc (phiên họp)",kết luận,"quyết định, giải quyết, dàn xếp, thu xếp"
victim,'viktim,"vật bị hy sinh, người bị chết vì, nạn nhân",người bị lừa,"(từ cổ,nghĩa cổ) vật tế"
reserved,ri'zə:vd,"dành, dành riêng, dành trước","kín đáo; dè dặt, giữ gìn","dự bị, dự trữ"
platform,'plætfɔ:m,"nền, bục, bệ",sân ga,chỗ đứng ở hai đầu toa (xe lửa...)
suspension,səs'penʃn,sự treo,"sự đình chỉ, sự ngưng lại; sự đình chỉ công tác; sự đình bản (một tờ báo...)",(hoá học) thể vẩn
construct,kən'strʌkt,làm xây dựng (nhà cửa...),đặt (câu),vẽ (hình); dựng (vở kịch)
demonstration,",deməns'treiʃn","sự thể hiện, sự biểu hiện","sự chứng minh, sự thuyết minh",luận chứng
possess,pə'zes,"có, chiếm hữu",ám ảnh (ma quỷ...),"(từ Mỹ,nghĩa Mỹ) hết sức hăng hái, hết sức sôi nổi"
herein,'hiər'in,"ở đây, ở điểm này, trong tài liệu này",,
interval,'intəvəl,"khoảng (thời gian, không gian), khoảng cách","lúc nghỉ, lúc ngớt, lúc ngừng","(quân sự) khoảng cách, cự ly"
colony,'kɔləni,thuộc địa,kiều dân; khu kiều dân; khu (những người cùng nghề),"(động vật học) bầy, đàn, tập đoàn"
secret,'si:krit,"kín đáo, thầm kín, bí mật; riêng tư",kín mồm kín miệng,"khuất nẻo, cách biệt (nơi chốn...)"
contrary,'kɔntrəri,"trái ngược, nghịch","(thông tục) trái thói, bướng bỉnh, ngang ngược, khó bảo",sự trái lại; điều trái ngược
simulation,",simju'leiʃn","sự giả vờ, sự giả cách","sự đóng vai, sự thủ vai",sự bắt chước; sự dựa theo
immigration,",imi'greiʃn",sự nhập cư,tổng số người nhập cư (trong một thời gian nhất định),
sacred,'seikrid,"(thuộc) thánh; thần thánh, của thần","thiêng liêng, bất khả xâm phạm",
altogether,",ɔ:ltə'geðə","hoàn toàn, hầu","nhìn chung, nói chung; nhìn toàn bộ","cả thảy, tất cả"
tract,trækt,"(địa lý,địa chất) vùng, miền, dải","(giải phẫu) bộ máy, đường","(từ cổ,nghĩa cổ) khoảng (thời gian)"
reputation,",repju:'teiʃn","tiếng (xấu, tốt...)","tiếng tốt, thanh danh, danh tiếng",
producer,producer,người sản xuất,người xuất bản (sách),"chủ nhiệm (phim, kịch)"
ethics,'eθiks,"đạo đức, luân thường đạo lý",đạo đức học,"(từ Mỹ,nghĩa Mỹ) nguyên tắc xử thế (một cá nhân); nội quy (một tổ chức)"
publisher,'pʌbliʃə,"người xuất bản, nhà xuất bản (sách báo...)","(từ Mỹ,nghĩa Mỹ) chủ báo",
termination,",tə:mi'neiʃn","sự làm xong, sự kết thúc, sự hoàn thành, sự chấm dứt","giới hạn; phần kết thúc, phần kết luận","(ngôn ngữ học) phần đuôi từ, từ vĩ"
exploration,",eksplɔ:'reiʃn","sự thăm dò, sự thám hiểm",(y học) sự thông dò,sự khảo sát tỉ mỉ
con,kɔn,"học thuộc lòng, nghiên cứu, nghiền ngẫm","điều khiển, lái (con tàu) ((cũng) conn)","con game trò chơi bội tín, sự lừa gạt"
semi,,<thgt> nhà chung tường,,
transit,trænsit,"sự đi qua, sự vượt qua",(thương nghiệp) sự quá cảnh,đường
pound,paund,Pao (khoảng 450 gam),đồng bảng Anh,(xem) penny_wise
escape,is'keip,"sự trốn thoát; phương tiện để trốn thoát, con đường thoát, lối thoát",sự thoát ly thực tế; phương tiện để thoát ly thực tế,(kỹ thuật) sự thoát (hơi...)
lumber,,"gỗ xẻ, gỗ làm nhà",đồ kềnh càng; đồ bỏ đi; đồ tập tàng,đống lộn xộn
allocation,"æ,lə'keiʃn",sự chỉ định; sự dùng (một số tiền vào việc gì),sự cấp cho,"sự phân phối, sự phân phát; sự chia phần; phần được chia, phần được phân phối, phần được cấp"
indication,",indi'keiʃn",sự chỉ; số chỉ,"sự biểu thị, sự biểu lộ; dấu hiệu",(y học) sự chỉ dẫn (về cách dùng thuốc)
recommend,",rekə'mend","giới thiệu, tiến cử (người, vật...)","làm cho người ta mến, làm cho có cảm tưởng tốt về (ai)","khuyên, dặn bảo"
algorithm,'ælgəriðm,thuật toán,,
personally,,"đích thân, với tư cách cá nhân (không đại diện bởi người khác)",bản thân,"về phần tôi, đối với tôi"
incidence,'insidəns,"sự rơi vào, sự tác động vào","(toán học),  (vật lý) sự rơi, sự tới","phạm vi ảnh hưởng, phạm vi tác động"
relate,ri'leit,"kể lại, thuật lại","liên hệ, liên kết","có quan hệ, có liên quan"
massive,'mæsiv,"to lớn, đồ sộ; chắc nặng",thô,ồ ạt
diffusion,di'fju:ʤn,sự truyền tin; sự truyền bá; sự phổ biến,sự khuếch tán (ánh sáng),"sự rườm rà, sự dài dòng (văn)"
preservation,",prevə:'veiʃn","sự giữ, sự gìn giữ, sự bảo quản, sự bảo tồn, sự duy trì","sự giữ để lâu (thức ăn, quả thịt...) (bằng cách đóng hộp, ướp muối, nấu thành mứt...)",(hoá học) sự giữ cho khỏi phân hu
darkness,'dɑ:knis,"bóng tối, cảnh tối tăm","màu sạm, màu đen sạm","tình trạng mơ hồ, tình trạng không rõ ràng, tình trạng không minh bạch"
acre,acre,"mẫu Anh (khoảng 0, 4 hecta)","cánh đồng, đồng cỏ",
parameter,pə'ræmitə,"(toán học) thông số, tham số, tham biến",,
deed,di:d,"việc làm, hành động, hành vi","kỳ công, chiến công, thành tích lớn","(pháp lý) văn bản, chứng thư"
arbitration,",ɑ:bi'treiʃn","sự phân xử, sự làm trọng tài phân xử",sự quyết định giá hối đoái,
fallen,,những người thiệt mạng vì chiến tranh,,
gravity,'græviti,"(vật lý) sự hút, sự hấp dẫn; trọng lực; trọng lượng","vẻ nghiêm trang, vẻ nghiêm nghị","tính nghiêm trọng, tính trầm trọng (tình hình, vết thương...)"
anger,'æɳgə,"sự tức giận, sự giận dữ; mối giận","chọc tức, làm tức giận",
intense,in'tens,"mạnh, có cường độ lớn","mãnh liệt, dữ dội","nồng nhiệt, sôi nổi (tình cảm, hành động...)"
definitely,,"rạch ròi, dứt khoát",,
indirect,",indi'rekt",gián tiếp,"không thẳng, quanh co","không thẳng thắn, uẩn khúc, gian lận, bất lương"
purely,'pjuəli,"hoàn toàn, chỉ là","trong, trong sạch; trong trắng",
digital,'didʤitl,"(thuộc) ngón chân, (thuộc) ngón tay",(thuộc) con số (từ 0 đến 9),phím (pianô)
deficiency,di'fiʃənsi,"sự thiếu hụt, sự không đầy đủ",số tiền thiếu hụt; lượng thiếu hụt,"sự thiếu sót, sự kém cỏi, sự bất tài"
finger,'fiɳgə,ngón tay,ngón tay bao găng,vật hình ngón tay (trong máy...)
comply,kəm'plai,"tuân theo, chiếu theo, đồng ý làm theo",,
discourse,dis'kɔ:s,"bài thuyết trình, bài diễn thuyết; bài nghị luận, bài luận văn; bài giảng đạo","(từ cổ,nghĩa cổ) cuộc nói chuyện, cuộc đàm luận","(+ on,  upon) thuyết trình về; nghị luận về (một vấn đề gì)"
inter,in'tə:,"chôn, chôn cất, mai táng",,
ordinance,'ɔ:dinəns,"sắc lệnh, quy định",lễ nghi,"(từ hiếm,nghĩa hiếm) bố cục (trong kiến trúc, tác phẩm văn học)"
protective,protective,"bảo vệ, bảo hộ, che chở",bảo vệ (về kinh tế),phòng ngừa
retain,ri'tein,"giữ, cầm lại",ghi nhớ,thuê (luật sư)
sole,soul,(động vật học) cá bơn,bàn chân,đế giày
negligence,'neglidʤəns,"tính cẩu thả, tính lơ đễnh",việc cẩu thả; điều sơ suất,sự phóng túng (trong nghệ thuật)
pregnancy,'pregnənsi,"sự có thai, sự có mang thai, sự có chửa","sự phong phú, sự dồi dào, sự giàu (trí tưởng tượng...)","tầm quan trọng lớn (vì kết quả, vì ảnh hưởng)"
conservative,kən'sə:vətiv,"để giữ gìn, để duy trì, để bảo tồn, để bảo toàn","bảo thủ, thủ cựu","thận trọng, dè dặt; vừa phải, phải chăng"
exemption,ig'zempʃn,sự miễn (thuế...),,
format,'fɔ:mæt,"khổ (sách, giấy, bìa...)",,
acquire,ə'kwaiə,"được, giành được, thu được, đạt được, kiếm được",,
dozen,'dʌzn,tá (mười hai),(số nhiều) nhiều,(số nhiều) bộ 12 cái
associate,ə'souʃiit,"kết giao, kết hợp liên hợp; liên đới","(từ Mỹ,nghĩa Mỹ) cùng cộng tác, phụ, phó, trợ","bạn, bạn đồng liêu, người cùng cộng tác; đồng minh"
priest,pri:st,"thầy tu, thầy tế",vồ đập cá (Ai-len),làm (ai) trở thành thầy tu (ai) trở thành thầy tế
tiny,'taini,"nhỏ xíu, tí hon, bé tí",,
uncertainty,ʌn'sə:tnti,sự không chắc chắn,điều không chắc chắn; điều không rõ; điều không xác thực,"tính dễ đổi, tính dễ biến"
parallel,'pærəlel,song song,"tương đương, tương tự, giống với, ngang hàng",đường song song
rotation,rou'teiʃn,"sự quay, sự xoay vòng",sự luân phiên,
premium,'pri:mjəm,phần thưởng,tiền thưởng,tiền đóng bảo hiểm
widespread,'waidspred,"lan rộng, phổ biến",,
somehow,'sʌmhau,"vì lý do này khác, không biết làm sao",bằng cách này cách khác,
correction,kə'rekʃn,"sự sửa, sự sửa chữa, sự hiệu chỉnh","sự trừng phạt, sự trừng trị, sự trừng giới",cái đúng; chỗ sửa
nutrition,nju:'triʃn,"sự nuôi dưỡng, sự dinh dưỡng",đồ ăn bổ,(y học) khoa dinh dưỡng
proud,proud,"((thường) + of) kiêu ngạo, kiêu căng, kiêu hãnh, tự đắc",tự hào; hãnh diện; đáng tự hào,tự trọng
emission,i'miʃn,"sự phát ra (ánh sáng, nhiệt...), sự bốc ra, sự toả ra (mùi vị, hơi...)","vật phát ra, vật bốc ra, vật toả ra",(y học) sự xuất tinh
comfort,'kʌmfət,"sự an ủi, sự khuyên giải; người an ủi, người khuyên giải; nguồn an ủi, lời an ủi","sự an nhàn, sự nhàn hạ; sự sung túc",(số nhiều) tiện nghi
loading,'loudiɳ,"sự chất hàng (lên xe, tàu)","hàng chở (trên xe, tàu)",sự nạp đạn
lab,lə'bɔrətəri,phòng thí nghiệm; phòng pha chế,"phòng thí nghiệm ""nóng"" (nơi tiến hành những cuộc thí nghiệm nguy hiểm có thể chết người)","buồng lò, buồng luyện (luyện kim)"
equality,i:kwɔliti,"tính bằng, tính ngang bằng",sự bình đẳng,
neighborhood,,(Mỹ)(dân) hàng xóm,"vùng, vùng lân cận",
empirical,em'pirikəl,"theo lối kinh nghiệm, kinh nghiệm chủ nghĩa",,
loop,lu:p,"vòng; thòng lọng; cái khâu, cái móc, khuyết áo)","đường nhánh, đường vòng (đường xe lửa, đường dây điện báo ((cũng) loop line)",(vật lý) bụng (sóng)
worthy,'wə:ði,"xứng đáng, có phẩm giá đáng kính, đáng trọng (người)","xứng đáng, thích đáng; thích hợp",đáng
cargo,'kɑ:gou,hàng hoá (chở trên tàu thuỷ),,
reliability,"ri,laiə'biliti",sự đáng tin cậy,sự cho chạy thử trên một quâng đường dài (ô tô) (cốt để thử sức bền chịu đựng hơn là thử tốc độ),
whereby,we 'bai,"do cái gì, bằng cách gì","nhờ đó, bởi đó",
chloride,'klɔ:raid,(hoá học) clorua,,
peculiar,pi'kju:ljə,"riêng, riêng biệt; đặc biệt","kỳ dị, khác thường",tài sản riêng; đặc quyền riêng
ethical,'eθik,"(thuộc) đạo đức, (thuộc) luân thường đạo lý","(từ Mỹ,nghĩa Mỹ) hợp với luân thường đạo lý, đúng với nguyên tắc xử thế (một cá nhân); đúng nội quy (một tổ chức)",đúng quy cách (thuốc)
mechanics,mi'kæniks,cơ học,,
receiver,ri'si:və,"người nhận, người lĩnh","(pháp lý) người quản lý tài sản (tài sản đang tranh tụng hoặc của một công ty bị vỡ nợ, được một toà án chỉ định)",người chứa chấp đồ trộm cắp
aviation,",eivi'eiʃn",hàng không; thuật hàng không,,
configuration,"kən,figju'reiʃn","hình thể, hình dạng",(thiên văn học) hình thể (các hành tinh...),
civilian,'siviljən,"người thường, thường dân",(thuộc) thường dân (trái với quân đội),
furnish,'fə:niʃ,cung cấp,"trang bị đồ đạc cho (phong, nhà...)",
multi,,"tiếp đầu ngữ, chỉ nhiều, đa",,
reconstruction,'ri:kən'strʌkʃn,"sự xây dựng lại, sự kiến thiết lại; sự đóng lại (tàu...)",sự dựng lại (một vở kịch...),(pháp lý) sự diễn lại
appreciation,"ə,pri:ʃi'eiʃn",sự đánh giá,"sự đánh giá đúng, sự đánh giá cao, sự hiểu rõ giá trị","(từ Mỹ,nghĩa Mỹ) sự thấy rõ, sự nhân thức, sâu sắc"
pale,peil,"làm rào bao quanh, quây rào","làm tái đi, làm nhợt nhạt, làm xanh xám","tái đi, nhợt nhạt, xanh xám"
spatial,'speiʃəl,(thuộc) không gian,,
prosecution,prosecution,"sự theo đuổi, sự tiếp tục (công việc nghiên cứu...); sự tiến hành (việc điều tra...)","(pháp lý) sự khởi tố, sự kiện; bên khởi tố, bên nguyên",
livestock,'laivstɔk,"vật nuôi, thú nuôi",,
presently,'prezntli,"chẳng mấy chốc, ngay sau đó","(Ê-cốt) hiện giờ, hiện nay, bây gi",
reservoir,'rezəvwɑ:,bể chứa nước; đồ chưa (chất lỏng),"kho, kho dự trữ, nguồn",chứa vào bể chứa nước
deny,di'nai,"từ chối, phản đối, phủ nhận","chối, không nhận","từ chối, không cho (ai cái gì)"
oxide,'ɔksaid,(hoá học) Oxyt,,
attachment,ə'tætʃmənt,"sự gắn, sự dán; sự buộc, sự cột (vật gì với vật khác)",cái dùng để buộc,vật bị buộc (vào vật khác)
generate,'dʤenəreit,"sinh, đẻ ra","phát, phát ra",
restoration,",restə'reiʃn","sự hoàn lại, sự trả lại (vật gì mất)","sự sửa chữa, sự tu bổ lại; sự xây dựng lại như cũ",sự phục hồi (chức vị...)
pope,poup,giáo hoàng,giáo trưởng,(nghĩa bóng) người ra vẻ không bao giờ có thể sai lầm
div,di:v,ác ma (thần thoại Ba-tư),,
asset,'æset,(số nhiều) tài sản (của một người hay một công ty) có thể dùng để trả nợ,(số nhiều) tài sản của người không thể trả được nợ,"(số nhiều) của cải, tài sản, vật thuộc quyền sở hữ"
irish,'aiəriʃ,(thuộc) Ai-len,,
disclosure,dis'klouʤə,"sự mở ra; sự vạch trần ra, sự để lộ ra","cái bị vạch trần ra, cái bị để lộ ra",
refuse,ri'fju:z,"từ chối, khước từ, cự tuyệt","chùn lại, không dám nhảy qua (hàng rào) (ngựa thi)","đồ thừa, đồ thải, đồ bỏ đi; rác rưởi"
distinguish,dis'tiɳgwiʃ,phân biệt,"nghe ra, nhận ra","(+ into) chia thành, xếp thành (loại...)"
freely,'fri:li,"tự do, tuỳ thích, không gò bó, thoải mái","rộng rãi, hào phóng",
zinc,ziɳk,kẽm,"tráng kẽm, mạ kẽm",lợp bằng kẽm
passion,'pæʃn,"cảm xúc mạnh mẽ, tình cảm nồng nàn",sự giận dữ,"tình dục, tình yêu"
honest,'ɔnist,lương thiện,"trung thực, chân thật",kiếm được một cách lương thiện; chính đáng
vacuum,'vækjuəm,(vật lý) chân không,(thông tục) (như) vacuum_cleaner,
links,liɳks,bâi cát gần bờ biển mọc đầy cỏ dại (ở Ê-cốt),"(thể dục,thể thao) bãi chơi gôn",
expand,iks'pænd,"mở rộng, trải ra","nở ra, phồng ra, giãn",(toán học) khai triển
rely,ri'lai,"(+ on,  upon) tin, tin cậy, dựa vào",,
dec,,tháng mười hai (December),viết tắt,tháng mười hai (December)
array,ə'rei,"sự dàn trận, sự bày binh bố trận",lực lượng quân đội,dãy sắp xếp ngay ngắn; hàng ngũ chỉnh tề
civilization,",sivilai'zeiʃn","sự làm cho văn minh, sự khai hoá",nền văn minh,"những nước văn minh, những dân tộc văn minh"
glory,'glɔ:ri,"danh tiếng, thanh danh; sự vinh quang, sự vẻ vang, vinh dự","vẻ huy hoàng, vẻ rực rỡ, vẻ lộng lẫy","hạnh phúc ở thiên đường, cảnh tiên"
warning,'wɔ:niɳ,sự báo trước; lời báo trước; dấu hiệu báo trước,"lời cảnh cáo, lời răn",sự báo cho thôi việc; sự báo nghỉ việc
operative,'ɔpərətiv,"có tác dụng, có hiệu lực","thực hành, thực tế",(y học) (thuộc) mổ xẻ
intensive,in'tensiv,"mạnh, có cường độ lớn","làm mạnh mẽ, làm sâu sắc",tập trung sâu
isolation,",aisə'leiʃn",sự cô lập,(y học) sự cách ly,(điện học) sự cách
manuscript,'mænjuskript,"bản viết tay; bản thảo, bản đưa in (của tác giả)",chưa in,viết tay
satellite,'sætəlait,vệ tinh; vệ tinh nhân tạo,"người tuỳ tùng, người hầu; tay sai",nước chư hầu ((thường) satellite state)
cognitive,,liên quan đến nhận thức,"dựa trên hiểu biết, kinh nghiệm",
handbook,'hændbuk,sổ tay hướng dẫn; sách chỉ nam,"sách tóm tắt (số liệu, tài liệu khoa học...)","(từ Mỹ,nghĩa Mỹ) sổ tay của tay đánh cá ngựa chuyên nghiệp"
stem,stem,"(thực vật học) thân (cây); cuống, cọng (lá, hoa)",chân (cốc uống rượu),ống (tẩu thuốc)
prize,prize,"giải thưởng, phầm thưởng","(nghĩa bóng) điều mong ước, ước vọng",giải xổ số; số trúng
diverse,dai'və:s,"gồm nhiều loại khác nhau, linh tinh",thay đổi khác nhau,
memorandum,",memə'rændə",sự ghi để nhớ,"(ngoại giao) giác thư, bị vong lục",(pháp lý) bản ghi điều khoản (của giao kèo)
wholesale,'houlseil,"(thưng nghiệp) sự bán buôn, sự bán sỉ","(nghĩa bóng) c lô, c khối","(thưng nghiệp) buôn, sỉ"
farming,'fɑ:miɳ,"công việc đồng áng, công việc trồng trọt",,
advisory,əd'vaizəri,"để hỏi, để xin ý kiến; cho ý kiến, cố vấn",,
occasional,ə'keiʤənl,"thỉnh thoảng, từng thời kỳ; phụ động","(thuộc) cơ hội, (thuộc) dịp đặc biệt; vào dịp đặc biệt; theo biến cố, theo sự kiện","lý do phụ, lý do bề ngoài"
render,'rendə,"trả, trả lại, hoàn lại","dâng, nộp, trao","đưa ra, nêu ra"
courage,'kʌridʤ,"sự can đảm, sự dũng cảm, dũng khí",tính anh hùng (sau khi uống rượu),thực hiện quan điểm của mình; kiên quyết bảo vệ quan điểm của mình
valuation,",vælju'eiʃn","sự định giá, sự đánh giá",giá,giá trị
residential,",rezi'denʃəl","(thuộc) nhà ở, (thuộc) nhà riêng",có liên quan tới nơi cư trú,
protocol,protocol,"nghi thức ngoại giao, lễ tân",(the protocol) vụ lễ tân (của bộ ngoại giao),nghị định thư
trail,treil,"vạch, vệt dài","vết, dấu vết","đường, đường mòn"
essence,'esns,tính chất (nghĩa đen) & (nghĩa bóng)),"bản chất, thực chất",vật tồn tại; thực tế (tinh thần vật chất)
integrity,in'tegriti,"tính chính trực, tính liêm chính","tính toàn bộ, tính toàn vẹn, tính nguyên; tình trạng không bị sứt mẻ, tình trạng toàn vẹn, tình trạng nguyên vẹn",
blind,blaind,đui mù,"(nghĩa bóng) không nhìn thấy, không thấy được",mù quáng
meanwhile,,"in the meantime trong lúc ấy, trong khi ấy","trong khi chờ đợi, trong lúc ấy, đang lúc ấy",
quantitative,'kwɔntitətiv,"(thuộc) lượng, (thuộc) số lượng",định lượng,
litigation,",liti'geiʃn","sự kiện tụng, sự tranh chấp",,
primitive,'primitiv,"nguyên thuỷ, ban sơ","thô sơ, cổ xưa","gốc (từ, mẫu)"
furnace,'fə:nis,"lò (luyện kim, nấu thuỷ tinh...)",lò sưởi,(nghĩa bóng) cuộc thử thách; lò lửa ((nghĩa bóng))
precision,pri'siʤn,"sự đúng, sự chính xác; tính đúng, tính chính xác; độ chính xác","đúng, chính xác",
departure,di'pɑ:tʃə,"sự rời khỏi, sự ra đi, sự khởi hành","sự sao lãng (nhiệm vụ); sự đi trệch (hướng), sự lạc (đề)",(từ lóng) sự chệch hướng; sự đổi hướng
roman,'roumən,(thuộc) La mã,(thuộc) nhà thờ La mã,(Roman) (ngành in) (thuộc) kiểu chữ rômanh
preserve,pri'zə:v,mứt,"khu vực cấm săn, khu vực cấm câu cá","(số nhiều) kính phòng bụi, kính bảo hộ lao động"
unlikely,ʌn'laikli,"không chắc, không chắc có thực",không nghĩ đến,không có hứa hẹn
integral,'intigrəl,(toán học) tích phân,"(thuộc) tính toàn bộ; (thuộc) tính nguyên, cần cho tính toàn bộ, cần cho tính nguyên","toàn bộ, nguyên"
consultation,",kɔnsəl'teiʃn",sự hỏi ý kiến,"sự tra cứu, sự tham khảo","sự bàn bạc, sự thảo luận, sự trao đổi ý kiến, sự hội đàm, sự hội ý"
usage,'ju:zid,"cách dùng, cách sử dụng",(ngôn ngữ học) cách dùng thông thường,"cách đối xử, cách đối đ i"
disaster,di'zɑ:stə,"tai hoạ, thảm hoạ, tai ách",điều bất hạnh,
monetary,'mʌnitəri,(thuộc) tiền tệ,(thuộc) tiền tài,
log,lɔg,"khúc gỗ mới đốn, khúc gỗ mới xẻ",(hàng hải) máy đo tốc độ (tàu),(như) log-book
depreciation,"di,pri:ʃi'eiʃn","sự sụt giá, sự giảm giá","sự gièm pha, sự nói xấu, sự làm giảm giá trị; sự chê bai, sự coi khinh, sự đánh giá thấp",
threshold,'θreʃhould,ngưỡng cửa,"bước đầu, ngưỡng cửa",(tâm lý học) ngưỡng
specification,",spesifi'keiʃn","sự chỉ rõ, sự ghi rõ, sự định rõ","(kỹ thuật) (số nhiều) đặc điểm kỹ thuật, chi tiết kỹ thuật",(pháp lý) bản ghi chi tiết kỹ thuật một phát minh mới (máy...)
scattered,'skætəd,"rải rác, thưa thớt, lưa thưa",,
plastic,'plæstik,chất dẻo ((cũng) plastics),"dẻo, nặn được",tạo hình
surgical,'sə:dʤikəl,"(thuộc) phẫu thuật, (thuộc) mổ",,
settle,'setl,ghế tủ (ghế dài có lưng dựa và phần dưới đóng thành tủ),"giải quyết, ổn định tư tưởng, dàn xếp, hoà giải",ngồi đậu
disk,disk,"(thể dục,thể thao) đĩa",đĩa hát,"đĩa, vật hình đĩa, bộ phận hình đĩa"
habitat,'hæbitæt,"môi trường sống, nơi sống (của cây cối động vật)","nhà, chỗ ở (người)",
cubic,'kju:bik,"có hình khối, có hình lập phương",(toán học) bậc ba,"(toán học) đường bậc ba, đường cubic"
geology,dʤi'ɔlədʤi,"khoa địa chất, địa chất học",,
pace,peis,"bước chân, bước","bước đi; nhịp đi; tốc độ đi, tốc độ chạy",nước đi (của ngựa); cách đi
humanity,hju:'mæniti,"loài người, nhân loại",lòng nhân đạo,"bản chất của loài người, nhân tính"
spectra,'spektrəm,hình ảnh,"(vật lý) phổ, quang phổ",
breach,bri:tʃ,"lỗ đạn, lỗ thủng (ở tường, thành luỹ...)","mối bất hoà; sự tuyệt giao, sự chia lìa, sự tan vỡ","sự vi phạm, sự phạm"
trace,treis,dây kéo (buộc vào ngựa để kéo xe),đang thắng cương (đen & bóng),(xem) kick
workshop,'wə:kʃɔp,xưởng,,
limiting,,định ra giới hạn,,
verdict,'və:dikt,"(pháp lý) lời tuyên án, lời phán quyết","sự quyết định, sự nhận định; dư luận",
limestone,'laimstoun,đá vôi,,
inclusion,in'klu:ʤn,"sự gồm cả, sự kể vào, sự kể cả","cái gồm vào, cái kể vào",(sinh vật học) thể vùi
theology,θi'ɔlədʤi,thần học,,
cylinder,'silində,"(toán học) trụ, hình trụ",(cơ khí) xylanh,(ngành in) trục lăn
firmly,'fə:mli,vững chắc,kiên quyết,
dealer,'di:lə,người buôn bán,người chia bài,"người đối xử, người ăn ở, người xử sự"
scholarship,'skɔləʃip,"sự học rộng, sự uyên thâm, sự uyên bác, sự thông thái",học bổng,
theorem,'θiərəm,(toán học) định lý,,
refusal,ri'fju:zəl,"sự từ chối, sự khước từ, sự cự tuyệt",quyền ưu tiên (chọn trước nhất),
infrastructure,"'infrə,strʌktʃə",cơ sở hạ tầng,,
abundant,ə'bʌndənt,"phong phú, nhiều, chan chứa; thừa thãi, dư dật",,
strip,strip,"mảnh, dải","cột truyện tranh, cột tranh vui (trong tờ báo)","(hàng không) đường băng ((cũng) air strip,  landing strip)"
erosion,i'rouʤn,"sự xói mòn, sự ăn mòn",,
complicated,'kɔmplikeitid,"phức tạp, rắc rối",,
analytical,",ænə'litikəl",dùng phép phân tích,(toán học) dùng phép giải tích,
cultivation,",kʌlti'veiʃn","sự cày cấy, sự trồng trọt","sự dạy dỗ, sự mở mang, sự giáo hoá; sự trau dồi, sự tu dưỡng, sự nuôi dưỡng, sự bồi dưỡng (tình cảm...)",
symposium,sim'pouziəm,hội nghị chuyên đề,"tập những bài phát biểu, tập bài báo của nhiều người viết (về một vấn đề)","tiệc rượu đêm (sau bữa ăn chiều, có ca nhạc, khiêu vũ ở cổ Hy lạp)"
australian,ɔs'treiljən,(thuộc) nước Uc,người Uc,
switch,switʃ,cành cây mềm; gậy mềm,"mớ tóc độn, lọc tóc độn",(ngành đường sắt) cái ghi
slavery,'slævəri,đầy nước dãi,"ton hót, bợ đỡ",cảnh nô lệ; sự nô lệ
gospel,'gɔspəl,(tôn giáo) sách phúc âm,"cẩm nang, nguyên tắc chỉ đạo, điều tin tưởng",điều có thể tin là thật
silk,silk,"tơ, chỉ tơ",tơ nhện,lụa
accurately,,"đúng đắn, chính xác, xác đáng",,
terminal,'tə:minl,"cuối, chót, tận cùng","vạch giới hạn, định giới hạn (đường mốc)","ba tháng một lần, theo từng quý"
folk,fouk,người,(số nhiều) (thông tục) người thân thuộc,"(từ cổ,nghĩa cổ) dân tộc, dân gian"
coastal,'koustəl,(thuộc) bờ biển; (thuộc) miền ven biển,,
graph,græf,đồ thị,(toán học) mạch,vẽ đồ thị; minh hoạ bằng đồ thị
curious,'kjuəriəs,"ham biết, muốn tìm biết","tò mò, hiếu kỳ, thọc mạch","kỳ lạ, kỳ dị, lạ lùng"
dialogue,'daiəlɔg,cuộc đối thoại,đoạn văn đối thoại; tác phẩm đối thoại,
placement,,"sắp đặt, sắp xếp việc làm",,
propose,propose,"đề nghị, đề xuất, đưa ra","lấy làm mục đích; đặt ra, đề ra (làm mục đích)","đề nghị nâng cốc chúc, đề nghị uống mừng"
merit,'merit,giá trị,"công, công lao, công trạng",((thường) số nhiều) công tội; (pháp lý) kẽ phải trái
inform,in'fɔ:m,báo tin cho; cho biết,"truyền cho (ai...) (tình cảm, đức tính...)",cung cấp tin tức
greek,gri:k,(thuộc) Hy-lạp,(xem) calends,người Hy-lạp
comparatively,,tương đối,,
finite,'fainait,có hạn; có chừng; hạn chế,(ngôn ngữ học) có ngôi (động từ),
pole,poul,cực,(nghĩa bóng) cực (một trong hai nguyên tắc hoàn toàn đối lập nhau),điểm cực (điểm tập trung sự chú ý...)
gasoline,'gæsəli:n,"dầu lửa, dầu hoả","(từ Mỹ,nghĩa Mỹ) xăng, dầu xăng",
parliamentary,",pɑ:lə'mentəri",(thuộc) nghị trường; của nghị viện,(thuộc) nghị viện Anh; do nghị viện Anh ban bố,"có thể dùng được ở nghị viện, được phép dùng trong nghị viện Anh (lời lẽ)"
atmospheric,",ætməs'ferik","(thuộc) quyển khí, (thuộc) không khí",,
exempt,ig'zempt,được miễn (thuế...),người được miễn (thuế...),(+ from) miễn (thuế...) cho ai
auto,'ɔ:tou,(thông tục) xe ô tô,,
communist,'kɔmjunist,người cộng sản,cộng sản,
buyer,baiə,người mua,người mua hàng vào (cho một cửa hàng lớn),tình trạng hàng thừa khách thiếu
remedy,'remidi,"thuốc, phương thuốc; cách điều trị, cách chữa cháy","phương pháp cứu chữa, biện pháp sửa chữa",sự đền bù; sự bồi thường
thorough,'θʌrə,"hoàn toàn, hoàn bị, hoàn hảo","cẩn thận, kỹ lưỡng, tỉ mỉ","(từ cổ,nghĩa cổ) (như) through"
static,'stætiks,"tĩnh, (thuộc) tĩnh học",,
defining,,hạn chế nội dung của từ hay ngữ,,
dedicated,,"tận tụy, tận tâm",có tính cách chuyên môn,
specially,'speʃəli,"đặc biệt, riêng biệt",,
christian,'kristjən,(thuộc) đạo Cơ-đốc; tin vào Cơ-đốc,(thuộc) thánh,(thuộc) người văn minh
defend,di'fend,"che chở, bảo vệ, phòng thủ, chống giữ","biện hộ, bào chữa, cãi cho (ai)",là luật sư bào chữa
loads,,rất nhiều,,
valued,'vælju:d,"quý, được chuộng, được quý trọng",,
arose,ə'raiz,"xuất hiện, nảy sinh ra, xảy ra",phát sinh do; do bởi,"(thơ ca) sống lại, hồi sinh"
artistic,ɑ:'tistik,(thuộc) nghệ thuật; (thuộc) mỹ thuật,"có nghệ thuật; có mỹ thuật, khéo léo",
craft,krɑ:ft,"nghề, nghề thủ công",tập thể những người cùng nghề (thủ công),"mưu mẹo, mánh khoé, ngón xảo quyệt, ngón lừa đảo"
inevitable,in'evitəbl,"không thể tránh được, chắc chắn xảy ra ((nghĩa đen) & (nghĩa bóng))",(thông tục) vẫn thường thấy; vẫn thường nghe; quen thuộc,
tropical,'trɔpikəl,nhiệt đới,"(nghĩa bóng) nồng cháy, nồng nhiệt",
lecture,'lektʃə,bài diễn thuyết; bài lên lớp; bài thuyết trình; bài nói chuyện,"lời la mắng, lời quở trách","diễn thuyết, thuyết trình"
mild,maild,nhẹ,"êm dịu, không gắt, không xóc (thức ăn, thuốc lá, thuốc men...)","dịu dàng, hoà nhã, ôn hoà"
signature,'signitʃə,chữ ký,(âm nhạc) chìa (khoá) ((thường) key signature),(rađiô) (signature tune) điệu nhạc dạo đầu
tale,teil,"truyện, truyện ngắn","chuyện bịa đặt, chuyện nói xấu","(từ cổ,nghĩa cổ) số lượng"
weakness,'wi:knis,"tính chất yếu, tính yếu đuối, tính yếu ớt; sự ốm yếu","tính nhu nhược, tính mềm yếu (tính tình)","tính chất non kém (trí nhớ, trình độ)"
routine,ru:'ti:n,lề thói hằng ngày; công việc thường làm hằng ngày,thủ tục; lệ thường,(sân khấu) tiết mục nhảy múa; tiết mục khôi hài
agenda,ə'dʤendə,(số nhiều) những việc phải làm,chương trình nghị sự,nhật ký công tác
geography,dʤi'ɔgrəfi,khoa địa lý; địa lý học,,
accomplish,ə'kɔmpliʃ,"hoàn thành, làm xong, làm trọn","thực hiện, đạt tới (mục đích...)","làm (ai) hoàn hảo, làm (ai) đạt tới sự hoàn mỹ (về nhạc, hoạ, nữ công...)"
hidden,haid,"da sống (chưa thuộc, mới chỉ cạo và rửa)",(đùa cợt) da người,không có bất cứ một dấu vết gì
weapon,'wepən,vũ khí ((nghĩa đen) & (nghĩa bóng)),,
sympathy,'simpəθi,sự thông cảm; sự đồng tình,sự thương cảm; mối thương cảm,sự đồng ý
invasion,in'veiʤn,"sự xâm lược, sự xâm chiếm, sự xâm lấn","sự xâm phạm (quyền lợi, đời sống riêng tư...)","sự lan tràn, sự tràn ngập"
lacking,,ngu độn; ngây ngô,,
farther,'fɑ:ðə,"xa hơn; thêm hơn, hơn nữa","xa hơn; xa nữa; thêm hơn, hơn nữa","ngoài ra, vả lại (bây giờ thường dùng further)"
haven,'heivn,"bến tàu, cảng","(nghĩa bóng) nơi trú, nơi ẩn náu",
scattering,,số lượng những thứ được tung rắc,,
documentation,",dɔkjumen'teiʃn","sự chứng minh bằng tài liệu, sự dẫn chứng bằng tư liệu","sự đưa ra tài liệu, sự cung cấp tài liệu",
tremendous,tri'mendəs,"ghê gớm, kinh khủng, khủng khiếp, dữ dội",(thông tục) to lớn; kỳ lạ,
guarantee,",gærən'ti:","(pháp lý) sự bảo đảm, sự cam đoan; sự bảo lãnh","(pháp lý) người bảo đảm, người bảo lãnh",(pháp lý) người được bảo lãnh
gay,gei,"vui vẻ, vui tươi; hớn hở","tươi, rực rỡ, sặc sỡ (màu sắc, quần áo...)","(nói trại) truỵ lạc, phóng đâng, đĩ thoâ, lẳng lơ (đàn bà)"
variance,'veəriəns,"sự khác nhau, sự không đi đôi, sự không ăn khớp, sự mâu thuẫn",sự xích mích; mối bất hoà,sự thay đổi (về thời tiết...)
server,sə:v,người hầu; người hầu bàn,khay bưng thức ăn,"(thể dục,thể thao) người giao bóng (quần vợt...)"
continuously,kən'tinjuəsli,"liên tục, liên tiếp",,
northwest,,miền tây bắc,phía tây bắc,
reception,ri'sepʃn,"sự nhận, sự thu nhận, sự lĩnh","sự tiếp nhận, sự kết nạp (vào một tổ chức nào...)",sự đón tiếp
respects,,lời chào lễ phép,,
bore,bɔ:,lỗ khoan (dò mạch mỏ),nòng (súng); cỡ nòng (súng),"khoan đào, xoi"
accessible,æk'sesəbl,"có thể tới được, có thể gần được",dễ bị ảnh hưởng,dễ gần (người)
praise,preiz,"sự khen ngợi, sự ca ngợi, sự tán tụng, sự tán dương, sự ca tụng, lời khen ngợi, lời ca ngợi, lời ca tụng, lời tán tụng, lời tán dương","khen ngợi, ca ngợi, ca tụng, tán tụng, tán dương",
insight,'insait,"sự nhìn thấu được bên trong sự vật, sự hiểu thấu được bên trong sự vật; sự hiểu biết sâu sắc, sự sáng suốt",,
pupil,'pju:pl,"học trò, học sinh",(pháp lý) trẻ em được giám hộ,"(giải phẫu) con ngươi, đồng tử (mắt)"
bare,beə,"trần, trần truồng, trọc","trống không, rỗng, trơ trụi; (nghĩa bóng) nghèo nàn, xác xơ","vừa đủ, tối thiểu"
eternal,i:'tə:nl,"tồn tại, đời đời, vĩnh viễn, bất diệt","(thông tục) không ngừng, thường xuyên",thượng đế
absorbed,əb'sɔ:bd,"miệt mài, mê mải, say mê, chăm chú",,
alike,ə'laik,"giống, tương tự","giống nhau, như nhau, đều nhau",
dioxide,dai'ɔksaid,(hoá học) đioxyt,,
sword,sɔ:d,"gươm, kiếm",(the sword) chiến tranh; sự phân định bằng chiến tranh,"(the sword) quân quyền, uy quyền"
procurement,,"sự kiếm được, sự thu được, sự mua được",,
innocent,'inəsnt,vô tội; không có tội,"(từ Mỹ,nghĩa Mỹ) còn trong trắng; còn trinh",ngây thơ
arrest,ə'rest,sự bắt giữ,"sự ngừng lại, sự chặn lại, sự hãm lại",(pháp lý) sự hoãn thi hành
carriage,'kæridʤ,xe ngựa,(ngành đường sắt) toa hành khách,sự chuyên chở hàng hoá; cước chuyên chở hàng hoá
calculate,'kælkjuleit,"tính, tính toán","tính trước, suy tính, dự tính","sắp xếp, sắp đặt (nhằm làm gì); làm cho thích hợp"
barely,'beəli,"công khai, rõ ràng","rỗng không, trơ trụi; nghèo nàn","vừa mới, vừa đủ"
enthusiasm,in'θju:ziæzm,"sự hăng hái, sự nhiệt tình",,
plains,,thuộc người da đỏ Bắc Mỹ vùng Đồng bằng Lớn,,
inspired,in'spaiəd,đầy cảm hứng,"do người khác mớm cho, người khác xúi giục, do người có thế lực mớm cho","hít vào, thở vào"
breeding,'bri:diɳ,sự sinh sản,"sự gây giống, sự chăn nuôi","sự giáo dục, phép lịch sự"
prohibition,prohibition,"sự cấm, sự ngăn cấm, sự cấm chỉ","(từ Mỹ,nghĩa Mỹ) sự cấm rượu mạnh",
parking,'pɑ:kiɳ,sự đỗ xe,,
destination,",desti'neiʃn","nơi gửi tới, nơi đưa tới, nơi đi tới",sự dự định; mục đích dự định,
motivation,",mouti'veiʃn","sự thúc đẩy, động cơ thúc đẩy",,
briefly,'bri:fli,"ngắn gọn, vắn tắt, tóm tắt",,
abundance,ə'bʌndəns,"sự nhiều, sự giàu có, sự phong phú; sự thừa thãi, sự dư dật","sự dạt dào (tình cảm, cảm xúc)",tình trạng rất đông người
geographical,dʤiə'græfik,(thuộc) địa lý,,
emotion,i'mouʃn,"sự cảm động, sự xúc động, sự xúc cảm","mối xúc động, mối xúc cảm",
abnormal,æb'nɔ:məl,"không bình thường, khác thường; dị thường",,
prosperity,prosperity,"sự thịnh vượng, sự phát đạt, sự phồn vinh, sự thành công",,
tourism,'tuərizm,sự du lịch,thú du lịch,
bitter,'bitə,đắng,"cay đắng, chua xót, đau đớn; đau khổ, thảm thiết","chua cay, gay gắt; ác liệt, quyết liệt"
prejudice,'predʤudis,"định kiến, thành kiến, thiên kiến","mối hại, mối tổn hại, mối thiệt hại","làm cho (ai) có định kiến, làm cho (ai) có thành kiến"
realistic,riə'listik,(văn học) hiện thực,(triết học) theo thuyết duy thực,có óc thực tế
surgeon,'sə:dʤən,"nhà phẫu thuật, bác sĩ phẫu thuật",sĩ quan quân y; thầy thuốc quân y,
prisoner,prisoner,"người bị giam giữ, người tù; con vật bị nhốt",tù binh ((cũng) prisoner of war),trò chơi bắt tù binh (của trẻ con)
expertise,",ekspə'ti:z","sự thành thạo, sự tinh thông",tài chuyên môn; ý kiến về mặt chuyên môn,sự giám định
meaningful,'mi:niɳful,"đầy ý nghĩa, có ý nghĩa",,
reservation,",rezə'veiʃn",sự hạn chế; điều kiện hạn chế,"(từ Mỹ,nghĩa Mỹ) vùng đất dành riêng","(từ Mỹ,nghĩa Mỹ) sự dành trước, sự giữ trước (vé tàu, buồng ở, chỗ ngồi ở rạp hát)"
wound,waund,"vết thương, thương tích","vết băm, vết chém (trên cây)","(nghĩa bóng) điều làm tổn thương, điều xúc phạm; nỗi đau thương"
companion,kəm'pænjən,"bạn, bầu bạn",người bạn gái (được thuê để cùng chung sống làm bầu bạn với một người phụ nữ khác) ((cũng) companion lady companion),"sổ tay, sách hướng dẫn"
privacy,privacy,sự riêng tư,"sự xa lánh, sự cách biệt","sự bí mật, sự kín đáo"
resist,ri'zist,chất cản màu (phết vào vải để cho thuốc nhuộm không ăn ở những chỗ không cần nhuộm màu),"kháng cự, chống lại","chịu đựng được, chịu được"
indirectly,",indi'rektli",gián tiếp,,
instructor,in'strʌktə,"người dạy, thầy giáo","(từ Mỹ,nghĩa Mỹ) trợ giáo (đại học)",
restore,ris'tɔ:,"hoàn lại, trả lại","sửa chữa lại, phục hồi lại, xây dựng lại như cũ (toà nhà, bức tranh...)",phục (chức)
aggressive,ə'gresiv,"xâm lược, xâm lăng",công kích,"hay gây sự, gây gỗ, gây hấn, hung hăng, hùng hổ"
connecting,,(Tech) nối,,
guilt,,"điều sai quấy, tội lỗi","sự phạm tội, sự có tội",
citizenship,'sitiznʃip,tư cách công dân,quyền công dân,bổn phận công dân
shortage,'ʃɔ:tidʤ,sự thiếu; số lượng thiếu,,
architect,'ɑ:kitekt,kiến trúc sư,"(nghĩa bóng) người làm ra, người xây dựng, người sáng tạo",
clinic,'klinik,bệnh viện thực hành,"(y học) sự lên lớp ở buồng bệnh, sự thực hành ở buồng bệnh",
studio,'stju:diou,"xưởng vẽ, xưởng điêu khắc...",(số nhiều) xưởng phim,(rađiô) Xtuđiô
repeatedly,,lặp đi lặp lại nhiều lần,,
mud,mʌd,bùn ((nghĩa đen) & (nghĩa bóng)),"bảo thủ; chậm tiến, lạc hậu","vấy bùn, trát bùn lên"
passive,'pæsiv,"bị động, thụ động",tiêu cực,(ngôn ngữ học) bị động
appoint,ə'pɔint,"bổ, bổ nhiệm; chỉ định, chọn; lập","định, hẹn (ngày, giờ...)",quy định
hanging,'hæɳiɳ,sự treo,sự treo cổ,((thường) số nhiều) rèm; màn; trướng
pot,pɔt,"ấm, bình, lọ, chậu, hũ, vại, ca (uống nước); ấm (đầy), bình (đầy), lọ (đầy), chậu (đầy), hũ (đầy), ca (đầy)",nồi,bô (để đi đái đêm)
fix,fiks,"đóng, gắn, lắp, để, đặt","tập trung, dồn (sự nhìn, sự chú ý, tình thân yêu...)",làm đông lại làm đặc lại
palm,pɑ:m,"(thực vật học) cây cọ, cây họ cau dừa",cành cọ (tượng trưng cho chiến thắng); (nghĩa bóng) chiến thắng; giải,"gan bàn tay, lòng bàn tay"
suicide,'sjuisaid,"sự tự tử, sự tự vẫn",hành động tự sát,người tự tử
loud,laud,"to, ầm ĩ, inh ỏi (tiếng)","nhiệt liệt, kịch liệt","sặc sỡ, loè loẹt (mài sắc)"
emphasize,,nhấn mạnh,làm nổi bật (sự kiện...),
hunt,hʌnt,cuộc đi săn; sự đi săn,"cuộc lùng sục, cuộc tìm kiếm",đoàn người đi săn
confirm,kən'fə:m,xác nhận; chứng thực,"thừa nhận, phê chuẩn","làm vững chắc, củng cố"
loaded,,"nặng nề, gay go",,
specialist,'speʃəlist,"chuyên gia, chuyên viên, nhà chuyên khoa",,
virtual,'və:tjuəl,"thực sự, thực tế",(vật lý) áo,
steadily,,"vững, vững chắc, vững vàng","đều đặn, đều đều","kiên định, không thay đổi; trung kiên"
commentary,'kɔməntəri,bài bình luận,"lời chú thích, lời dẫn giải",bài tường thuật
disc,disk,"(thể dục,thể thao) đĩa",đĩa hát,"đĩa, vật hình đĩa, bộ phận hình đĩa"
beat,bi:t,sự đập; tiếng đập,khu vực đi tuần (của cảnh sát); sự đi tuần,"(thông tục) cái trội hơn hẳn, cái vượt hơn hẳn"
proportional,proportional,"cân xứng, cân đối",tỷ lệ,chế độ bầu đại biểu của tỷ lệ
strengthen,'streɳθən,"làm cho mạnh; làm cho vững, làm cho kiên cố, củng cố",trở nên mạnh; trở nên vững chắc,khuyến khích ai thẳng tay hơn nữa
invitation,",invi'teiʃn","sự mời, lời mời, giấy mời","cái lôi cuốn, cái hấp dẫn","sự chuốc lấy, sự mua láy (bóng), sự tự gây cho mình"
severely,si'viəli,nghiêm khắc; nghiêm nghị,ác liệt,bỏ mặc đấy ra ý không tán thành
generous,'dʤenərəs,"rộng lượng, khoan hồng","rộng rãi, hào phóng",thịnh soạn
acknowledge,ək'nɔlidʤ,"nhận, thừa nhận, công nhận",báo cho biết đã nhận được,"đền đáp; tỏ lòng biết ơn, cảm tạ"
developmental,"di,veləp'mentl","phát triển, nảy nở",tiến triển,
hazard,'hæzəd,sự may rủi,mối nguy,trò chơi súc sắc cổ
brass,brɑ:s,đồng thau,đồ vật làm bằng đồng thau; bia đồng khắc ở mộ,(the brass) (âm nhạc) kèn đồng
socialist,'souʃəlist,xã hội chủ nghĩa,người theo chủ nghĩa xã hội,đảng viên đảng Xã hội
publicly,'pʌblikli,công khai,,
salmon,'sæmən,(động vật học) cá hồi,"có màu thịt cá hồi, có màu hồng",
pit,pit,hồ,"hầm khai thác, nơi khai thác","hầm bẫy, hố bẫy (thú rừng...) ((cũng) pifall)"
safely,,"an toàn, chắc chắn (được che chở khỏi nguy hiểm, thiệt hại)","có thể tin cậy, chắc chắn","thận trọng, dè dặt; tỏ ra thận trọng"
delicate,'delikit,"thanh nhã, thanh tú, thánh thú","mỏng manh, mảnh khảnh, mảnh dẻ; dễ vỡ (đồ thuỷ tinh...)","tinh vi, tinh xảo, tinh tế; khéo léo, nhẹ nhàng; mềm mại"
glance,glɑ:ns,(khoáng chất) quặng bóng,"cái nhìn thoáng qua, cái liếc qua","tia loáng qua, tia loé lên"
declare,di'kleə,tuyên bố,công bố,"bày tỏ, trình bày, biểu thị"
nucleus,'nju:kliəs,"tâm, trung tâm ((nghĩa đen) & (nghĩa bóng))",(sinh vật học) nhân (tế bào),(thực vật học) hạch (của quả hạch)
molecule,'mɔlikju:l,(hoá học) phân t,,
irregular,i'regjulə,không đều,"không theo quy luật; không đúng quy cách (hàng...); không chính quy (quân đội...); không đúng lễ giáo (lễ nghi, phong tục...)",(ngôn ngữ học) không theo quy tắc
excitement,ik'saitmənt,"sự kích thích, sự kích động; tình trạng bị kích thích, tình trạng bị kích động","sự nhộn nhịp, sự náo động, sự sôi nổi",
modify,'mɔdifai,"giảm bớt, làm nhẹ, làm dịu","sửa đổi, thay đổi",(ngôn ngữ học) thay đổi (nguyên âm) bằng hiện c lao lực
specialized,,"chuyên dụng; thích ứng, thiết kế cho một mục đích riêng","chuyên; (thuộc) chuyên gia, liên quan đến chuyên gia",
discount,'diskaunt,"sự bớt, sự giảm, sự trừ (do trả tiền ngay hoặc trả tiền mặt)","tiền bớt, tiền trừ, tiền chiết khấu","sự trừ hao (về mức độ xác thực của một câu chuyện, một bản tin...)"
resolve,ri'zɔlv,"quyết tâm, ý kiên quyết",kiên quyết (làm gì),quyết định
combine,'kɔmbain,"(thương nghiệp) côngbin,  xanhđica","máy liên hợp, máy gặt đập ((cũng) combine harvester)","kết hợp, phối hợp"
painful,'peinful,"đau đớn, đau khổ; làm đau đớn, làm đau khổ","vất vả, khó nhọc, mất nhiều công sức",
tide,taid,"triều, thuỷ triều, con nước","dòng nước, dòng chảy, dòng","chiều hướng, xu hướng, trào lưu, dư luận"
tales,'teili:z,(pháp lý) danh sách hội thẩm dự khuyết,,
liberation,",libə'reiʃn","sự giải phóng, sự phóng thích",,
legally,,về phương diện pháp lý,"hợp pháp, đúng pháp luật",
laughter,'lɑ:ftə,"sự cười, tiếng cười",tràng cười rền,
continually,,"liên tục, không ngớt",,
timely,'taimli,"đúng lúc, hợp thời",,
organism,'ɔ:gənizm,cơ thể; sinh vật,"cơ quan, tổ chức",
precious,'preʃəs,"quý, quý giá, quý báu","cầu kỳ, kiểu cách, đài các","(từ Mỹ,nghĩa Mỹ),  (thông tục) đẹp tuyệt; kỳ diệu, vĩ đại"
substitute,'sʌbstitju:t,"người thay thế, vật thay thế","thế, thay thế",đổi
loyalty,'lɔiəlti,"lòng trung thành, lòng trung nghĩa, lòng trung kiên",,
commit,kə'mit,"giao, gửi, giao phó, uỷ nhiệm, uỷ thác","bỏ tù, giam giữ, tống giam",chuyển (một đạo luật...) cho tiểu ban xét (ở nghị viện)
rainfall,'reinfɔ:l,trận mưa rào,lượng mưa,
analyze,'ænəlaiz,phân tích,(toán học) giải tích,
telecommunications,,"viễn thông, sự thông tin từ xa",,
guards,,lính bảo vệ; đội bảo vệ,,
compete,kəm'pi:t,"đua tranh, ganh đua, cạnh tranh",,
burning,'bə:niɳ,"sự đốt, sự thiêu, sự khê, sự khét (cơm)",sự nung (gạch); mẻ gạch (nung trong lò),"(từ lóng) sự sôi nổi, sự hăng hái, nhiệt tình"
spreading,,sự lan rộng; dàn trải; phân bố,sự rải; rắc,
pregnant,'pregnənt,"có thai, có mang thai, có chửa","giàu trí tưởng tượng, giàu trí sáng tạo, dồi dào tư tưởng ý tứ","có kết quả phong phú, có tầm quan trọng lơn (vì kết quả, vì ảnh hưởng)"
examiner,ig'zæminə,(như) examinant,người chấm thi,
aid,eid,"sự giúp đỡ, sự cứu giúp, sự viện trợ","người giúp đỡ, người phụ tá",(sử học) thuế (nộp cho nhà vua); công trái
compromise,'kɔmprəmaiz,sự thoả hiệp,"dàn xếp, thoả hiệp","làm hại, làm tổn thương"
tragedy,'trædʤidi,bi kịch,"(nghĩa bóng) tấn bi kịch, tấn thảm kịch",
ecology,i'kɔlədʤi,sinh thái học,,
minimize,'minimaiz,giảm đến mức tối thiểu,đánh giá thấp,
occupy,'ɔkjupai,"chiếm, chiếm giữ","chiếm, chiếm đóng",giữ
shallow,ʃælou,"nông, cạn","nông cạn, hời hợt","chỗ nông, chỗ cạn"
terror,'terə,"sự kinh hãi, sự khiếp sợ","vật làm khiếp sợ, người làm khiếp sợ; mối kinh hãi, nỗi khiếp sợ",sự khủng bố
arrange,ə'reindʤ,"sắp xếp, sắp đặt, sửa soạn",thu xếp; chuẩn bị,"dàn xếp, hoà giải (một cuộc cãi nhau...)"
attract,ə'trækt,(vật lý) hút,"thu hút, hấp dẫn, lôi cuốn",
myth,miθ,thần thoại,"chuyện hoang đường, vật hoang đường; chuyện tưởng tượng, vật tưởng tượng",
ignore,ig'nɔ:,"lờ đi, phớt đi, làm ra vẻ không biết đến",(pháp lý) bác bỏ (một bản cáo trạng vì không đủ chứng cớ),
ceremony,'seriməni,"nghi thức, nghi lễ","sự khách sáo, sự kiểu cách",(xem) stand
intend,in'tend,"định, có ý định, có ý muốn","định dùng, dành","định nói, ý muốn nói"
reject,'ri:dʤekt,"vật bị loại, vật bỏ đi, vật không được chọn","người bị loại (trong kỳ tuyển quân...), người bị đánh hỏng thi",(thương nghiệp) phế phẩm
cave,'keivi,"(ngôn ngữ nhà trường),  (từ lóng) chú ý! (thầy giáo đến kia...)",,
filling,'filiɳ,"sự đổ đầy, sự tràn đầy; sự bơm (quả bóng...)","sự lấp đầy, sự đắp đầy, sự hàn (răng)",sự bổ nhiệm
approve,ə'pru:v,"tán thành, đồng ý, bằng lòng, chấp thuận","xác nhận, phê chuẩn, chuẩn y","chứng tỏ, tỏ ra, chứng minh"
reorganization,"'ri:,ɔ:gənai'zeiʃn","sự tổ chức lại, sự cải tổ lại",,
naked,'neikid,"trần, trần truồng, khoả thân, loã lồ","trụi, trơ trụi, rỗng không (bức tường, cây cối, cánh dồng)","không che đậy, không giấu giếm, phô bày ra, hiển nhiên, rõ ràng"
hired,'haiəd,thuê; để cho thuê,(quân sự) đánh thuê,
similarity,",simi'læriti","sự giống nhau, sự tương tự","điểm giống nhau, điểm tương tự, nét giống nhau, nét tương tự",(toán học) sự đồng dạng
certainty,'sə:tnti,điều chắc chắn,vật đã nắm trong tay,"sự tin chắc, sự chắc chắn"
porter,'pɔ:tə,người gác cổng,công nhân khuân vác,rượu bia đen
welcome,'welk m,"được tiếp đ i ân cần, được hoan nghênh","hay, dễ chịu, thú vị","(từ Mỹ,nghĩa Mỹ),  (thông tục) không dám, có gì đâu (nói để đáp lại lời cm n)"
convey,kən'vei,"chở, chuyên chở, vận chuyển","truyền (âm thanh, hương vị, lệnh, tin); truyền đạt, chuyển","(pháp lý) chuyển nhượng, sang tên (tài sản)"
nonetheless,,trạng từ,"tuy nhiên, dù sao",
crossing,'krɔsiɳ,"sự đi qua, sự vượt qua","sự cắt nhau, sự giao nhau; chỗ cắt nhau",ngã tư đường
unexpected,'ʌniks'pektid,"không mong đợi, không ngờ, thình lình",điều không ngờ,
ecological,",ekə'lɔdʤik",(thuộc) sinh thái học,,
reward,ri'wɔ:d,"sự thưởng, sự thưởng công; sự báo ơn, sự báo oán","tiền thưởng, vật thưởng (cho ai bắt được tội phạm...)",sự hoàn lại tài sản mất
dull,dʌl,"chậm hiểu, tối dạ, ngu đần, đần độn","không tinh, mờ (mắt); không thính, nghễnh ngãng (tai)",vô tri vô giác (vật)
permanently,,xem permanent,,
bent,bent,"khiếu, sở thích; xu hướng, khuynh hướng",theo những năng khiếu của mình,"thoả chí, thoả thích"
disturbance,dis'tə:bəns,"sự làm mất yên tĩnh, sự làm náo động; sự quấy rầy, sự làm bối rối, sự làm lo âu; sự làm xáo lộn",(vật lý) sự làm nhiễu loạn; sự nhiễu loạn,"(rađiô) âm tạp, quyển khí"
urgent,' :d  nt,"gấp, cần kíp, khẩn cấp, cấp bách","khẩn nài, năn nỉ",
transform,træns'fɔ:m,"thay đổi, biến đổi","làm biến chất, làm biến tính",
flowing,flowing,sự chảy,"tính trôi chảy, tính lưu loát (văn)",
extensively,,"rộng rãi, bao quát, cùng khắp",,
announcement,ə'naunsmənt,"lời rao, lời loan báo; cáo thị, thông cáo","lời công bố, lời tuyên bố",
mentally,'mentəli,"thầm, nhẩm, trong óc, trong ý nghĩ, trong lòng",,
connect,kə'nekt,"nối, nối lại, chấp nối",liên hệ (trong ý nghĩ),làm cho có mạch lạc
impressive,im'presiv,"gây ấn tượng sâu sắc, gây xúc động, gợi cảm","hùng vĩ, nguy nga, oai vệ, uy nghi",
owing,'ouiɳ,còn phải trả nợ,"nhờ có, do bởi, vì",
cultivated,'kʌltiveitid,"có trồng trọt, có cày cấy (đất...)","có học thức; có trau dồi, có tu dưỡng",
constructive,kən'strʌktic,có tính cách xây dựng,"(thuộc) kiến trúc, (thuộc) xây dựng","suy diễn, hiểu ngầm"
recognised,,"được công nhận, được thừa nhận, được chấp nhận",được tín nhiệm (trong kinh doanh),
funeral,'fju:nərəl,"(thuộc) sự chôn cất, dùng trong sự chôn cất; (thuộc) đám tang; dùng trong đám tang",lễ tang; sự chôn cất,đám tang; đoàn người đưa ma
emerge,i'mə:dʤ,"nổi lên, hiện ra, lòi ra","(nghĩa bóng) nổi bật lên, rõ nét lên; nổi lên, nảy ra (vấn đề...)",thoát khỏi (sự đau khổ)
exhausted,ig'zɔ:stid,đã rút hết không khí (bóng đèn...),"kiệt sức, mệt lử",bạc màu (đất)
unfortunate,ʌn'fɔ:tʃnit,"không may, rủi ro, bất hạnh","đáng buồn, đáng tiếc, bất như ý; tai hại","người bất hạnh, người bạc mệnh, người không may"
suspicion,səs'piʃn,"sự ngờ, sự nghi ngờ, sự ngờ vực","tí, chút","(tiếng địa phương) nghi ngờ, ngờ vực"
bold,bould,"dũng cảm, táo bạo, cả gan","trơ trẽn, trơ tráo, liều lĩnh","rõ, rõ nét"
biography,bai'ɔgrəfi,tiểu sử; lý lịch,,
eager,'i:gə,"ham, háo hức, hăm hở, thiết tha, hau háu",nồng (rượu...),"(từ cổ,nghĩa cổ) rét ngọt"
outdoor,'autdɔ:,"ngoài trời, ở ngoài",,
variability,'veəriəblnis,tính hay thay đổi; tính hay biến đổi; tính biến thiên,,
participant,pɑ:'tisipənt,"người tham gia, người tham dự","tham gia, tham dự",
historian,his'tɔ:riən,"nhà viết sử, sử gia",,
breathing,'bri:ðiɳ,"sự thở, sự hô hấp",hơi thở,hơi gió thoảng
encouragement,in'kʌridʤmənt,"sự làm can đảm, sự làm mạnh dạn","sự khuyến khích, sự cổ vũ, sự động viên","sự giúp đỡ, sự ủng hộ"
questionnaire,",kwestiə'neə","bản câu hỏi (để điều tra, để thăm dò ý kiến)",,
funded,,để vào quỹ công trái nhà nước,,
collapse,kə'læps,"đổ, sập, sụp, đổ sập","gãy vụn, gãy tan","suy sụp, sụp đổ"
formally,,chính thức,,
invest,in'vest,đầu tư,trao (quyền) cho; dành (quyền) cho,"khoác (áo...) cho, mặc (áo) cho"
qualify,'kwɔlifai,"cho là, gọi là; định tính chất, định phẩm chất","làm cho có đủ tư cách, làm cho có đủ khả năng, làm cho có đủ tiêu chuẩn; chuẩn bị đầy đủ điều kiện (để đảm nhiệm một chức vị gì...)","hạn chế, dè dặt; làm nhẹ bớt"
explosion,iks'plouʤn,sự nổ; sự nổ bùng (cơn giận),tiếng nổ,"(từ Mỹ,nghĩa Mỹ) sự phát triển ồ ạt và nhanh chóng"
grave,greiv,"mồ, mả, phần mộ",nơi chôn vùi,"sự chết, âm ty, thế giới bên kia"
nearby,,"gần, không xa",,
laying,'leiiɳ,"sự đặt (mìn, đường ray, ống...)",sự đẻ trứng; thời kỳ đẻ trứng,
caution,'kɔ:ʃn,"sự thận trọng, sự cẩn thận","lời cảnh cáo, lời quở trách",(thông tục) người kỳ quái; vật kỳ lạ
confirmation,",kɔnfə'meiʃn",sự xác nhận; sự chứng thực,"sự thừa nhận, sự phê chuẩn","sự làm vững chắc, sự củng cố"
exit,'eksit,(sân khấu) sự đi vào (của diễn viên),"sự ra, sự đi ra, sự đi khỏi","lối ra, cửa ra"
scholar,'skɔlə,"người có học thức, nhà thông thái; nhà học giả (giỏi về văn chương cổ điển Hy-lạp  La-mã)",môn sinh,học sinh được cấp học bổng; học sinh được giảm tiền học
resort,'ri:'sɔ:t,"cái dùng đến, phương kế, phương sách",nơi có đông người lui tới,"dùng đến, cầu đến, nhớ vào"
voyage,'vɔidʤ,cuộc du lịch xa bằng đường biển,đi du lịch xa bằng đường biển,
affection,ə'fekʃn,"sự làm ảnh hưởng đến, sự làm tác động đến","tình cảm, cảm xúc","((thường) + towards,  for) lòng yêu thương, sự yêu mến, tình cảm, thiện ý"
locate,lou'keit,"xác định đúng vị trí, xác định đúng chỗ; phát hiện vị trí","(từ Mỹ,nghĩa Mỹ) đặt vào một vị trí","(từ Mỹ,nghĩa Mỹ) đặt vị trí (để thiết lập đường xe lửa, xây dựng nhà cửa...)"
nowhere,'nouweə,"không nơi nào, không ở đâu",không được đến,
burn,bə:n,(Ê-cốt) (thơ ca) dòng suối,"vết cháy, vết bỏng","đốt, đốt cháy, thiêu, thắp, nung; làm bỏng"
cell,sel,phòng nhỏ,xà lim,lỗ tổ ong
through,θru:,"qua, xuyên qua, suốt","do, vì, nhờ, bởi, tại","qua, xuyên qua, suốt, từ đầu đến cuối"
screening,,sự chiếu một bộ phim (một chương trình ),,
doc,dɔk,(thông tục) thầy thuốc,,
killing,'kiliɳ,"sự giết chóc, sự tàn sát","(từ Mỹ,nghĩa Mỹ),  (thông tục) món lãi vớ bở; sự thành công bất thình lình","giết chết, làm chết"
indebtedness,in'detidnis,sự mắc nợ; công nợ; số tiền nợ,"sự mang ơn, sự hàm ơn",
dirt,də:t,đâm bằng dao găm,"đồ bẩn thỉu, đồ dơ bẩn, đồ dơ dáy",bùn nhão; ghét
marble,'mɑ:bl,"đá hoa, cẩm thạch",(số nhiều) hòn bi,"(số nhiều) (từ Mỹ,nghĩa Mỹ),  (từ lóng) sự hiểu lý lẽ"
pond,pɔnd,ao,(đùa cợt) biển,"(+ back,  up) ngăn, be bờ (dòng nước...) để giữ nước"
accompany,ə'kʌmpəni,"đi theo, đi cùng, đi kèm, hộ tống","phụ thêm, kèm theo","(âm nhạc) đệm (đàn, nhạc)"
pressing,'presiɳ,"thúc bách, cấp bách, cấp thiết gấp","nài nỉ, nài ép",
stuck,stick,cái gậy,que củi,"cán (ô, gươm, chổi...)"
distinctly,dis'tiɳktli,riêng biệt,"rõ ràng, rành mạch, minh bạch, rõ rệt",
sickness,'siknis,sự đau yếu; bệnh hoạn,bệnh,sự buồn nôn; sự nôn mửa
slip,slip,sự trượt chân,"điều lầm lỗi; sự lỡ (lời...), sự sơ suất","áo gối, áo choàng; váy trong,  coocxê; tạp dề"
rolling,'rɔlikiɳ,"(kỹ thuật) sự lăn, sự cán","sự tròng trành, sự lắc lư nghiêng ngả","tiếng vang rền (sấm, trống...)"
destructive,dis'trʌktiv,"phá hoại, phá huỷ, tàn phá, huỷ diệt","tiêu cực, không xây dựng (chính sách, lời bình...)",
rounded,,bị làm thành tròn,phát triển đầy đủ,
disabled,,người tàn tật,,
capture,'kæptʃə,"sự bắt giữ, sự bị bắt","sự đoạt được, sự giành được","người bị bắt, vật bị bắt"
packing,'pækiɳ,"sự gói đồ, sự đóng kiện, sự đóng gói, sự xếp hàng vào bao bì",bao bì,"sự xếp chặt, sự ních vào"
enabling,,(Tech) khả dụng; khai thông mạch; cho phép,,
photographic,",foutə'græfik",(thuộc) thợ chụp ảnh,như chụp ảnh,
resting,,(thực vật học) nghỉ ngơi; có vẻ không sinh trưởng; (sinh vật học) không hoạt động tích cực,,
steep,sti:p,dốc,"(thông tục) quá quắt, không biết đều","ngoa, phóng đại, không thể tin được"
staring,'steəriɳ,nhìn chằm chằm,"lồ lộ, đập vào mắt",
pumping,,sự bơm,,
useless,'ju:slis,"vô ích, vô dụng; không dùng được",(từ lóng) không khoẻ; không phấn khởi; vứt đi,
donor,'dounə,"người cho, người tặng, người biếu; người quyên cúng",,
insist,in'sist,"cứ nhất định; khăng khăng đòi, cố nài","nhấn đi nhấn lại, nhấn mạnh (một điểm trong lập luận...); khẳng định tính chất chính nghĩa của sự nghiệp mình",
lightly,'laitli,"nhẹ, nhẹ nhàng",,
vague,veig,"mơ hồ, lờ mờ, mập mờ",lơ đãng (cái nhìn...),
patience,'peiʃəns,"tính kiên nhẫn, tính nhẫn nại; sự bền chí, sự nhẫn nại",sự chịu đựng,lối đánh bài paxiên (một người)
shame,ʃeim,"sự thẹn, sự ngượng; sự hổ thẹn, sự tủi thẹn","điều xấu hổ, mối nhục","làm tủi thẹn, làm xấu hổ, làm nhục nhã; là mối nhục cho"
govern,'gʌvən,"cai trị, thống trị, cầm quyền (một nước)","quản trị, quản lý, lânh đạo (một thành phố, một xí nghiệp); cai quản (gia đình...); chỉ huy (một pháo đài)","khống chế, kiềm chế, đè nén (một dục vọng...)"
willingness,'wili nis,"sự bằng lòng, sự vui lòng","sự sẵn sàng, sự sốt sắng",sự tự nguyện
attain,ə'tein,"đến tới, đạt tới",,
negotiation,"ni,gouʃi'eiʃn","sự điều đình, sự đàm phán, sự thương lượng, sự dàn xếp","sự đổi thành tiền, sự đổi lấy tiền, sự trả bằng tiền (chứng khoán, hối phiếu, ngân phiếu)",sự vượt qua (khó khăn...)
advance,əd'vɑ:ns,"sự tiến lên, sự tiến tới, sự tiến bộ","sự đề bạt, sự thăng, chức",sự tăng giá
stretched,,bị kéo; bị căng; vuốt dài,,
parental,pə'rentl,(thuộc) cha mẹ,,
motive,'moutiv,"vận động, chuyển động","cớ, lý do, động cơ (của một hành động)",(như) motif
positively,'pɔzətivli,"xác thực, rõ ràng","quả quyết, khẳng định, chắc chắn",tích cực
monitor,'mɔnitə,"trưởng lớp, cán bộ lớp (ở trường học)",(hàng hải) tàu chiến nhỏ,"người chuyên nghe và ghi các buổi phát thanh, hiệu thính viên"
stationary,'steiʃnəri,"đứng ở một chỗ, không di chuyển, tĩnh lại, dừng","không mang đi được, để một chỗ","đứng, không thay đổi"
vain,vein,"vô hiệu, không có kết quả, vô ích","hão, hão huyền","rỗng, rỗng tuếch"
librarian,lai'breəriən,"người công tác thư viện, cán bộ thư viện",,
arrow,'ærou,"tên, mũi tên",vật hình tên,còn một mũi tên trong ống tên; (nghĩa bóng) còn phương tiện dự trữ
improper,im'prɔpə,"không hợp, không thích hợp, không đúng lúc, không đúng chỗ; không phải lỗi, không phải phép, không ổn","sai, không đúng","không lịch sự, không đứng đắn, không chỉnh"
sensation,sen'seiʃn,cảm giác,"sự xúc động mạnh; sự làm quần chúng xúc động mạnh, tin giật gân",
giant,'dʤaiənt,người khổng lồ; cây khổng lồ; thú vật khổng lồ,người phi thường,khổng lồ
derive,di'raiv,"nhận được từ, lấy được từ, tìm thấy nguồn gốc từ","từ (đâu mà ra), chuyển hoá từ, bắt nguồn từ",
officially,ə'fiʃəli,chính thức,,
socially,'souʃəli,chung cho xã hội,với tính chất xã hội,
triumph,'traiəmf,"chiến thắng lớn, thắng lợi lớn; thành công lớn","niềm vui chiến thắng, niềm vui thắng lợi, niềm hân hoan","(sử học) lễ khải hoàn, lễ mừng chiến thắng"
wagon,'wægən,"xe ngựa, xe bò (chở hàng)",(ngành đường sắt) toa trần (chở hàng),(ngành mỏ) xe goòng
delight,di'lait,"sự vui thích, sự vui sướng","điều thích thú, niềm khoái cảm",làm cho vui thích
deprived,,"túng quẫn, thiếu thốn",,
broadcast,'brɔ:dkɑ:st,được tung ra khắp nơi; được gieo rắc (hạt giống...),"được truyền đi rộng rãi (tin tức...); qua đài phát thanh, được phát thanh",tung ra khắp nơi
lawful,'lɔ:ful,"hợp pháp, đúng luật",chính thống,
designer,di'zainə,"người phác hoạ, người vẽ kiểu, người phác thảo cách trình bày (một quyển sách...), người trang trí (sân khấu...), người thiết kế (vườn, công viên...)",,
laugh,lɑ:f,tiếng cười,"cười, cười vui, cười cợt","cười, cười nhạo, cười coi thường"
landlord,'lændlɔ:d,chủ nhà (nhà cho thuê),"chủ quán trọ, chủ khách sạn",địa ch
hang,hæɳ,"sự cúi xuống, sự gục xuống","dốc, mặt dốc",cách treo (một vật gì)
calm,kɑ:m,"êm đềm, lặng gió (thời tiết); lặng, không nổi sóng (biển)","bình tĩnh, điềm tĩnh","(thông tục) trơ tráo, vô liêm sỉ, không biết xấu hổ"
react,ri:'ækt,"tác động trở lại, ảnh hưởng trở lại, phản ứng lại",(vật lý); (hoá học) phản ứng,"(+ against) chống lại, đối phó lại"
stupid,'stju:pid,"ngu dại, ngu đần, đần độn, ngớ ngẩn","ngẩn người ra, ngây ra, mụ đi","chán, buồn"
nuclei,'nju:kliəs,"tâm, trung tâm ((nghĩa đen) & (nghĩa bóng))",(sinh vật học) nhân (tế bào),(thực vật học) hạch (của quả hạch)
magnificent,mæg'nifisnt,"tráng lệ, nguy nga, lộng lẫy","(thông tục) rất đẹp, cừ, chiến",
barrel,'bærəl,"thùng tròn, thùng rượu",(một) thùng (lượng chứa trong thùng),"thùng (đơn vị đo dung tích, chừng 150 lít)"
bomb,bɔm,quả bom,ném một quả bom vào,"(nghĩa bóng) gây sự xôn xao, gây sự chấn động lớn"
upward,' pw d,"đi lên, hướng lên, lên","lên, hướng lên, đi lên, về phía trên","hn, trên"
boots,bu:ts,người đánh giày (ở khách sạn),người khuân hành lý (ở khách sạn),
desperate,'despərit,"liều mạng, liều lĩnh","không còn hy vọng, tuyệt vọng","dữ dội, kinh khủng, ghê gớm"
beloved,bi'lʌvd,"được yêu mến, được yêu quý",người yêu dấu; người yêu quý,
lift,lift,"sự nâng lên, sự nhấc lên; sự nâng cao, sự nhấc cao",máy nhấc,thang máy
faint,feint,uể oải; lả (vì đói),e thẹn; nhút nhát,yếu ớt
faithful,'feiθfuli,"trung thành, chung thuỷ, trung nghĩa",có lương tâm,đáng tin cậy
excellence,'eksələns,"sự trội hơn, sự xuất sắc, sự ưu tú; tính ưu tú","điểm trội, sở trường",
egyptian,i'dʤipʃn,(thuộc) Ai-cập,danh từ,người Ai-cập
per,pə:,mỗi,"bởi, bằng, qua","do (ai làm, gửi...), theo"
unpaid,'ʌn'peid,"(tài chính) không trả, không thanh toán","không trả công, không trả lương","không trả bưu phí, không dán tem (thư)"
hunger,'hʌɳgə,"sự đói, tình trạng đói","(nghĩa bóng) sự ham muốn mãnh liệt, sự khao khát, sự ước mong tha thiết","đói, cảm thấy đói"
instability,",instə'biliti","tính không ổn định, tính không kiên định, tính không vững",,
cure,kjuə,"cách chữa bệnh, cách điều trị; việc chữa bệnh, việc điều trị; đợt chữa bệnh (bằng cách ăn uống cái gì... liên tục trong một thời gian)","thuốc, phương thuốc",sự lưu hoá (cao su)
unemployed,'ʌnim'plɔid,"không dùng, không được sử dụng","không có việc làm, thất nghiệp",
monument,'mɔnjumənt,"vật kỷ niệm, đài kỷ niệm, bia kỷ niệm, công trình kỷ niệm",lâu đài,lăng mộ
frozen,fri:z,"sự đông vì lạnh, sự giá lạnh; tình trạng đông vì lạnh",tiết đông giá,"sự ổn định; sự hạn định (giá cả, tiền lương...)"
auxiliary,ɔ:g'ziljəri,"phụ, bổ trợ","người giúp đỡ, người phụ tá",(ngôn ngữ học) trợ động từ
deaf,def,điếc,"làm thinh, làm ngơ","điếc đặc, điếc lòi ra"
bronze,brɔnz,đồng thiếc,"đồ bằng đồng thiếc (tượng, lọ...)",màu đồng thiếc
tent,tent,"lều, rạp, tăng","che lều, làm rạp cho","cắm lều, cắm trại, làm rạp, ở lều"
portable,'pɔ:təbl,"có thể mang theo, xách tay",di động,
comedy,'kɔmidi,"kịch vui, hài kịch",thể kịch nói thông thường,thể kịch nói cổ Hy-lạp (có nhiều trò hề và có tính chất chính trị)
dare,deə,sự dám làm,sự thách thức,"dám, dám đương đầu với"
tightly,'taitli,"chặt chẽ, sít sao ((nghĩa đen) & (nghĩa bóng))",,
observing,əb'zə:viɳ,"có khả năng nhận xét, hay quan sát",,
straw,strɔ:,rơm,"nón rơm, mũ rơm","cọng rơm, ống rơm (để hút nước chanh, nước cam...)"
endless,'endlis,"vô tận, vĩnh viễn, không bao giờ hết","không ngừng, liên tục",
commencement,kə'mensmənt,"sự bắt đầu, sự khởi đầu","lễ phát bằng (trường đại học Căm-brít,  Đơ-blin và Mỹ)",
assign,ə'sain,"(pháp lý) người được quyền thừa hưởng (tài sản, quyền lợi)","phân (việc...), phân công","ấn định, định"
fitness,'fitnis,"sự thích hợp, sự phù hợp, sự vừa vặn; sự xứng dáng","sự đúng, sự phải",tình trạng sung sức
ink,iɳk,"mực (để viết, in)",nước mực (của con mực),đánh dấu mực; bôi mực vào (chữ in)
stir,stə:,"(từ lóng) nhà tù, trại giam","sự khuấy, sự quấy trộn",sự chuyển động
devotion,di'vouʃn,"sự hết lòng, sự tận tâm, sự tận tình, sự tận tuỵ, sự thành tâm","sự hiến dâng, sự hiến thân","lòng mộ đạo, lòng sùng đạo; sự sùng bái"
install,in'stɔ:l,"đặt (hệ thống máy móc, hệ thống sưởi...); đặt (ai) vào (nơi nào, tình trạng nào...)",làm lễ nhậm chức cho (ai),
terrorism,'terərizm,chính sách khủng bố,,
overwhelming,",ouvə'welmiɳ",tràn ngập,"quá mạnh, át hẳn, không chống lại được",
favourable,'feivərəbl,"có thiện chí, thuận, tán thành",thuận lợi,"hứa hẹn tốt, có triển vọng"
controversial,",kɔntrə'və:ʃəl","có thể gây ra tranh luận, có thể bàn cãi được (vấn đề...)","ưa tranh cãi, thích tranh luận (người)","một nhân vật được mọi người bàn đến nhiều, một nhân vật lắm kẻ ưa nhưng cũng nhiều người ghét"
critic,'kritik,nhà phê bình (văn nghệ),người chỉ trích,
convince,kən'vins,"làm cho tin, làm cho nghe theo, thuyết phục","làm cho nhận thức thấy (sai lầm, tội lỗi...)",
pause,pɔ:z,"sự tạm nghỉ, sự tạm ngừng",sự ngập ngừng,"sự ngắt giọng (trong khi đang nói, đang đọc); chỗ ngắt giọng, chỗ ngắt"
orbit,'ɔ:bit,(giải phẫu) ổ mắt,"(sinh vật học) mép viền mắt (chim, sâu bọ)",quỹ đạo
cruel,'kruili,"độc ác, dữ tợn, hung ác, ác nghiệt, tàn ác, tàn bạo, tàn nhẫn","hiểm nghèo, tàn khốc, thảm khốc",
forbidden,fə'bid,"cấm, ngăn cấm",lạy trời đừng có chuyện đó,
loyal,'lɔiəl,"trung thành, trung nghĩa, trung kiên","người trung nghĩa, người trung kiên",
basement,'beismənt,"nền móng, móng (của một bức tường...)",tầng hầm,
attraction,ə'trækʃn,(vật lý) sự hú; sức hút,"sự thu hút, sự hấp dẫn, sự lôi cuốn; sức hấp dẫn, sức lôi cuốn","cái thu hút, cái hấp dẫn, cái lôi cuốn"
surprisingly,,"làm ngạc nhiên, làm kinh ngạc; đáng sửng sốt",,
deserve,di'zə:v,"đáng, xứng đáng",,
risen,raiz,"sự lên, sự đưa lên, sự kéo lên, sự dâng; lên, sự tăng lên",sự tăng lương,"sự thăng (cấp bậc), sự tiến lên (địa vị xã hội...)"
humor,,"sự hài hước, sự hóm hỉnh","khả năng nhận thức được cái hài hước; khả năng nhận thức được cái hóm hỉnh, sự biết hài hước, sự biết đùa","tính khí, tâm trạng"
despair,dis'peə,"sự thất vọng; nỗi thất vọng, nỗi tuyệt vọng","hết hy vọng, thất vọng, tuyệt vọng",
alcoholic,",ælkə'hɔlik",(thuộc) rượu; có chất rượu; gây nên bởi rượu,người nghiện rượu,
forcing,,"sự bắt buộc, sự cưỡng, sự thúc",,
sculpture,'skʌlptʃə,"thuật điêu khắc, thuật chạm trổ",công trình điêu khắc,"(sinh vật học) đường vân, nét chạm (trên vỏ sò...)"
restrict,ris'trikt,"hạn chế, giới hạn, thu hẹp",,
fortunate,'fɔ:tʃnit,"may mắn, có phúc, tốt số","tốt, thuận lợi",
lately,'leitli,"cách đây không lâu, mới gần đây",,
harbour,'hɑ:bə,"bến tàu, cảng",(nghĩa bóng) nơi an toàn; nơi ẩn náu,"chứa chấp; che giấu, cho ẩn náu"
forehead,'fɔrid,trán,,
gesture,'dʤestʃə,"điệu bộ, cử chỉ, động tác",hành động dễ gợi sự đáp lại; hành động để tỏ thiện ý,"làm điệu bộ, diễn tả bằng điệu bộ, khoa tay múa chân"
rescue,'reskju:,"sự giải thoát, sự cứu, sự cứu nguy",(pháp lý) sự phong thích không hợp pháp tù nhân,(pháp lý) sự cưỡng đoạt lại (tài sản)
hip,hip,(giải phẫu) hông,(kiến trúc) mép bờ (mái nhà),thắng thế ai
amazing,ə'meiziɳ,"làm kinh ngạc, làm sửng sốt, làm hết sức ngạc nhiên",,
tire,'taiə,(như) tyre,"làm mệt mỏi, làm mệt nhọc",làm chán
respectfully,,"lễ phép; kính cẩn, bày tỏ sự kính trọng",,
casual,'kæʤjuəl,"tình cờ, bất chợt, ngẫu nhiên, vô tình, không có chủ định","(thông tục) tự nhiên, không trịnh trọng, bình thường, thường","vô ý tứ, cẩu thả; tuỳ tiện"
decedent,di'si:dənt,"(từ Mỹ,nghĩa Mỹ) người đã chết",,
curiosity,",kjuəri'ɔsiti",sự ham biết; tính ham biết,"sự tò mò; tính tò mò, tính hiếu kỳ","vật kỳ lạ, vật hiếm, vật quý, cảnh lạ"
prescription,pris'kripʃn,"sự ra lệnh, sự truyền lệnh, sự sai khiến","mệnh lệnh, sắc lệnh",(y học) sự cho đơn; đơn thuốc
pottery,'pɔtəri,đồ gốm,nghề làm đồ gốm,xưởng làm đồ gốm
procedural,procedural,theo thủ tục,,
sliding,,sự trượt,dễ trượt,
viewpoint,,"chỗ đứng nhìn tốt, chỗ dễ nhìn","quan điểm, điểm nhìn",
detention,di'tenʃn,"sự giam cầm, sự cầm tù; tình trạng bị giam cầm, tình trạng bị cầm tù",sự phạt không cho ra ngoài; sự bắt ở lại trường sau khi tan học,"sự cầm giữ (tài sản, đồ vật...)"
incorrect,",inkə'rekt","không đúng, không chỉnh, sai",còn đầy lỗi (sách đưa in...),không đứng đắn (thái độ)
poetic,pou'etik,"(thuộc) thơ, (thuộc) thơ ca; (thuộc) nhà thơ","hợp với thơ, hợp với nhà thơ","có chất thơ, đầy thi vị, nên thơ"
poison,'pɔizn,"chất độc, thuốc độc","(nghĩa bóng) thuyết độc hại, thuyết đầu độc",ghét nhau như đào đất đổ đi
accessories,,"(Tech) phụ tùng, bộ phụ, phụ kiện [TQ]",,
negotiate,ni'gouʃieit,"(thương nghiệp),  (chính trị) điều đình, đàm phán, thương lượng, dàn xếp","đổi thành tiền, chuyển nhượng cho người khác để lấy tiền, trả bằng tiền (chứng khoán, hối phiếu, ngân phiếu)","vượt qua được (vật chướng ngại, khó khăn...)"
hire,'haiə,sự thuê; sự cho thuê,"(từ Mỹ,nghĩa Mỹ) sự mướn (nhân công)",tiền thuê; tiền trả công; tiền thưởng
gratitude,'grætitju:d,"lòng biết ơn, sự nhớ ơn",,
lightning,'laitniɳ,"chớp, tia chớp",,
adviser,əd'vaizə,"người khuyên bảo, người chỉ bảo, cố vấn",,
charging,,(Tech) nạp; tính tiền,,
thumb,θʌm,ngón tay cái,ngón tay cái của găng tay,"bị ai thống trị, bị ai kiềm chế; ở dưới quyền ai"
abandon,/əˈbændən/,sự phóng túng,sự tự do,sự buông thả
aboard,/əˈbɔɹd/,dọc theo,gần,kế
absorb,/əbˈzɔɹb/,hút,hút thu (nước),
accent,/ˈækˌsɛnt/,trọng âm,,
accessory,/ækˈsɛsɝi/,đồ phụ tùng,vật phụ thuộc,đồ thêm vào
accidental,/ˌæksəˈdɛnəɫ/,tình cờ,ngẫu nhiên,bất ngờ
accidentally,/ˌæksəˈdɛnəɫi/,tình cờ,ngẫu nhiên,
accountant,/əˈkaʊntənt/,nhân viên kế toán,người giữ sổ sách kế toán,
accuse,/əkˈjuz/,buộc tội,kết tội,tố cáo
accustom,/əˈkəstəm/,làm cho quen,tập cho quen,
ache,/ˈeɪk/,sự đau,sự nhức*  nội động từ,
acknowledgment,/ækˈnɑɫɪdʒmənt/,sự nhận,sự công nhận,sự thừa nhận
acquaintance,/əˈkweɪntəns/,sự biết,sự hiểu biết,
actress,/ˈæktɹəs/,nữ diễn viên,đào hát,
ad,/ˈæd/,(viết tắt) của advertisement,,
addressee,/ˌædɹɛˈsi/,người nhận (thư...),,
admiration,/ˌædmɝˈeɪʃən/,sự cảm thán,,
adorable,/əˈdɔɹəbəɫ/,đáng kính yêu,đáng quý mến,đáng yêu
adverb,/ˈædvɝb/,phó từ,,
adverbial,/ædˈvɝbiəɫ/,(thuộc) phó từ,có tính chất phó từ,
advert,/ˈædvɝt/,ám chỉ (nói hoặc viết),nói đến,kể đến
advertise,/ˈædvɝˌtaɪz/,báo cho biết,báo cho ai biết trước,
aerobics,/ɝˈoʊbɪks/,thể dục nhịp điệu,,
afterward,/ˈæftɝwɝd/,sau này,về sau,sau đấy
airline,/ˈɛɹˌɫaɪn/,công ty hàng không,,
allergic,/əˈɫɝdʒɪk/,dị ứng,,
aloud,/əˈɫaʊd/,lớn tiếng to,,
alphabet,/ˈæɫfəˌbɛt/,bảng chữ cái,hệ thống chữ cái,
ambitious,/æmˈbɪʃəs/,có nhiều hoài bão,có nhiều khát vọng,
ambulance,/ˈæmbjəɫəns/,xe cứu thương,xe cấp cứu,
amusing,/əmˈjuzɪŋ/,vui,làm cho buồn cười,giải trí
animated,/ˈænəˌmeɪtɪd/,đầy sức sống,đầy sinh khí,
animation,/ˌænəˈmeɪʃən/,lòng hăng hái,nhiệt tình,sự cao hứng
announce,/əˈnaʊns/,báo,loan báo,thông tri
annoyance,/əˈnɔɪəns/,sự làm rầy,sự quấy rày,sự làm phiền
annoyed,/əˈnɔɪd/,bị trái ý,khó chịu,bực mình
ant,/ˈænt/,con kiến,,
antique,/ænˈtik/,cổ,cổ xưa,theo lối cổ
anxiously,/ˈæŋkʃəsɫi/,áy náy,lo âu,lo lắng
anyhow,/ˈɛniˌhaʊ/,thế nào cũng được,cách nào cũng được,
ape,/ˈeɪp/,khỉ không đuôi,khỉ hình người,
apology,/əˈpɑɫəˌdʒi/,lời biện bạch,lời biện giải,
appetite,/ˈæpəˌtaɪt/,sự ngon miệng,sự thèm ăn,
applaud,/əˈpɫɔd/,vỗ tay hoan nghênh,vỗ tay tán thưởng,khen ngợi
applause,/əˈpɫɔz/,tiếng vỗ tay khen ngợi,sự hoan nghênh,sự tán thưởng
arithmetic,/ˌɛɹɪθˈmɛtɪk/,số học,,
ashamed,/əˈʃeɪmd/,xấu hổ,hổ thẹn,ngượng
aspirin,/ˈæspɹɪn/,atpirin,,
astronomer,/əˈstɹɑnəmɝ/,nhà thiên văn học,,
athletic,/æθˈɫɛtɪk/,có tính chất lực sĩ,lực lưỡng,khoẻ mạnh
attach,/əˈtætʃ/,gắn,dán,trói buộc
avenue,/ˈævəˌnu/,đại lộ,,
awesome,/ˈɑsəm/,đáng kinh sợ,làm khiếp sợ,làm kinh hoàng
awkward,/ˈɑkwɝd/,vụng về,,
backache,/ˈbæˌkeɪk/,chứng đau lưng,,
backpack,/ˈbækˌpæk/,cái ba lô đeo trên vai,,
bacon,/ˈbeɪkən/,thịt lưng lợn muối xông khói,thịt hông lợn muối xông khói,
baggage,/ˈbæɡədʒ/,hành lý,,
baker,/ˈbeɪkɝ/,người làm bánh mì,,
bakery,/ˈbeɪkɝi/,lò bánh mì,,
bald,/ˈbɔɫd/,hói (đầu),,
bandage,/ˈbændɪdʒ/,băng (để băng vết thương,bịt mắt...)*  ngoại động từ,
bang,/ˈbæŋ/,cắt (tóc) ngang trán*  danh từ,,
bark,/ˈbɑɹk/,tiếng sủa,,
barman,/ˈbɑɹmən/,người phục vụ ở quán rượu,,
basin,/ˈbeɪsən/,cái chậu,,
bathe,/ˈbeɪð/,sự tắm (ở hồ,sông,biển
beard,/ˈbɪɹd/,râu (người),(thực vật học) râu hạt thóc,
beast,/ˈbist/,thú vật,súc vật,
beautifully,/ˈbjutəfɫi/,tốt đẹp,đáng hài lòng,
beaver,/ˈbivɝ/,con hải ly,,
bedside,/ˈbɛdˌsaɪd/,cạnh giường,,
behave,/bɪˈheɪv/,ăn ở,đối xử,cư xử
beneath,/bɪˈniθ/,ở dưới thấp,ở dưới*  giới từ,
bet,/ˈbɛt/,sự đánh cuộc,,
bilingual,/baɪˈɫɪŋɡwəɫ/,người nói hai thứ tiếng,,
bin,/ˈbɪn/,thùng,,
biochemistry,/ˌbaɪoʊˈkɛməstɹi/,hoá sinh,,
bleed,/ˈbɫid/,chảy máu,mất máu,
blend,/ˈbɫɛnd/,trộn lẫn,pha trộn,
bless,/ˈbɫɛs/,giáng phúc,ban phúc,
blessing,/ˈbɫɛsɪŋ/,phúc lành,,
blush,/ˈbɫəʃ/,sự đỏ mặt (vì thẹn),,
boast,/ˈboʊst/,lời nói khoác,,
boldly,/ˈboʊɫdɫi/,táo bạo,liều lĩnh,
boot,/ˈbut/,to boot thêm vào đó,nữa*  danh từ,
boredom,/ˈbɔɹdəm/,nỗi buồn tẻ,nỗi buồn chán,
bounce,/ˈbaʊns/,sự nảy lên,sự bật lên,
bow,/ˈbaʊ/,cái cung,,
boxing,/ˈbɑksɪŋ/,quyền thuật,quyền Anh,
bracelet,/ˈbɹeɪsɫət/,vòng tay,xuyến,
brand-new,/ˈbɹændˌnu/,mới toanh,,
bravely,/ˈbɹeɪvɫi/,dũng cảm,gan góc,
breakthrough,/ˈbɹeɪkˌθɹu/,sự chọc thủng phòng tuyến,,
breathless,/ˈbɹɛθɫəs/,hết hơi,hổn hển,không kịp thở
brick,/ˈbɹɪk/,gạch,,
brightly,/ˈbɹaɪtɫi/,sáng chói,,
broccoli,/ˈbɹɑkəɫi/,cây bông cải xanh,,
brotherhood,/ˈbɹəðɝˌhʊd/,tình anh em,,
bubble,/ˈbəbəɫ/,bong bóng,bọt,tăm
buddy,/ˈbədi/,(thông tục) bạn thân,,
builder,/ˈbɪɫdɝ/,người xây dựng,,
bull,/ˈbʊɫ/,bò đực,,
bullet,/ˈbʊɫət/,đạn (súng trường,súng lục),
bump,/ˈbəmp/,tiếng vạc kêu*  nội động từ,,
bunch,/ˈbəntʃ/,búi,chùm,bó
burden,/ˈbɝdən/,sức chở,trọng tải (của tàu),
bureau,/ˈbjʊɹoʊ/,cục,nha,vụ
burglar,/ˈbɝɡɫɝ/,kẻ trộm đêm,kẻ trộm bẻ khoá,kẻ trộm đào ngạch
burst,/ˈbɝst/,sự nổ tung,sự vỡ tung,tiếng nổ (bom)
bust,/ˈbəst/,tượng nửa người,,
butcher,/ˈbʊtʃɝ/,người hàng thịt,đồ tễ,
cabbage,/ˈkæbədʒ/,cải bắp,,
cabin,/ˈkæbən/,cabin,buồng ngủ (ở tàu thuỷ,máy bay)
cage,/ˈkeɪdʒ/,lồng,chuồng,cũi
calculator,/ˈkæɫkjəˌɫeɪtɝ/,người tính,,
calf,/ˈkæf/,con bê,,
caller,/ˈkɔɫɝ/,người đến thăm,người gọi*  tính từ,
calmness,/ˈkɑɫmnəs/,sự yên lặng,sự bình tĩnh,sự điềm tĩnh
camel,/ˈkæməɫ/,lạc đà,,
campsite,/ˈkæmpˌsaɪt/,địa điểm cắm trại,,
cancel,/ˈkænsəɫ/,sự xoá bỏ,sự huỷ bỏ,sự bãi bỏ
candle,/ˈkændəɫ/,cây nến,,
canned,/ˈkænd/,được đóng hộp,,
canteen,/kænˈtin/,căng tin,,
capsule,/ˈkæpsəɫ/,quả nang,,
careless,/ˈkɛɹɫəs/,vô tư,không lo nghĩ,
carelessly,/ˈkɛɹɫəsɫi/,cẩu thả,thiếu thận trọng,bất cẩn
carelessness,/ˈkɛɹɫəsnəs/,sự thiếu thận trọng,sự cẩu thả,sự vô ý
carpet,/ˈkɑɹpət/,tấm thảm,,
carton,/ˈkɑɹtən/,hộp bìa cứng (đựng hàng),,
categorize,/ˈkætəɡɝˌaɪz/,chia loại,phân loại,
cautious,/ˈkɔʃəs/,thận trọng,cẩn thận,
celebrity,/səˈɫɛbɹɪti/,sự nổi danh,sự nổi tiếng,danh tiếng
challenging,/ˈtʃæɫəndʒɪŋ/,kích thích,,
champion,/ˈtʃæmpiən/,người vô địch,nhà quán quân,
chaos,/ˈkeɪɑs/,thời đại hỗn nguyên,thời đại hỗn mang,
characterize,/ˈkɛɹəktɝˌaɪz/,biểu thị đặc điểm,mô tả đặc điểm,định rõ đặc điểm
chariot,/ˈtʃɛɹiət/,chở bằng xe ngựa,,
charity,/ˈtʃɛɹɪti/,lòng nhân đức,lòng từ thiện,lòng thảo
charm,/ˈtʃɑɹm/,sức mê hoặc,,
chase,/ˈtʃeɪs/,sự theo đuổi,sự đuổi theo,sự săn đuổi
cheerful,/ˈtʃɪɹfəɫ/,vui mừng,phấn khởi,hớn hở
chemist,/ˈkɛmɪst/,nhà hoá học,,
cherish,/ˈtʃɛɹɪʃ/,yêu mến,yêu thương,yêu dấu
choir,/ˈkwaɪɝ/,đội hợp xướng,đội hợp ca (của nhà thờ),
choke,/ˈtʃoʊk/,lõi rau atisô,,
chronological,/ˌkɹɑnəˈɫɑdʒɪkəɫ/,niên đại học,theo thứ tự niên đại,theo thứ tự thời gian
chuckle,/ˈtʃəkəɫ/,tiếng cười khúc khích,nụ cười thầm,
circus,/ˈsɝkəs/,rạp xiếc,,
classify,/ˈkɫæsəˌfaɪ/,phân loại,,
cliff,/ˈkɫɪf/,vách đá (nhô ra biển),,
climber,/ˈkɫaɪmɝ/,người leo trèo,người leo núi,
clip,/ˈkɫɪp/,cái ghim,cái cặp,cái kẹp
cod,/ˈkɑd/,cá tuyết,cá moruy*  động từ,
coffin,/ˈkɔfɪn/,áo quan,quan tài,
collar,/ˈkɑɫɝ/,cổ áo,,
columnist,/ˈkɑɫəmnəst/,người chuyên giữ một mục báo,,
comedian,/kəˈmidiən/,diễn viên kịch vui,người đóng kịch vui,
comet,/ˈkɑmət/,sao chổi,,
comma,/ˈkɑmə/,dấu phẩy,,
competitor,/kəmˈpɛtətɝ/,người cạnh tranh,đấu thủ,đối thủ
complement,/ˈkɑmpɫəmənt/,phần bù,phần bổ sung,
complicate,/ˈkɑmpɫəˌkeɪt/,làm phức tạp,làm rắc rối,
compliment,/ˈkɑmpɫəmɛnt/,lời khen,lời ca tụng,
compose,/kəmˈpoʊz/,soạn,sáng tác,làm
confusing,/kənˈfjuzɪŋ/,khó hiểu,gây bối rối,
congratulate,/kənˈɡɹætʃəˌɫeɪt/,chúc mừng,khen ngợi,
conquer,/ˈkɑŋkɝ/,đoạt,xâm chiếm,chiến thắng
consonant,/ˈkɑnsənənt/,thuận tai,êm ái,du dương
consume,/kənˈsum/,thiêu,đốt,cháy hết
continual,/kənˈtɪnjuəɫ/,liên tục,liên miên,
cough,/ˈkɑf/,chứng ho,sự ho,tiếng ho
countless,/ˈkaʊntɫəs/,vô số,vô kể,không đếm xuể
courageous,/kɝˈeɪdʒəs/,can đảm,dũng cảm,
crash,/ˈkɹæʃ/,vải thô (làm khăn lau...),,
creator,/kɹiˈeɪtɝ/,người sáng tạo,người tạo nên,
crossroads,/ˈkɹɔsˌɹoʊdz/,nơi hai đường gặp và cắt nhau,,
crow,/ˈkɹoʊ/,con quạ,,
crush,/ˈkɹəʃ/,sự ép,sự vắt,sự nghiến
cucumber,/ˈkjukəmbɝ/,cây dưa chuột,,
cultivate,/ˈkəɫtəˌveɪt/,cày cấy,trồng trọt,
curiously,/ˈkjʊɹiəsɫi/,tò mò,hiếu kỳ,
curly,/ˈkɝɫi/,quăn,xoắn,
curtain,/ˈkɝtən/,màn cửa,,
cushion,/ˈkʊʃən/,cái đệm,cái nệm,
cv,/ˌsiˈvi/,lý lịch (curriculum vitae),,
daisy,/ˈdeɪzi/,cây cúc,,
damp,/ˈdæmp/,sự ẩm ướt,không khí ẩm thấp,
dangerously,/ˈdeɪndʒɝəsɫi/,nguy hiểm,hiểm nghèo,
daze,/ˈdeɪz/,mica,,
dazzle,/ˈdæzəɫ/,ánh sáng chói,,
deadly,/ˈdɛdɫi/,làm chết người,trí mạng,chí tử
debris,/dəˈbɹi/,mảnh vỡ,mảnh vụn,
dedicate,/ˈdɛdəˌkeɪt/,cống hiến,hiến dâng,dành cho (để tưởng nhớ)
defender,/dɪˈfɛndɝ/,người che chở,người bảo vệ,
delete,/dɪˈɫit/,gạch đi,xoá đi,bỏ đi
delighted,/dɪˈɫaɪtəd/,vui mừng,hài lòng,
delightful,/dɪˈɫaɪtfəɫ/,thích thú,thú vị,làm say mê
depart,/dɪˈpɑɹt/,rời khỏi,ra đi,khởi hành
depressed,/dɪˈpɹɛst/,chán nản,thất vọng,ngã lòng
depressing,/dɪˈpɹɛsɪŋ/,làm trì trệ,làm đình trệ,
deprive,/dɪˈpɹaɪv/,lấy đi,cướp đi,tước đoạt
despite,/dɪˈspaɪt/,sự ghen ghét,sự hiềm khích,sự thù oán
detective,/dɪˈtɛktɪv/,thám tử trinh thám,,
devastate,/ˈdɛvəˌsteɪt/,tàn phá,phá huỷ,phá phách
devastating,/ˈdɛvəˌsteɪtɪŋ/,tàn phá,phá huỷ,phá phách
diagram,/ˈdaɪəˌɡɹæm/,biểu đồ,,
dial,/ˈdaɪəɫ/,mặt (người...),,
diaper,/ˈdaɪpɝ/,vải kẻ hình thoi,,
diligence,/ˈdɪɫədʒəns/,sự siêng năng,sự chuyên cần,sự cần cù*  danh từ
diligent,/ˈdɪɫɪdʒənt/,siêng năng,chuyên cần,cần cù
disable,/dɪˈseɪbəɫ/,làm cho bất lực,,
disagreement,/dɪsəˈɡɹimənt/,sự khác nhau,sự không giống nhau,
disappoint,/ˌdɪsəˈpɔɪnt/,thất ước (với ai),,
disappointment,/ˌdɪsəˈpɔɪntmənt/,sự chán ngán,sự thất vọng,
disastrous,/dɪˈzæstɹəs/,tai hại,thảm khốc,
discomfort,/dɪˈskəmfɝt/,sự khó ở,sự khó chịu,sự bực bội
discourage,/dɪˈskɝɪdʒ/,can ngăn (ai làm việc gì),,
disgusting,/dɪsˈɡəstɪŋ/,làm ghê tởm,làm kinh tởm,
dishwasher,/ˈdɪʃˌwɑʃɝ/,máy rửa bát,người rửa bát,
dissolve,/dɪˈzɑɫv/,rã ra,tan rã,phân huỷ
distribute,/dɪˈstɹɪbjut/,phân bổ,phân phối,phân phát
dive,/ˈdaɪv/,sự lặn,,
diver,/ˈdaɪvɝ/,người nhảy lao đầu xuống nước,người lặn,
diving,/ˈdaɪvɪŋ/,việc lặn dưới nước,,
divorced,/dɪˈvɔɹst/,đã ly dị,,
dj,/ˈdiˈdʒeɪ/,áo vét đi ăn tối (dinner,,
documentary,/ˌdɑkjəˈmɛnɝi/,tài liệu,(thuộc) tư liệu,
dolphin,/ˈdɑɫfən/,cá heo mỏ,,
dot,/ˈdɑt/,của hồi môn*  danh từ,,
downward,/ˈdaʊnwɝd/,xuống,đi xuống,trở xuống
doze,/ˈdoʊz/,ngủ gà ngủ gật,ngủ lơ mơ,
drag,/ˈdɹæɡ/,cái bừa lớn,cái bừa nặng,
drown,/ˈdɹaʊn/,chết đuối*  ngoại động từ,,
drunk,/ˈdɹəŋk/,say rượu,,
dude,/ˈdud/,(từ lóng) công tử bột,anh chàng ăn diện,
dump,/ˈdəmp/,vật ngắn bè bè,người lùn bè bè,
dustbin,/ˈdəstbɪn/,thùng rác,,
dusty,/ˈdəsti/,bụi rậm,đầy bụi,
dynasty,/ˈdaɪnəsti/,triều đại,triều vua,
earnest,/ˈɝnɪst/,đứng đắn,nghiêm chỉnh,
easygoing,/ˈiziˈɡoʊɪŋ/,dễ tính,vô tâm,
ecstasy,/ˈɛkstəsi/,trạng thái mê ly,,
educate,/ˈɛdʒəˌkeɪt/,giáo dục,cho ăn học,
elbow,/ˈɛɫˌboʊ/,khuỷu tay,khuỷu tay áo,
embarrass,/ɪmˈbɛɹəs/,làm lúng túng,làm ngượng nghịu,
embarrassed,/ɪmˈbɛɹəst/,lúng túng,bối rối,ngượng
embarrassment,/ɪmˈbɛɹəsmənt/,điều làm lúng túng,điều làm bối rối,điều làm ngượng
emperor,/ˈɛmpɝɝ/,hoàng đế,,
empire,/ˈɛmpaɪɝ/,đế quốc,chế chế,
enclose,/ɪnˈkɫoʊz/,vây quanh,rào quanh,
encounter,/ɪnˈkaʊnɝ/,sự gặp gỡ,sự bắt gặp,sự gặp phải
encouraging,/ɛnˈkɝɪdʒɪŋ/,làm can đảm,làm mạnh dạn,
encyclopedia,/ɪnˌsaɪkɫəˈpidiə/,bộ sách bách khoa,,
endanger,/ɛnˈdeɪndʒɝ/,gây nguy hiểm,,
endure,/ɛnˈdjʊɹ/,chịu đựng,cam chịu,chịu được*  nội động từ
englishman,/ˈɪŋɡɫɪʃmən/,người Anh (đàn ông),,
enjoyable,/ˌɛnˈdʒɔɪəbəɫ/,thú vị,thích thú,
enjoyment,/ˌɛnˈdʒɔɪmənt/,sự thích thú,sự khoái trá,
enrich,/ɛnˈɹɪtʃ/,làm giàu,làm giàu thêm,làm phong phú
entertain,/ˌɛnɝˈteɪn/,tiếp đãi,chiêu đãi,
entertainer,/ˌɛnɝˈteɪnɝ/,người tiếp đãi,người chiêu đãi,
enthusiast,/ɛnˈθuziˌæst/,người hăng hái,người có nhiệt tình,người say mê
enthusiastic,/ɪnˌθuziˈæstɪk/,hăng hái,nhiệt tình,say mê
environmentalist,/ɪnˌvaɪɹənˈmɛnəɫɪst/,nhà môi trường học,,
eternity,/iˈtɝnəti/,tính vĩnh viễn,tính bất diệt,
evenly,/ˈivənɫi/,bằng phẳng,,
excitedly,/ɪkˈsaɪtədɫi/,xúc động,,
expose,/ɪkˈspoʊz/,phơi ra,,
extinct,/ɪkˈstɪŋkt/,tắt (lửa,núi lửa...),
extinction,/ɪkˈstɪŋkʃən/,sự dập tắt,sự làm tan vỡ,sự làm mất đi
eyesight,/ˈaɪˌsaɪt/,sức nhìn,thị lực,
fade,/ˈfeɪd/,héo đi,tàn đi (cây),
fake,/ˈfeɪk/,vòng dây cáp*  ngoại động từ,,
fantasy,/ˈfænəsi/,khả năng tưởng tượng,hình ảnh tưởng tượng,
farewell,/ˌfɛɹˈwɛɫ/,tam biệt,,
farmland,/ˈfɑɹmˌɫænd/,đất chăn nuôi,trồng trọt,
farthest,/ˈfɑɹðəst/,xa nhất,,
fascinate,/ˈfæsəˌneɪt/,thôi miên,làm mê,
fashionable,/ˈfæʃənəbəɫ/,đúng mốt,hợp thời trang,lịch sự
fasten,/ˈfæsən/,buộc chặt,trói chặt,
fax,/ˈfæks/,bản fax* động từ,,
feast,/ˈfist/,bữa tiệc,yến tiệc,
ferry,/ˈfɛɹi/,bến phà,,
festive,/ˈfɛstɪv/,thuộc ngày lễ,thuộc ngày hội,
fetch,/ˈfɛtʃ/,hồn ma,vong hồn (hiện hình)*  danh từ,
feverishly,/ˈfɛvɝˌɪʃɫi/,lính quýnh,luống cuống,
firefighter,/ˈfaɪɹˌfaɪtɝ/,lính chữa cháy,,
flavor,/ˈfɫeɪvɝ/,vị ngon,mùi thơm,mùi vị
flock,/ˈfɫɑk/,cụm,túm (bông,len)
flu,/ˈfɫu/,(viết tắt) của influenza,bệnh cúm ((cũng) flue),
fluent,/ˈfɫuənt/,lưu loát,trôi chảy,viết lưu loát
fluently,/ˈfɫuəntɫi/,trôi chảy,lưu loát* phó từ,
flunk,/ˈfɫəŋk/,hỏng (thi),,
flute,/ˈfɫut/,cái sáo,,
fold,/ˈfoʊɫd/,bãi rào (nhốt súc vật),,
fond,/ˈfɑnd/,nền (bằng ren)*  tính từ,,
fondness,/ˈfɑndnəs/,sự yêu mến quá đỗi,sự yêu dấu,sự trìu mến
foolish,/ˈfuɫɪʃ/,dại dột,ngu xuẩn,xuẩn ngốc ((cũng) fool)
forecast,/ˈfɔɹˌkæst/,sự dự đoán trước,sự dự báo trước,
forgive,/fɝˈɡɪv/,tha,tha thứ,
fortnight,/ˈfɔɹtˌnaɪt/,hai tuần lễ,mười lăm ngày,
fountain,/ˈfaʊntən/,suối nước,nguồn sông,
fragment,/ˈfɹæɡmənt/,mảnh,mảnh vỡ,
freezer,/ˈfɹizɝ/,máy ướp lạnh,,
freezing,/ˈfɹizɪŋ/,giá lạnh,băng giá,rét lắm
freshman,/ˈfɹɛʃmən/,người mới bắt đầu,người mới vào nghề*  định ngữ,
friendliness,/ˈfɹɛndɫinɪs/,sự thân mật,sự thân thiết,sự thân thiện
fright,/ˈfɹaɪt/,sự hoảng sợ,,
frost,/ˈfɹɔst/,sự đông giá,,
frustrated,/ˈfɹəsˌtɹeɪtəd/,nản lòng,nản chí,
frustration,/fɹəˈstɹeɪʃən/,sự làm thất bại,sự làm hỏng,
full-time,/ˈfʊɫˌtaɪm/,trọn tháng,,
fur,/ˈfɝ/,bộ lông mao,loài thú,
furthest,/ˈfɝθəst/,xa hơn hết,xa nhất,
fuss,/ˈfəs/,sự ồn ào,sự om sòm,sự rối rít
gall,/ˈɡɔɫ/,mật,,
gardening,/ˈɡɑɹdənɪŋ/,nghề làm vườn,sự trồng vườn,
garment,/ˈɡɑɹmənt/,áo quần,,
gee,/ˈdʒi/,gee) /'dʤi:dʤi:/,,
gene,/ˈdʒin/,Gen,,
genetically,/dʒəˈnɛtɪkɫi/,về mặt di truyền học,,
genetics,/dʒəˈnɛtɪks/,di truyền học,,
gentleman,/ˈdʒɛnəɫmən/,người hào hoa phong nhã,,
gifted,/ˈɡɪftəd/,có tài,thiên tài,có năng khiếu
giggle,/ˈɡɪɡəɫ/,tiếng cười rúc rích,tiếng cười khúc khích,
ginger,/ˈdʒɪndʒɝ/,cây gừng,củ gừng,
giraffe,/dʒɝˈæf/,hươu cao c,,
glide,/ˈɡɫaɪd/,sự trượt đi,sự lướt đi,
glimpse,/ˈɡɫɪmps/,cái nhìn lướt qua,cái nhìn thoáng qua,
glint,/ˈɡɫɪnt/,tia sáng,tia sáng loé,tia lấp lánh
glorious,/ˈɡɫɔɹiəs/,vinh quang,vẻ vang,vinh dự
goalkeeper,/ˈɡoʊɫˌkipɝ/,<thể> thủ thành,người giữ gôn,
goddess,/ˈɡɑdəs/,nữ thần,,
golfer,/ˈɡɑɫfɝ/,người chơi gôn,,
goodness,/ˈɡʊdnəs/,lòng tốt,tính tốt,lòng hào hiệp
gorgeous,/ˈɡɔɹdʒəs/,rực rỡ,lộng lẫy,đẹp đẽ
gorilla,/ɡɝˈɪɫə/,con gôrila,,
gossip,/ˈɡɑsəp/,Ỡn),,
gown,/ˈɡaʊn/,áo tôga (La,,
grab,/ˈɡɹæb/,cái chộp,sự túm lấy,sự vồ lấy
graceful,/ˈɡɹeɪsfəɫ/,có duyên,duyên dáng,yêu kiều
graduation,/ˌɡɹædʒəˈweɪʃən/,sự chia độ,,
graphic,/ˈɡɹæfɪk/,đồ thị,minh hoạ bằng đồ thị,
gravy,/ˈɡɹeɪvi/,nước xốt,,
greenhouse,/ˈɡɹinˌhaʊs/,nhà kính (trồng rau,hoa),
greeting,/ˈɡɹitɪŋ/,lời chào hỏi ai,,
grill,/ˈɡɹɪɫ/,grille,,
groom,/ˈɡɹum/,người giữ ngựa,,
grouping,/ˈɡɹupɪŋ/,sự họp thành nhóm,,
guitarist,/ˌɡɪˈtɑɹɪst/,<nhạc> người chơi đàn ghita,,
gym,/ˈdʒɪm/,gymnasium,,
hairdresser,/ˈhɛɹˌdɹɛsɝ/,thợ làm tóc,thợ làm đầu,
hammer,/ˈhæmɝ/,búa,,
handball,/ˈhændˌbɔɫ/,môn bóng ném,,
hand-held,/ˈhændˌhɛɫd/,cầm tay,,
handkerchief,/ˈhæŋkɝtʃif/,khăn tay,khăn mùi soa,
handshake,/ˈhændˌʃeɪk/,cái bắt tay,,
handwriting,/ˈhænˌdɹaɪtɪŋ/,chữ viết tay,dạng chữ (của một người nào),
handy,/ˈhændi/,thuận tiện,tiện tay,vừa tầm tay
hardship,/ˈhɑɹdʃɪp/,sự gian khổ,sự thử thách gay go,
hard-working,/ˌhɑɹdhˈwɝkɪŋ/,làm việc tích cực và chu đáo,,
harness,/ˈhɑɹnəs/,bộ yên cương (ngựa),,
hasty,/ˈheɪsti/,vội,vội vàng,vội vã
hatch,/ˈhætʃ/,cửa cống,cửa đập nước,
hatred,/ˈheɪtɹəd/,lòng căm thù,sự căm hờn,sự căm ghét
haunt,/ˈhɔnt/,nơi thường lui tới,nơi hay lai vãng,
headline,/ˈhɛdˌɫaɪn/,hàng đầu,dòng đầu (trang báo),đề mục
heal,/ˈhiɫ/,chữa khỏi (bệnh...),làm lành (vết thương...),
healing,/ˈhiɫɪŋ/,để chữa bệnh,để chữa vết thương,
hearty,/ˈhɑɹti/,vui vẻ,thân mật,nồng nhiệt
heater,/ˈhitɝ/,bếp lò,lò (để sưởi,đun nước
heaven,/ˈhɛvən/,Ngọc hoàng,Thượng đế,trời
heavenly,/ˈhɛvənɫi/,trời,ở trên trời,ở thiên đường
heel,/ˈhiɫ/,gót chân,,
helmet,/ˈhɛɫmət/,mũ sắt (bộ đội,lính cứu hoả...),
helpless,/ˈhɛɫpɫəs/,không tự lo liệu được,không tự lực được,
herd,/ˈhɝd/,bầy,đàn (vật nuôi),
highlight,/ˈhaɪˌɫaɪt/,làm nổi bật,nêu bật,
homeless,/ˈhoʊmɫəs/,không cửa không nhà,vô gia cư,
honestly,/ˈɑnəsɫi/,lương thiện,,
honesty,/ˈɑnəsti/,tính lương thiện,,
honeymoon,/ˈhəniˌmun/,tuần trăng mật*  nội động từ,,
hop,/ˈhɑp/,cây hoa bia,cây hublông*  ngoại động từ,
hopeful,/ˈhoʊpfəɫ/,hy vọng,đầy hy vọng,
hopefully,/ˈhoʊpfəɫi/,đầy hy vọng,phấn khởi,
hopeless,/ˈhoʊpɫəs/,không hy vọng,thất vọng,tuyệt vọng
horizon,/hɝˈaɪzən/,chân trời,,
horn,/ˈhɔɹn/,sừng (trâu bò...),gạc hươu,nai...)
horrible,/ˈhɔɹəbəɫ/,kinh khủng,kinh khiếp,
horrify,/ˈhɔɹəˌfaɪ/,làm khiếp sợ,làm kinh khiếp,
hostel,/ˈhɑstəɫ/,nhà ký túc (của học sinh),,
housework,/ˈhaʊˌswɝk/,công việc trong nhà (nấu ăn,giặt,quét dọn)
humid,/ˈhjuməd/,ẩm,ẩm ướt,
humorous,/ˈhjumɝəs/,khôi hài,hài hước,hóm hỉnh
hurriedly,/ˈhɝidɫi/,vội vàng,hối hả,hấp tấp
hut,/ˈhət/,túp lều,,
idiom,/ˈɪdiəm/,thành ngữ,,
idol,/ˈaɪdəɫ/,tượng thần,thần tượng,
illegally,/ˌɪˈɫiɡəɫi/,bất hợp pháp,trái pháp luật,
illuminate,/ˌɪˈɫumɪnɪt/,chiếu sáng,rọi sáng,soi sáng
imaginary,/ˌɪˈmædʒəˌnɛɹi/,tưởng tượng,không có thực,ảo
imitate,/ˈɪməˌteɪt/,theo gương,noi gương,
immigrate,/ˈɪməˌɡɹeɪt/,nhập cư*  ngoại động từ,,
impair,/ˌɪmˈpɛɹ/,làm suy yếu,làm sút kém,
inconvenient,/ˌɪnkənˈvinjənt/,bất tiện,thiếu tiện nghi,phiền phức
incredible,/ˌɪnˈkɹɛdəbəɫ/,không thể tin được,,
incredibly,/ˌɪnˈkɹɛdəbɫi/,khó tin nổi,đáng kinh ngạc,đến nỗi không ngờ
indoors,/ˈɪnˌdɔɹz/,ở trong nhà,,
infinitive,/ˌɪnˈfɪnɪtɪv/,vô định*  danh từ,,
informative,/ˌɪnˈfɔɹmətɪv/,cung cấp nhiều tin tức,có nhiều tài liệu,
ingredient,/ˌɪnˈɡɹidiənt/,phần hợp thành,thành phần,
inhabitant,/ɪnˈhæbətənt/,người ở,người cư trú,dân cư
inhale,/ˌɪnˈheɪɫ/,hít vào,,
inject,/ˌɪnˈdʒɛkt/,tiêm (thuốc...),tiêm thuốc,
innermost,/ˈɪnɝˌmoʊst/,ở tận trong cùng,,
innovator,/ˈɪnəˌveɪtɝ/,người đưa vào những cái mới,người có sáng kiến về (cái gì),
insane,/ˌɪnˈseɪn/,điên,điên cuồng,mất trí
inscribe,/ˌɪnsˈkɹaɪb/,viết,khắc (chữ),ghi (chữ
inscription,/ˌɪnsˈkɹɪpʃən/,câu viết,câu khắc,câu ghi (trên bia...)
inspire,/ˌɪnˈspaɪɹ/,gây (tình cảm...) (cho ai),gây ra,xúi giục
intentionally,/ˌɪnˈtɛnʃənəɫi/,cố ý,cố tình,
interact,/ˌɪnɝˈækt/,ảnh hưởng lẫn nhau,tác động qua lại,
intermission,/ˌɪntɝˈmɪʃən/,sự ngừng,thời gian ngừng,
internationally,/ˌɪnɝˈnæʃənəɫi/,trên bình diện quốc tế,,
interrupt,/ˌɪntɝˈəpt/,làm gián đoạn,làm đứt quãng,
interviewee,/ˌɪntɝvjuˈi/,người được gặp mặt,,
involuntarily,/ˌɪnˌvɑɫənˈtɝəɫi/,không cố ý,không chủ tâm,vô tình
ironing,/ˈaɪɝnɪŋ/,sự là,,
irritate,/ˈɪɹɪˌteɪt/,làm phát cáu,chọc tức,
isle,/ˈaɪɫ/,hòn đảo nhỏ,,
ivory,/ˈaɪvɝi/,ngà (voi...),,
jade,/ˈdʒeɪd/,ngọc bích,,
jail,/ˈdʒeɪɫ/,goal,,
jar,/ˈdʒɑɹ/,vại,lọ,bình
jazz,/ˈdʒæz/,nhạc ja,,
jealous,/ˈdʒɛɫəs/,ghen tị,ghen ghét,đố kỵ
jewel,/ˈdʒuəɫ/,ngọc đá quý,,
jog,/ˈdʒɑɡ/,cái lắc nhẹ,cái xóc nhẹ,cái đẩy nhẹ
journalist,/ˈdʒɝnəɫəst/,nhà báo,,
jug,/ˈdʒəɡ/,cái bình (có tay cầm và vòi),,
juicy,/ˈdʒusi/,có nhiều nước (quả,thịt,rau...)
jumper,/ˈdʒəmpɝ/,dây néo cột buồm,,
jungle,/ˈdʒəŋɡəɫ/,rừng nhiệt đới,,
kettle,/ˈkɛtəɫ/,ấm đun nước,,
keyboard,/ˈkiˌbɔɹd/,bàn phím (pianô),bàn chữ (máy chữ),
kindness,/ˈkaɪndnəs/,sự tử tế,sự ân cần,lòng tốt
kitten,/ˈkɪtən/,mèo con,,
knit,/ˈnɪt/,đan (len,sợi...),
lamb,/ˈɫæm/,cừu con,cừu non,
lasting,/ˈɫæstɪŋ/,bền vững,lâu dài,trường cửu
latecomer,/ˈɫeɪtkəmɝ/,người đến trễ,,
launch,/ˈɫɔntʃ/,xuồng du lịch*  danh từ,,
lean,/ˈɫin/,độ nghiêng,độ dốc,
leap,/ˈɫip/,sự nhảy,,
lessen,/ˈɫɛsən/,làm nhỏ đi,làm bé đi,làm giảm đi
lettuce,/ˈɫɛtəs/,rau diếp,,
liberate,/ˈɫɪˌbɝˌeɪt/,tha,thả,giải phóng
lifelong,/ˈɫaɪˈfɫɔŋ/,suốt đời,,
lighter,/ˈɫaɪtɝ/,người thắp đèn,,
likeness,/ˈɫaɪknəs/,tính chất giống,sự giống,hình thức giống (cái gì)
limp,/ˈɫɪmp/,đi khập khiễng,,
loaf,/ˈɫoʊf/,ổ bánh mì,,
lodge,/ˈɫɑdʒ/,nhà nghỉ (ở nơi săn bắn),,
logo,/ˈɫoʊɡoʊ/,biểu trưng,,
lorry,/ˈɫɔɹi/,xe tải ((cũng) motor lorry),,
lottery,/ˈɫɑtɝi/,cuộc xổ số,,
lovingly,/ˈɫəvɪŋɫi/,âu yếm,đằm thắm,
luggage,/ˈɫəɡədʒ/,hành lý,,
lung,/ˈɫəŋ/,phổi,,
magical,/ˈmædʒɪkəɫ/,ma thuật,yêu thuật,
magician,/məˈdʒɪʃən/,thuật sĩ,pháp sư,thầy phù thuỷ
mailbox,/ˈmeɪɫˌbɑks/,hòm thư,,
mankind,/ˈmænˈkaɪnd/,loài người,nhân loại,
maple,/ˈmeɪpəɫ/,cây thích,,
mash,/ˈmæʃ/,đậu nghiền nhừ,khoai nghiền nhừ,cháo đặc
mathematician,/ˌmæθəməˈtɪʃən/,nhà toán học,,
mayor,/ˈmeɪɝ/,thị trưởng,,
mechanic,/məˈkænɪk/,thợ máy,công nhân cơ khí,
meditate,/ˈmɛdəˌteɪt/,ngẫm nghĩ,trầm ngâm*  ngoại động từ,
meditation,/ˌmɛdəˈteɪʃən/,sự ngẫm nghĩ,sự trầm ngâm,sự trầm tư mặc tưởng
mediterranean,/ˌmɛdətɝˈeɪniən/,ở giữa lục địa,cách xa biển,
melt,/ˈmɛɫt/,sự nấu chảy,sự tan,
memorable,/ˈmɛmɝəbəɫ/,đáng ghi nhớ,không quên được,
mend,/ˈmɛnd/,chỗ vá,chỗ mạng,
merchant,/ˈmɝtʃənt/,nhà buôn,lái buôn*  tính từ,
mess,/ˈmɛs/,món thịt nhừ,món xúp hổ lốn,
messy,/ˈmɛsi/,hỗn độn,lộn xộn,bừa bãi
middle-aged,/ˈmɪdəˌɫeɪɡd/,trung niên,,
minus,/ˈmaɪnəs/,trừ,,
miracle,/ˈmɪɹəkəɫ/,phép mầu,phép thần diệu,
mischief,/ˈmɪstʃəf/,trò tinh nghịch,trò tinh quái,trò láu cá
miserable,/ˈmɪzɝəbəɫ/,cực khổ,khốn khổ,khổ sở
misery,/ˈmɪzɝi/,cảnh nghèo khổ,cảnh khổ cực,
mislead,/mɪˈsɫid/,làm cho lạc đường,làm cho lạc lối,
misty,/ˈmɪsti/,mù sương,đầy sương mù,
misunderstanding,/ˌmɪsəndɝˈstændɪŋ/,sự hiểu lầm,,
monk,/ˈməŋk/,thầy tu,thầy tăng,
monster,/ˈmɑnstɝ/,quái vật,yêu quái,
mosquito,/məˈskitoʊ/,con muỗi,,
moss,/ˈmɔs/,rêu,,
motherland,/ˈməðɝˌɫænd/,quê hương,tổ quốc,
motionless,/ˈmoʊʃənɫəs/,bất động,không chuyển động,im lìm
motivate,/ˈmoʊtəˌveɪt/,thúc đẩy,làm động cơ thúc đẩy,
motorcycle,/ˈmoʊtɝˌsaɪkəɫ/,đi xe mô tô,lái xe mô tô,
motto,/ˈmɑtoʊ/,khẩu hiệu,phương châm,
mount,/ˈmaʊnt/,vơ,,
mourn,/ˈmɔɹn/,than khóc,thương tiếc,
mule,/ˈmjuɫ/,con la,,
murderer,/ˈmɝdɝɝ/,kẻ giết người,,
mustard,/ˈməstɝd/,cây mù tạc,,
nail,/ˈneɪɫ/,móng (tay,chân),móng vuốt (thú vật)
nap,/ˈnæp/,giấc ngủ chợp,giấc trưa,
narrate,/ˈnɛˌɹeɪt/,kể lại,thuật lại,
nasty,/ˈnæsti/,bẩn thỉu,dơ dáy,kinh tởm
nationalist,/ˈnæʃənəɫəst/,dân tộc chủ nghĩa,,
necklace,/ˈnɛkɫəs/,chuỗi hạt (vàng,ngọc),
nectar,/ˈnɛktɝ/,rượu tiên,,
needle,/ˈnidəɫ/,cái kim,kim (la bàn...),
nephew,/ˈnɛfju/,cháu trai (con của anh,chị,em)
nervousness,/ˈnɝvəsnəs/,tính nóng nảy,sự bực dọc,sự bồn chồn
newborn,/ˈnubɔɹn/,mới sinh,,
newcomer,/ˈnuˌkəmɝ/,người mới đến,,
nickname,/ˈnɪkˌneɪm/,tên hiệu,tên riêng,tên nhạo
niece,/ˈnis/,cháu gái (con của anh,chị,em)
nod,/ˈnɑd/,cái gật đầu,sự cúi đầu (chào),sự ra hiệu
noisily,/ˈnɔɪzəɫi/,ồn ào,huyên náo,
nor,/ˈnɔɹ/,mà... cũng không,và... không,
noticeable,/ˈnoʊtəsəbəɫ/,đáng chú ý,đáng để ý,
notorious,/noʊˈtɔɹiəs/,rõ ràng,hiển nhiên,ai cũng biết
novelist,/ˈnɑvəɫəst/,người viết tiểu thuyết,,
nutrient,/ˈnutɹiənt/,bổ,dinh dưỡng,
nutritious,/nuˈtɹɪʃəs/,bổ,có chất bổ,dinh dưỡng
ocean,/ˈoʊʃən/,đại dương,biển,
offensive,/əˈfɛnsɪv/,sự tấn công,cuộc tấn công,thế tấn công
oily,/ˈɔɪɫi/,như dầu,nhờn như dầu,trơn như dầu
old-fashioned,/ˌoʊɫdˈfæʃənd/,cũ,không hợp thời trang,
oneself,/ˌwənˈsɛɫf/,bản thân mình,tự mình,chính mình
onstage,/ˌɑnˈsteɪdʒ/,trên sân khấu,cử toạ trông thấy được,
onto,/ˈɑntu/,về phía trên,lên trên,
oppress,/əˈpɹɛs/,đè bẹp,đè nặng,
oppression,/əˈpɹɛʃən/,sự đàn áp,sự áp bức,
orchestra,/ˈɔɹkəstɹə/,ban nhạc,dàn nhạc,
orderly,/ˈɔɹdɝɫi/,thứ tự,ngăn nắp,
organ,/ˈɔɹɡən/,cơ quan,,
outdoors,/ˈaʊtˈdɔɹz/,ở ngoài trời,ở ngoài nhà*  danh từ,
outlaw,/ˈaʊtˌɫɔ/,kẻ cướp,kẻ thường xuyên phạm tội,
outward,/ˈaʊtwɝd/,đi xa hơn,đi nhanh hơn (ai)*  tính từ,
outweigh,/ˈaʊtˌweɪ/,nặng hơn,nặng quá đối với (cái gì...),
overjoyed,/ˌoʊvɝˈdʒɔɪd/,vui mừng khôn xiết,,
overnight,/ˈoʊvɝˈnaɪt/,qua đêm,,
overwhelm,/ˌoʊvɝˈwɛɫm/,chôn vùi,tràn,làm ngập
overwork,/ˌoʊvɝˈwɝk/,sự làm việc quá sức,,
owe,/ˈoʊ/,nợ,hàm ơn,
paddle,/ˈpædəɫ/,cái giầm,cánh (guồng nước),
parachute,/ˈpɛɹəˌʃut/,thả bằng dù*  nội động từ,,
paradise,/ˈpɛɹəˌdaɪs/,thiên đường,nơi cực lạc,
paralyze,/ˈpɛɹəˌɫaɪz/,làm liệt,,
parcel,/ˈpɑɹsəɫ/,gói,,
parrot,/ˈpɛɹət/,nhắc lại như vẹt,nói như vẹt,
participle,/ˈpɑɹtɪˌsɪpəɫ/,động tính từ,,
part-time,/ˈpɑɹtˈtaɪm/,không trọn ngày công,,
passport,/ˈpæsˌpɔɹt/,hộ chiếu,,
password,/ˈpæsˌwɝd/,khẩu lệnh,,
patrol,/pəˈtɹoʊɫ/,đội tuần tra,việc tuần tra,
peanut,/ˈpiˌnət/,cây lạc,củ lạc,
penniless,/ˈpɛniɫəs/,không tiền,không một đồng xu dính túi,nghèo xơ xác
penny,/ˈpɛni/,số tiền,,
performer,/pɝˈfɔɹmɝ/,người biểu diễn,,
persuade,/pɝˈsweɪd/,làm cho tin,thuyết phục,
phantom,/ˈfænəm/,ma,bóng ma,
pharmacy,/ˈfɑɹməsi/,dược khoa,khoa bào chế,
philosopher,/fəˈɫɑsəfɝ/,nhà triết học,,
phoenix,/ˈfinɪks/,chim phượng hoàng,,
photocopy,/ˈfoʊtoʊˌkɑpi/,sao chụp,,
pie,/ˈpaɪ/,ác là*  danh từ,,
piety,/ˈpaɪəti/,lòng mộ đạo,,
pillow,/ˈpɪɫoʊ/,gối,,
pin,/ˈpɪn/,ghim,đinh ghim,
pineapple,/ˈpaɪˌnæpəɫ/,quả dứa,cây dứa,
pleasantly,/ˈpɫɛzəntɫi/,vui vẻ,dễ thương,
plug,/ˈpɫəɡ/,nút (chậu sứ rửa mặt,bể nước...),
poisonous,/ˈpɔɪzənəs/,độc,có chất độc,
politely,/pəˈɫaɪtɫi/,lễ phép,có lễ độ,lịch sự
politician,/ˌpɑɫəˈtɪʃən/,nhà chính trị,chính khách,
pollutant,/pəˈɫutənt/,chất gây ô nhiễm (do xe cộ,động cơ  thải ra),
popcorn,/ˈpɑpˌkɔɹn/,ngô rang n,,
pork,/ˈpɔɹk/,thịt lợn,,
possessive,/pəˈzɛsɪv/,sở hữu,chiếm hữu,
postcard,/ˈpoʊˌskɑɹd/,bưu thiếp,,
postman,/ˈpoʊsmən/,người đưa thư,,
prefix,/ˈpɹifɪks/,tiền tố,,
preschool,/ˈpɹiˌskuɫ/,trước tuổi đi học,trước tuổi đến trường,
proclaim,/pɹoʊˈkɫeɪm/,công bố,tuyên bố,
procrastination,/pɹəˌkɹæstəˈneɪʃən/,sự trì hoãn,sự chần chừ,
pronoun,/ˈpɹoʊnaʊn/,đại từ,,
prosperous,/ˈpɹɑspɝəs/,thịnh vượng,phát đạt,phồn vinh
protest,/ˈpɹoʊˌtɛst/,long trọng,xác nhận,cam đoan
proverb,/ˈpɹɑvɝb/,tục ngữ,cách ngôn,
pump,/ˈpəmp/,giày nhảy (khiêu vũ),,
punish,/ˈpənɪʃ/,phạt,trừng phạt,trừng trị
puppy,/ˈpəpi/,chó con,,
purify,/ˈpjʊɹəˌfaɪ/,làm sạch,lọc trong,tinh chế
purse,/ˈpɝs/,ví tiền,hầu bao,
puzzle,/ˈpəzəɫ/,sự bối rối,sự khó xử,
quake,/ˈkweɪk/,sự rung,,
queue,/ˈkju/,đuôi sam,,
rage,/ˈɹeɪdʒ/,cơn thịnh nộ,cơn giận dữ,
railroad,/ˈɹeɪɫˌɹoʊd/,đường sắt,đường xe lửa*  ngoại động từ,
raspberry,/ˈɹæzˌbɛɹi/,quả mâm xôi,,
ration,/ˈɹæʃən/,khẩu phần,,
razor,/ˈɹeɪzɝ/,dao cạo,,
rearrange,/ˌɹiɝˈeɪndʒ/,sắp xếp lại,bố trí lại,sắp đặt lại
rebuild,/ɹiˈbɪɫd/,xây lại,xây dựng lại,
recite,/ɹəˈsaɪt/,kể lại,thuật lại,kể lể
reclaim,/ɹiˈkɫeɪm/,cải tạo,giác ngộ,
reef,/ˈɹif/,đá ngầm,,
referee,/ˌɹɛfɝˈi/,(pháp lý) trọng tài*  động từ,,
refund,/ˈɹiˌfənd/,sự trả lại (tiền vay mượn,,
regain,/ɹɪˈɡeɪn/,lấy lại,thu đi,gỡ lại
relaxing,/ɹiˈɫæksɪŋ/,làm chùng,làm yếu đi,làm giảm đi
remainder,/ɹiˈmeɪndɝ/,phần còn lại,chỗ còn lại,
remembrance,/ɹiˈmɛmbɹəns/,sự nhớ,sự hồi tưởng,trí nhớ
renew,/ɹɪˈnu/,hồi phục lại,làm hồi lại,
repay,/ɹiˈpeɪ/,paid  /'ri:'peid/,repaid  /'ri:'peid/,
reproduce,/ˌɹipɹəˈdus/,tái sản xuất,,
republic,/ɹiˈpəbɫək/,nước cộng hoà,nền cộng hoà,
researcher,/ˈɹisɝtʃɝ/,nhà nghiên cứu,,
resemble,/ɹiˈzɛmbəɫ/,giống với (người nào,vật gì),
reserve,/ɹiˈzɝv/,sự dự trữ,vật dự trữ,
respectable,/ɹiˈspɛktəbəɫ/,đáng trọng,đáng kính,
retell,/ɹiˈtɛɫ/,nói lại,kể lại,thuật lại
retrospect,/ˈɹɛtɹəˌspɛkt/,sự hồi tưởng quá khứ,sự nhìn lại dĩ vãng,
reunification,/ɹiˌunəfəˈkeɪʃən/,sự thống nhất lại,sự hợp nhất lại,
reunify,/ɹiˈunəˌfaɪ/,thống nhất lại,hợp nhất lại,
revise,/ɹiˈvaɪz/,đọc lại,xem lại,duyệt lại
rewrite,/ˈɹiˌɹaɪt/,viết lại,chép lại,
rid,/ˈɹɪd/,giải thoát (cho ai khỏi...),,
riddle,/ˈɹɪdəɫ/,điều bí ẩn,điều khó hiểu,
ridiculous,/ɹɪˈdɪkjəɫəs/,buồn cười,tức cười,lố bịch
ripe,/ˈɹaɪp/,chín,,
roadside,/ˈɹoʊdˌsaɪd/,bờ đường,lề đường*  tính từ,
robot,/ˈɹoʊˌbɑt/,người máy,,
rotten,/ˈɹɑtən/,mục,mục nát,thối
rubber,/ˈɹəbɝ/,cao su ((cũng) india,,
rubbish,/ˈɹəbɪʃ/,vật bỏ đi,rác rưởi,
rudely,/ˈɹudɫi/,vô lễ,bất lịch sự,
runaway,/ˈɹənəˌweɪ/,người trốn tránh,người chạy trốn,
runway,/ˈɹənˌweɪ/,lối dẫn vật nuôi đi uống nước,,
sadness,/ˈsædnəs/,sự buồn bã,sự buồn rầu,
safari,/səˈfɑɹi/,cuộc đi săn (ở Châu phi),,
safeguard,/ˈseɪfˌɡɑɹd/,cái để bảo vệ,cái để che chở,
salesman,/ˈseɪɫzmən/,người bán hàng (nam),,
sandal,/ˈsændəɫ/,dép,,
saucepan,/ˈsɔˌspæn/,cái xoong,,
saucer,/ˈsɔsɝ/,đĩa (để cốc tách...),đĩa hứng nước (dưới chậu hoa),
scan,/ˈskæn/,ngâm,bình (thơ),
scare,/ˈskɛɹ/,làm kinh hãi,làm sợ hãi,doạ (ngáo ộp)
scared,/ˈskɛɹd/,bị hoảng sợ,,
scary,/ˈskɛɹi/,làm sợ hãi,làm kinh hãi,làm khiếp sợ
scenic,/ˈsinɪk/,sân khấu,(thuộc) kịch trường,
schoolmate,/ˈskuɫˌmeɪt/,bạn học,,
scold,/ˈskoʊɫd/,rầy la,trách mắng,mắng mỏ
scratch,/ˈskɹætʃ/,hỗn tạp,linh tinh,không chọn lựa
seaweed,/ˈsiˌwid/,tảo biển,,
secretly,/ˈsikɹɪtɫi/,thầm kín,bí mật,riêng tư
seize,/ˈsiz/,chiếm đoạt,cướp lấy,nắm lấy
selfish,/ˈsɛɫfɪʃ/,ích kỷ,,
settler,/ˈsɛtəɫɝ/,người giải quyết (vấn đề),,
shadowy,/ˈʃædoʊi/,tối,có bóng tối,có bóng râm
shameful,/ˈʃeɪmfəɫ/,làm hổ thẹn,làm ngượng ngùng,làm xấu hổ
shave,/ˈʃeɪv/,sự cạo râu,sự cạo mặt,
sheer,/ˈʃɪɹ/,chỉ là,đúng là,hoàn toàn
shelter,/ˈʃɛɫtɝ/,chỗ che,chỗ nương tựa,chỗ ẩn
sheriff,/ˈʃɛɹəf/,quận trưởng,,
shiny,/ˈʃaɪni/,shinty*  tính từ,,
shiver,/ˈʃɪvɝ/,sự run,sự rùng mình (vì rét,vì sợ...)
shocking,/ˈʃɑkɪŋ/,chướng,khó coi,
shopper,/ˈʃɑpɝ/,người đi mua hàng,,
shrimp,/ˈʃɹɪmp/,con tôm,,
sidewalk,/ˈsaɪdˌwɔk/,vỉa hè,lề đường,
sigh,/ˈsaɪ/,tiếng thở dài,,
signpost,/ˈsaɪnˌpoʊst/,biển chỉ đường,,
simplify,/ˈsɪmpɫəˌfaɪ/,làm đơn giản,đơn giản hoá,
skeleton,/ˈskɛɫətən/,bộ xương,,
skyscraper,/ˈskaɪsˌkɹeɪpɝ/,như skysail,,
sleeve,/ˈsɫiv/,tay áo,,
slogan,/ˈsɫoʊɡən/,khẩu hiệu,,
slot,/ˈsɫɑt/,đường đi của hươu nai,vết đi của hươu nai,
smoker,/ˈsmoʊkɝ/,người hút thuốc,người nghiện thuốc,
sneeze,/ˈsniz/,sự hắt hơi,,
snowstorm,/ˈsnoʊˌstɔɹm/,bão tuyết,,
sometime,/ˈsəmˌtaɪm/,trước kia*  tính từ,,
soothe,/ˈsuð/,làm dịu,làm nguội (tình cảm...),làm đỡ (đau)
sophomore,/ˈsɑfˌmɔɹ/,học sinh năm thứ hai đại học,,
sore,/ˈsɔɹ/,đau,đau đớn,
sorrow,/ˈsɑɹoʊ/,nỗi đau đớn,sự buồn rầu,sự buồn phiền
soul,/ˈsoʊɫ/,linh hồn,,
sour,/ˈsaʊɝ/,chua,,
southeast,/ˌsaʊˈθist/,phía đông nam,miền đông nam*tính từ & phó từ,
souvenir,/ˌsuvəˈnɪɹ/,vật kỷ niệm,,
sparkle,/ˈspɑɹkəɫ/,sự lấp lánh,sự lóng lánh,ánh lấp lánh
specialize,/ˈspɛʃəˌɫaɪz/,làm thành đặc trưng,,
spectacular,/spɛkˈtækjəɫɝ/,đẹp mắt,ngoạn mục,
spectator,/ˈspɛkteɪtɝ/,người xem,khán giả,
spelling,/ˈspɛɫɪŋ/,sự viết vần,sự đánh vần,sự viết theo chính tả
sphere,/ˈsfɪɹ/,hình cầu,khối cầu,quả cầu
spice,/ˈspaɪs/,đồ gia vị,,
spicy,/ˈspaɪsi/,có bỏ gia vị,,
spider,/ˈspaɪdɝ/,con nhện,,
spinach,/ˈspɪnətʃ/,rau bina,,
spiral,/ˈspaɪɹəɫ/,xoắn ốc,,
spoil,/ˈspɔɪɫ/,chiến lợi phẩm,,
sponge,/ˈspəndʒ/,bọt biển,,
sponsor,/ˈspɑnsɝ/,cha đỡ đầu,mẹ đỡ đầu,
sportsmanship,/ˈspɔɹtsmənˌʃɪp/,tinh thần thể thao,,
stall,/ˈstɔɫ/,chuồng (ngựa,trâu bò),ngăn chuồng
stare,/ˈstɛɹ/,sự nhìn chòng chọc,sự nhìn chằm chằm,
steam,/ˈstim/,hơi nước,,
sticker,/ˈstɪkɝ/,người chọc,dao chọc (tiết lợn...),
sticky,/ˈstɪki/,dính,sánh,bầy nhầy
stormy,/ˈstɔɹmi/,mãnh liệt như bão tố,,
strain,/ˈstɹeɪn/,sức căng,,
strangely,/ˈstɹeɪndʒɫi/,lạ lùng,,
strawberry,/ˈstɹɔˌbɛɹi/,quả dâu tây,,
stressful,/ˈstɹɛsfəɫ/,gây ra căng thẳng,,
stretch,/ˈstɹɛtʃ/,sự căng ra,sự duỗi ra,
stricken,/ˈstɹɪkən/,đánh,đập,
stripe,/ˈstɹaɪp/,sọc,vằn,
stubborn,/ˈstəbɝn/,bướng bỉnh,ương bướng,ngoan cố
stumble,/ˈstəmbəɫ/,sự vấp,sự sẩy chân,sự trượt chân
stun,/ˈstən/,làm choáng váng,làm bất tỉnh nhân sự,
stunning,/ˈstənɪŋ/,làm choáng váng,làm bất tỉnh nhân sự,
stylish,/ˈstaɪɫɪʃ/,bảnh bao,diện,hợp thời trang
subconscious,/səbˈkɑnʃəs/,tiềm thức,,
submarine,/ˈsəbmɝˌin/,dưới biển,ngầm (dưới biển),
suffix,/ˈsəfɪks/,hậu tố*  ngoại động từ,,
summarize,/ˈsəmɝˌaɪz/,tóm tắt,tổng kết,
summit,/ˈsəmət/,đỉnh,chỏm,chóp
sunbathe,/ˈsənˌbeɪð/,tắm nắng,,
sundial,/ˈsənˌdaɪɫ/,đồng hồ mặt trời,,
sunrise,/ˈsənˌɹaɪz/,lúc mặt trời mọc,bình minh,
sunset,/ˈsənˌsɛt/,lúc mặt trời lặn,,
superstition,/ˌsupɝˈstɪʃən/,sự mê tín,,
supporter,/səˈpɔɹtɝ/,vật chống đỡ,,
supportive,/səˈpɔɹtɪv/,đem lại sự giúp đỡ,khuyến khích,thông cảm
supposedly,/səˈpoʊzədɫi/,cho là,giả sử là,nói như là
surround,/sɝˈaʊnd/,bao quanh,vây quanh,
survivor,/sɝˈvaɪvɝ/,người sống sót,,
swarm,/ˈswɔɹm/,đàn,đám,bầy
swear,/ˈswɛɹ/,lời thề,,
swell,/ˈswɛɫ/,đặc sắc,cử,trội
swimmer,/ˈswɪmɝ/,người bơi,con vật bơi,
swollen,/ˈswoʊɫən/,sưng phồng,phình ra,căng ra
symptom,/ˈsɪmptəm/,triệu chứng,,
tablet,/ˈtæbɫət/,tấm,bản,thẻ
talented,/ˈtæɫəntɪd/,có tài,,
talkative,/ˈtɔkətɪv/,thích nói,hay nói,lắm điều
tasteless,/ˈteɪstɫəs/,vô vị,nhạt,
tasty,/ˈteɪsti/,ngon,,
tease,/ˈtiz/,chòng ghẹo,trêu tức,trêu chọc
telegram,/ˈtɛɫəˌɡɹæm/,bức điện,bức điện tín,
teller,/ˈtɛɫɝ/,người kể chuyện,người hay kể chuyện,người tự thuật
temper,/ˈtɛmpɝ/,tính tình,tình khí,tâm tính
tempt,/ˈtɛmpt/,xúi,xúi giục,
tense,/ˈtɛns/,thời (của động từ),,
terribly,/ˈtɛɹəbɫi/,rất tệ,không chịu nổi,quá chừng
terrific,/tɝˈɪfɪk/,khủng khiếp,kinh khủng,
terrified,/ˈtɛɹəˌfaɪd/,cảm thấy khiếp sợ,rất kinh hãi,
thankful,/ˈθæŋkfəɫ/,biết ơn,cám ơn,
theft,/ˈθɛft/,sự ăn trộm,sự trộm cắp,
thirst,/ˈθɝst/,sự khát nước,,
threatening,/ˈθɹɛtənɪŋ/,sự đe doạ,sự hăm doạ*  tính từ,
thriller,/ˈθɹɪɫɝ/,câu chuyện cảm động,,
throughout,/θɹuˈaʊt/,từ đầu đến cuối,khắp,suốt
thump,/ˈθəmp/,quả đấm,quả thụi*  ngoại động từ,
thunder,/ˈθəndɝ/,sấm,sét,
thunderous,/ˈθəndɝəs/,dông tố,,
tick,/ˈtɪk/,tiếng tích tắc (của đồng hồ),,
tighten,/ˈtaɪtən/,chặt,căng,khít lại
tile,/ˈtaɪɫ/,ngói (để lợp nhà),,
tin,/ˈtɪn/,thiếc,,
tiring,/ˈtaɪɹɪŋ/,sự mệt mỏi,sự mệt nhọc,
tongue,/ˈtəŋ/,cái lưỡi,,
toothpaste,/ˈtuθˌpeɪst/,thuốc đánh răng,kem đánh răng,
tornado,/tɔɹˈneɪˌdoʊ/,bão táp,,
toss,/ˈtɔs/,sự quẳng lên,sự ném lên,sự tung
tournament,/ˈtʊɹnəmənt/,cuộc đấu,,
tragic,/ˈtɹædʒɪk/,bi kịch,,
transitional,/tɹænˈsɪʃənəɫ/,chuyển tiếp,quá độ,
translate,/tɹænˈsɫeɪt/,dịch,phiên dịch,
trash,/ˈtɹæʃ/,bã,bã mía ((cũng) cane,
tremble,/ˈtɹɛmbəɫ/,sự run,,
trigger,/ˈtɹɪɡɝ/,cò súng,,
trim,/ˈtɹɪm/,sự ngăn nắp,sự gọn gàng,
trumpet,/ˈtɹəmpət/,kèn trompet,,
trustworthy,/ˈtɹəstˌwɝði/,đáng tin cậy,,
tumble,/ˈtəmbəɫ/,cái ngã bất thình lình,sự sụp đổ,sự đổ nhào
tuna,/ˈtjunə/,(động vật học) cá ngừ Ca,,
turbulence,/ˈtɝbjəɫəns/,sự hỗn loạn,sự bất an,sự náo động
turtle,/ˈtɝtəɫ/,turtle,,
twin,/ˈtwɪn/,sinh đôi,,
twist,/ˈtwɪst/,sự xoắn,sự vặn,sự bện
unafraid,/ˌənəˈfɹeɪd/,không sợ hãi,,
unbelievable,/ˌənbəˈɫivəbəɫ/,không thể tin được,khó tin (sự việc),
unclear,/ənˈkɫɪɹ/,không trong,đục,
uncontrollable,/ˌənkənˈtɹoʊɫəbəɫ/,không kiểm soát được,không kiểm tra được,
uncover,/ənˈkəvɝ/,để hở,mở (vung,nắp)
undergo,/ˌəndɝˈɡoʊ/,chịu,bị,trải qua
underneath,/ˌəndɝˈniθ/,bên dưới,dưới*  danh từ,
underpants,/ˈəndɝˌpænts/,quần đùi,con trai),
undo,/ənˈdu/,tháo,cởi,mở
undress,/ənˈdɹɛs/,quần áo xuềnh xoàng*  động từ,,
unexpectedly,/ˌənɪkˈspɛktɪdɫi/,bất ngờ,thình lình,đột xuất
unfairly,/ənˈfɛɹɫi/,không đúng,không công bằng,bất công
unfold,/ənˈfoʊɫd/,mở ra,trải ra,
unfriendly,/ənˈfɹɛndɫi/,không thân mật,không thân thiện,
unheard,/ənˈhɝd/,không nghe thấy,không ai nghe,
unify,/ˈjunəˌfaɪ/,thống nhất,hợp nhất,
uninterested,/əˈnɪntɹəstɪd/,không quan tâm,không chú ý,không để ý
uninteresting,/əˈnɪntɹəstɪŋ/,không hay,không thú vị,không đáng chú ý
unite,/ˈjuˌnaɪt/,nối,hợp làm một,hợp nhất
universe,/ˈjunəˌvɝs/,vũ trụ,vạn vật,thế giới
unless,/ənˈɫɛs/,trừ phi,trừ khi,nếu không
unlucky,/ənˈɫəki/,không may,xúi,rủi
unpack,/ənˈpæk/,mở (gói,va li...) tháo (kiện hàng),
unpredictable,/ˌənpɹɪˈdɪktəbəɫ/,không thể nói trước,không thể đoán trước được,
unrelated,/ˌənɹiˈɫeɪtɪd/,không kể lại,không thuật lại,
unusually,/ənˈjuˌʒuəɫi/,cực kỳ,,
unwanted,/ənˈwɔntɪd/,không ai cần đến,không ai mong muốn,
unwell,/ənˈwɛɫ/,không khoẻ,khó ở,se mình
van,/ˈvæn/,tiền đội,quân tiên phong,
variety,/vɝˈaɪəti/,nhiều thứ,mớ,
vegetarian,/ˌvɛdʒəˈtɛˌɹiən/,người ăn chay*  tính từ,,
vein,/ˈveɪn/,tĩnh mạch,,
vessel,/ˈvɛsəɫ/,bình,chậu,lọ
vet,/ˈvɛt/,(viết tắt) của veteran,,
via,/ˈvaɪə/,qua,theo đường,
violently,/ˈvaɪəɫəntɫi/,mãnh liệt,dữ,kịch liệt
visa,/ˈvizə/,thị thực (ở hộ chiếu),,
visually,/ˈvɪʒwəɫi/,bằng mắt,,
vivid,/ˈvɪvəd/,chói lọi,sặc sỡ (màu sắc,ánh sáng)
vividly,/ˈvɪvədɫi/,chói,chói lọi,sặc sỡ (màu sắc
volcano,/vɑɫˈkeɪnoʊ/,núi lửa,,
volunteer,/ˌvɑɫənˈtɪɹ/,quân tình nguyện,,
vowel,/ˈvaʊəɫ/,nguyên âm,,
wardrobe,/ˈwɔɹˌdɹoʊb/,tủ quần áo,,
warmly,/ˈwɔɹmɫi/,một cách ấm áp,,
warmth,/ˈwɔɹmθ/,hơi nóng (lửa,mặt trời),nhiệt
warn,/ˈwɔɹn/,báo cho biết,,
warranty,/ˈwɔɹənti/,sự cho phép,sự được phép,quyền (được làm việc gì)
warrior,/ˈwɔɹiɝ/,quân nhân,chiến sĩ,(thơ ca) chính phủ
wasteful,/ˈweɪstfəɫ/,lãng phí,hoang phí,tốn phí
waterfall,/ˈwɔtɝˌfɔɫ/,thác nước,,
wax,/ˈwæks/,sáp ong ((cũng) beeswax),,
weird,/ˈwɪɹd/,số phận,số mệnh*  tính từ,
westward,/ˈwɛstwɝd/,hướng tây*  tính từ & phó từ,,
whale,/ˈhweɪɫ/,cá voi,,
wherever,/hwɛˈɹɛvɝ/,ở ni nào,đến ni nào,bất cứ ni nào
whether,/ˈhwɛðɝ/,có... không,có... chăng,không biết có... không
whichever,/hwɪˈtʃɛvɝ/,nào,bất cứ... nào,
whisper,/ˈhwɪspɝ/,tin đồn kín,tiếng đồn kín,lời xì xào bàn tán nhỏ to
whistle,/ˈhwɪsəɫ/,tiếng hót (chim),tiếng rít (gió),tiếng réo (đạn)
whoever,/huˈɛvɝ/,ai,người nào,bất cứ ai
wither,/ˈwɪðɝ/,làm héo,làm tàn úa,làm teo
witness,/ˈwɪtnəs/,sự làm chứng,,
wizard,/ˈwɪzɝd/,thầy phù thuỷ,,
workout,/ˈwɝˌkaʊt/,(thể dục,thể thao) buổi luyện tập,
wrap,/ˈɹæp/,khăn choàng,áo choàng,
wrapping,/ˈɹæpɪŋ/,sự bọc,sự bao,sự gói
wrist,/ˈɹɪst/,cổ tay,,
yell,/ˈjɛɫ/,sự kêu la,sự la hét,
yoga,/ˈjoʊɡə/,(tôn giáo) thuyết du già,,
