word,pronunciation,meaning1,meaning2,meaning3
accomplish,/əˈkʌmplɪʃ/,hoàn thành,đạt được,thực hiện thành công
adapt,/əˈdæpt/,thích nghi,điều chỉnh,cải biên
ambiguous,/æmˈbɪɡjuəs/,mơ hồ,không rõ ràng,hiểu theo nhiều cách
anticipate,/ænˈtɪsɪpeɪt/,dự đoán,mong đợi,lường trước
approach,/əˈprəʊtʃ/,cách tiếp cận,tiến đến gần,phương pháp
assume,/əˈsjuːm/,giả định,cho rằng,đảm nhận trách nhiệm
circumstance,/ˈsɜːkəmstæns/,hoàn cảnh,tình huống,điều kiện
compensate,/ˈkɒmpenseɪt/,bồi thường,bù đắp,đền bù
contradict,/ˌkɒntrəˈdɪkt/,mâu thuẫn với,phản bác,trái ngược
cooperate,/kəʊˈɒpəreɪt/,hợp tác,phối hợp,cộng tác
controversial,/ˌkɒntrəˈvɜːʃəl/,gây tranh cãi,gây tranh luận,còn nhiều ý kiến trái chiều
declare,/dɪˈkleə/,tuyên bố,khai báo,công bố
diminish,/dɪˈmɪnɪʃ/,giảm bớt,suy giảm,làm nhỏ đi
eliminate,/ɪˈlɪmɪneɪt/,loại bỏ,xóa bỏ,tiêu diệt
emphasize,/ˈemfəsaɪz/,nhấn mạnh,chú trọng,đề cao
enhance,/ɪnˈhɑːns/,nâng cao,cải thiện,tăng cường
establish,/ɪˈstæblɪʃ/,thành lập,thiết lập,xác lập
evaluate,/ɪˈvæljueɪt/,đánh giá,thẩm định,xem xét
exaggerate,/ɪɡˈzædʒəreɪt/,phóng đại,thổi phồng,nói quá
facilitate,/fəˈsɪlɪteɪt/,tạo điều kiện thuận lợi,hỗ trợ,làm cho dễ dàng
fundamental,/ˌfʌndəˈmentl/,cơ bản,nền tảng,thiết yếu
hesitate,/ˈhezɪteɪt/,do dự,ngập ngừng,lưỡng lự
identify,/aɪˈdentɪfaɪ/,xác định,nhận diện,nhận ra
illustrate,/ˈɪləstreɪt/,minh họa,làm rõ,giải thích bằng ví dụ
implement,/ˈɪmplɪment/,thực hiện,triển khai,áp dụng
inevitable,/ɪnˈevɪtəbl/,không thể tránh khỏi,tất yếu,chắc chắn xảy ra
justify,/ˈdʒʌstɪfaɪ/,biện minh,giải thích hợp lý,chứng minh là đúng
manipulate,/məˈnɪpjuleɪt/,thao túng,điều khiển,xử lý khéo léo
obstacle,/ˈɒbstəkl/,trở ngại,chướng ngại vật,khó khăn
outcome,/ˈaʊtkʌm/,kết quả,hậu quả,thành quả
united,ju:'naitid,"hợp, liên liên kết","đoàn kết, hoà hợp",
found,faund,"nấu chảy (kim loại, vật liệu làm thuỷ tinh...)",đúc (kim loại),"thành lập, sáng lập, xây dựng, đặt nền móng"
data,'deitə,số nhiều của datum,"((thường) dùng như số ít) số liệu, dữ kiện; tài liệu, cứ liệu (cung cấp những điều cần thiết)",
commission,kə'miʃn,"lệnh, mệnh lệnh","nhiệm vụ, phận sự","sự uỷ nhiệm, sự uỷ thác; công việc uỷ nhiệm, công việc uỷ thác"
god,gɔd,thần,"(God) Chúa, trời, thượng đế","cầu Chúa, cầu trời"
times,,nhân với,gấp (dùng để chỉ sự nhân lên),
known,nou,biết; hiểu biết,"biết, nhận biết; phân biệt được","biết, quen biết"
energy,'enədʤi,"nghị lực, sinh lực",sự hoạt động tích cực,"khả năng tiềm tàng, năng lực tiềm tàng"
community,kə'mju:niti,"dân, dân chúng, nhân dân (cùng ở một địa phương, quận, huyện, khu phố, tỉnh...)","phường, hội, phái, nhóm người (cùng tôn giáo, cùng quốc tịch...)","sở hữu cộng đồng, sở hữu chung"
particular,pə'tikjulə,"đặc biệt, đặc thù; cá biệt, riêng biệt","tường tận, tỉ mỉ, chi tiết","kỹ lưỡng, cặn kẽ, câu nệ đến từng chi tiết"
means,,tiền bạc; của cải; tiềm lực,a man of means,phương tiện; biện pháp; cách thức
according,ə'kɔ:diɳ,"(+ to) theo, y theo","(+ as) tuỳ, tuỳ theo",
project,project,"kế hoạch, đề án, dự án",công trình (nghiên cứu),"công cuộc lớn (đòi hỏi nhiều tiền, thiết bị, nhân lực)"
federal,'fedərəl,(thuộc) liên bang,,
contract,'kɔntrækt,"hợp đồng, giao kèo, khế ước, giấy ký kết","sự ký hợp đồng, sự ký giao kèo, việc bỏ thầu, việc đấu giá","đính ước, giao ước, kết giao"
division,di'viʤn,sự chia; sự phân chia,(toán học) phép chia,"sự chia rẽ, sự ly gián; sự bất hoà, sự phân tranh"
lower,'louə,"thấp hơn, ở dưới, bậc thấp","hạ thấp, hạ xuống, kéo xuống","giảm, hạ (giá cả)"
corporation,",kɔ:pə'reiʃn","đoàn thể, liên đoàn; phường hội",hội đồng thành phố ((cũng) minicipal corporation),(thông tục) bụng phệ
stock,stɔk,"kho dữ trữ, kho; hàng trong kho",(tài chính) vốn; cổ phân,(thực vật học) thân chính
species,'spi:ʃi:z,(sinh vật học) loài,"loại, hạng, thứ","dạng, hình thái"
saw,sɔ:,tục ngữ; cách ngôn,cái cưa,(động vật học) bộ phận hình răng cưa
reference,'refrəns,"sự chuyển đến (một người, một tổ chức có thẩm quyền) để xem xét, sự giao cho giải quyết (một vấn đề gì); thẩm quyền giải quyết",sự hỏi ý kiến,"sự xem, sự tham khảo"
determined,di'tə:mind,"đã được xác định, đã được định rõ","nhất định, nhất quyết, quả quyết; kiên quyết",
conference,'kɔnfərəns,"sự bàn bạc, sự hội ý",hội nghị,
motion,'mouʃn,"sự vận động, sự chuyển đông, sự di động","cử động, cử chỉ, dáng đi",bản kiến nghị; sự đề nghị
expected,,được chờ đợi hy vọng,,
trial,'traiəl,sự thử,"(pháp lý) việc xét xử, sự xử án",điều thử thách; nỗi gian nan
soil,sɔil,đất,"vết bẩn, vết nhơ",sự làm nhơ bẩn
payment,'peimənt,"sự trả tiền, sự nộp tiền; số tiền trả","(nghĩa bóng) việc trả công, việc thưởng phạt",
investment,in'vestmənt,sự đầu tư; vốn đầu tư; cái được đầu tư,(như) investiture,"(quân sự) sự bao vây, sự phong toả"
environment,in'vaiərənmənt,"môi trường, hoàn cảnh, những vật xung quanh","sự bao quanh, sự vây quanh, sự bao vây",
related,,"có liên quan, có quan hệ với ai/ cái gì","có họ với (cùng một họ, cùng một tầng lớp )",
minister,'ministə,bộ trưởng,"bộ trưởng bộ ngoại giao, ngoại trưởng",hội đồng bộ trưởng
actual,'æktjuəl,"thật sự, thật, thực tế, có thật","hiện tại, hiện thời; hiện nay",
cause,kɔ:z,"nguyên nhân, nguyên do, căn nguyên","lẽ, cớ, lý do, động cơ","(pháp lý) việc kiện, việc tố tụng"
procedure,procedure,thủ tục,,
factor,'fæktə,nhân tố,"người quản lý, người đại diện",người buôn bán ăn hoa hồng
phase,feiz,tuần (trăng...),"giai thoại, thời kỳ (phát triển, biến đổi)","phương diện, mặt (của vấn đề...)"
trust,trʌst,"sự tín nhiệm, lòng tin, sự tin cậy","niềm hy vọng, kỳ vọng, sự tin tưởng, sự trông mong","sự giao phó, sự phó thác, sự uỷ thác"
existing,,hiện tại; hiện tồn; hiện hành; hiện nay,,
planning,,sự lập kế hoạch (cho cái gì),sự quy hoạch thành phố,
mass,mæs,(tôn giáo) lễ mét,"khối, đống","số nhiều, số đông, đa số"
primary,'praiməri,"nguyên thuỷ, đầu, đầu tiên","gốc, nguyên, căn bản","sơ đẳng, sơ cấp"
senator,'senətə,thượng nghị sĩ,,
index,'indeks,ngón tay trỏ ((cũng) index finger),chỉ số; sự biểu thị,kim (trên đồng hồ đo...)
estate,is'teit,"tài sản, di sản",bất động sản ruộng đất,đẳng cấp
acid,'æsid,(hoá học) Axit,chất chua,Axit
technical,'teknikəl,"(thuộc) kỹ thuật, chuyên môn",,
portion,'pɔ:ʃn,"phần, phần chia","phần thức ăn (đựng ở đĩa đem lên cho khách, ở quán ăn)",của hồi môn
provision,provision,"((thường) + for,  against) sự chuẩn bị, sự dự phòng, sự trữ sẵn","đồ dự phòng, đồ trữ sẵn",(số nhiều) lương thực cung cấp; thực phẩm dự trữ; thức ăn thức uống
formation,fɔ:'meiʃn,"sự hình thành, sự tạo thành, sự lập nên","hệ thống tổ chức (xã hội), cơ cấu","(quân sự) sự bố trí quân sự, sự dàn quân; đội hình (máy bay)"
initial,i'niʃəl,"ban đầu, đầu",(ngôn ngữ học) ở đầu,chữ đầu (từ)
resolution,",rezə'lu:ʃn",nghị quyết,"sự cương quyết, sự kiên quyết, sự quyết tâm","quyết định, ý định kiên quyết"
chief,tʃi:f,"thủ lĩnh, lãnh tụ",người đứng đầu; trưởng,"(thông tục) ông sếp, ông chủ"
transfer,'trænsfə:,"sự di chuyển, sự dời chỗ; sự truyền","sự nhượng, sự nhường lại, sự chuyển cho",(nghệ thuật) bản đồ lại
constant,'kɔnstənt,"bền lòng, kiên trì","kiên định, trung kiên; trung thành, chung thuỷ","không ngớt, không dứt, liên miên, liên tiếp"
concerning,kən'sə:niɳ,về việc,,
proceedings,,(proceedings against somebody / for something) vụ kiện,nghi thức,(số nhiều) biên bản lưu (của cuộc họp...)
estimated,,được ước lượng,,
regard,ri'gɑ:d,cái nhìn,"sự quan tâm, sự chú ý, sự để ý",lòng yêu mến; sự kính trọng
prior,prior,trưởng tu viện,trước,prior to trước khi
understanding,",ʌndə'stændiɳ","sự hiểu biết, sự am hiểu","óc thông minh, óc suy xét, trí tuệ",quan niệm
personnel,",pə:sə'nel","toàn thể cán bộ công nhân viên (cơ quan, nhà máy...)","(từ Mỹ,nghĩa Mỹ) phòng tổ chức cán bộ, vụ tổ chức cán bộ","vụ tổ chức cán bộ, vụ nhân sự"
employee,ɔm'plɔiei,"người làm, người làm công",,
output,'autput,sự sản xuất,sản phẩm,"khả năng sản xuất, sảm lượng"
deep,di:p,sâu,"khó lường, khó hiểu, bí ẩn, thâm hiểm","sâu xa, sâu sắc, sâu kín, thâm trầm"
commerce,'kɔmə:s,sự buôn bán; thương mại; thương nghiệp,"sự quan hệ, sự giao thiệp","(pháp lý) sự giao cấu, sự ăn nằm với nhau"
assembly,ə'sembli,cuộc họp,hội đồng,hội nghị lập pháp; (Mỹ) hội đồng lập pháp (ở một số bang)
learning,'lə:niɳ,sự học,sự hiểu biết; kiến thức,thời kỳ phục hưng
legislation,",ledʤis'leiʃn","sự làm luật, sự lập pháp","pháp luật, pháp chế",sự ban hành pháp luật
reaction,ri:'ækʃn,"sự phản tác dụng, sự phản ứng lại",(vật lý); (hoá học) phản ứng,(chính trị) sự phản động
assessment,ə'sesmənt,sự định giá (một vật) để đánh thuế; sự đánh giá; sự ước định,sự đánh thuế,mức định giá đánh thuế; thuế
administrative,əd'ministrətiv,"(thuộc) hành chính, (thuộc) quản trị","(thuộc) chính quyền, (thuộc) nhà nước",
master,'mɑ:stə,"chủ, chủ nhân",(hàng hải) thuyền trưởng (thuyền buôn),"thầy, thầy giáo"
growing,'grouiɳ,sự lớn lên,sự nuôi; sự trồng,đang lớn lên
revenue,'revinju:,thu nhập (quốc gia),"((thường) số nhiều) lợi tức, hoa lợi (của cá nhân)",ngân khố quốc gia; sở thu thuế
potential,pə'tenʃəl,tiềm tàng,(vật lý) (thuộc) điện thế,(ngôn ngữ học) khả năng
evaluation,"i,vælju'eiʃn",sự ước lượng,sự định giá,
compensation,",kɔmpen'seiʃn","sự đền bù, sự bồi thường (thiệt hại); vật đền bù, vật bồi thường",(kỹ thuật) sự bù,
western,'west n,(thuộc) phía tây; của phưng tây,người miền tây,phim (truyện) về đời sống những người chăn bò (cao bồi) ở miền tây nước Mỹ
domestic,də'mestik,"(thuộc) gia đình, (thuộc) việc nhà, nội trợ",nuôi trong nhà (súc vật),"trong nước (làm ở) trong nước, nội (đối với ngoại)"
relief,ri'li:f,"sự giảm nhẹ, sự bớt đi, sự làm khuây (đau đớn, buồn rầu)","sự cứu tế, sự trợ cấp; sự cứu viện",sự giải vây (một thành phố...)
faith,feiθ,"sự tin tưởng, sự tin cậy",niềm tin,"vật làm tin, vật bảo đảm"
publication,",pʌbli'keiʃn",sự công bố,sự xuất bản (sách); sách báo xuất bản,
secondary,'sekəndəri,"thứ hai, thứ nhì, thứ, phụ, không quan trọng",chuyển hoá,trung học
statistics,stə'tistiks,thống kê,khoa học thống kê,
previously,'pri:viəsli,"trước, trước đây",,
fiscal,fiskəl,(thuộc) công khố; (thuộc) tài chính,viên chức tư pháp (ở một số nước Châu-âu),(Ê-cốt) (pháp lý) biện lý
living,'liviɳ,cuộc sống sinh hoạt,"cách sinh nhai, sinh kế",người sống
developing,,"đang phát triển, trên đà phát triển",,
somewhat,'sʌmwɔt,"hơi, gọi là, một chút",,
resistance,ri'zistəns,"sự chống cự, sự kháng cự, sự đề kháng",(vật lý) điện trở,"tính chống, sức bền, độ chịu"
executive,ig'zekjutiv,"(thuộc) sự thực hiện, (thuộc) sự thi hành; để thực hiện, để thi hành",hành pháp,"(từ Mỹ,nghĩa Mỹ) hành chính"
percentage,pə'sentidʤ,tỷ lệ phần trăm,tỷ lệ; phần,
convention,kən'venʃn,hội nghị (chính trị); sự triệu tập,hiệp định,sự thoả thuận (thường là ngầm)
media,'mi:djəm,"người trung gian, vật môi giới","trung dung, sự chiết trung","bà đồng, đồng cốt"
latter,'lætə,"sau cùng, gần đây, mới đây","sau, thứ hai (đối lại với former)",(the latter) cái sau; người sau (đối lại với former)
fixed,fikst,"đứng yên, bất động, cố định",được bố trí trước,"(từ Mỹ,nghĩa Mỹ) mọi người đã có đẻ cái cần thiết"
circuit,'sə:kit,"chu vi, đường vòng quanh",sự đi vòng quanh,"cuộc kinh lý, cuộc tuần du, cuộc tuần tra (của các quan toà để xét xử); địa phận đi kinh lý"
remains,,"đồ thừa, cái còn lại","phế tích, tàn tích (những toà nhà  cổ xưa còn lại đã bị phá hủy)",di cảo (của một tác giả)
moving,'mu:viɳ,"động, hoạt động","cảm động, gợi mối thương tâm, làm mủi lòng",
equation,i'kweiʃn,sự làm cân bằng,lượng bù sai,(toán học) phương trình
institution,",insti'tju:ʃn","sự thành lập, sự lập",sự mở (một cuộc điều tra),cơ quan; trụ sở cơ quan
sector,'sektə,(toán học) hình quạt,(quân sự) quân khu,khu vực
extension,iks'tenʃn,sự duỗi thẳng ra; sự đưa ra,"sự kéo dài ra, sự gia hạn; sự mở rộng","phần kéo dài, phần mở rộng, phần nối thêm (vào nhà, vào dây nói...)"
welfare,'welfe,hạnh phúc; phúc lợi,"(y học) sự bo vệ, sự chăm sóc",
specified,,theo danh nghĩa; lý thuyết,,
commissioner,kə'miʃnə,người được uỷ quyền,uỷ viên hội đồng,"người đại biểu chính quyền trung ương (ở tỉnh, khu...)"
employer,im'plɔiə,chủ,,
adequate,'ædikwit,"đủ, đầy đủ","tương xứng, xứng đáng; thích hợp, thích đáng, thoả đáng",
rural,'ruərəl,"(thuộc) nông thôn, thôn dã",,
scheme,ski:m,"sự sắp xếp theo hệ thống, sự phối hợp",kế hoạch; âm mưu; mưu đồ; ý đồ,"lược đồ, giản đồ, sơ đồ"
moral,'mɔrəl,"(thuộc) đạo đức, (thuộc) luân lý, (thuộc) phẩm hạnh","có đạo đức, hợp đạo đức",tinh thần
processing,processing,"sự chế biến, sự gia công",,
interpretation,"in,tə:pri'teiʃn","sự giải thích, sự làm sáng tỏ",sự hiểu (theo một cách nào đó); cách hiểu,"sự trình diễn ra được, sự diễn xuất ra được; sự thể hiện"
relevant,'relivənt,"thích đang, thích hợp; xác đáng",,
external,eks'tə:nl,"ở ngoài, bên ngoài (hiện tượng...)","(y học) ngoài, để dùng bên ngoài","(từ Mỹ,nghĩa Mỹ) đối với nước ngoài, đối ngoại (chính sách, sự buôn bán)"
territory,'teritəri,"đất đai, địa hạt, lãnh thổ","khu vực, vùng, miền","(Territory) (từ Mỹ,nghĩa Mỹ) hạt (vùng chưa được hưởng những quyền lợi như một bang)"
testimony,'testiməni,"sự chứng nhận, sự nhận thực; lới chứng, lời khai","bằng chứng, chứng cớ",
finance,fai'næns,"tài chính, sở quản lý tài chính","(số nhiều) tài chính, tiền của","cấp tiền cho, bỏ vốn cho, tìm vốn cho"
urban,:'bein,"(thuộc) thành phố, (thuộc) thành thị; ở thành phố, ở thành thị",,
divided,,phân chia,,
carbon,'kɑ:bən,(hoá học) cacbon,giấy than; bản sao bằng giấy than,(điện học) thỏi than (làm đèn cung lửa)
aircraft,'eəkrɑ:ft,"máy bay, tàu bay",khí cầu,
manufacturing,,sự sản xuất; sự chế tạo,,
purchase,'pθ:tʃəs,"sự mua, sự tậu được; vật mua được, vật tậu được","thu hoạch hằng năm, hoa lợi hằng năm, lợi tức hằng năm (của đất đai...)",(pháp lý) sự tậu được (chứ không phải do hưởng thừa kế)
improved,,"được hoàn thiện , được cải tiến",,
marketing,,(Econ) Marketing,,
multiple,'mʌltipl,"nhiều, nhiều mối, phức tạp",(toán học) bội số,
cooperation,,sự hợp tác,,
jury,'dʤuəri,"(pháp lý) ban hội thẩm, ban bồi thẩm",ban giám khảo,
participation,"pɑ:,tisi'peiʃn","sự tham gia, sự tham dự, sự góp phần vào",,
classification,",klæsifi'keiʃn",sự phân loại,,
expansion,iks'pænʃn,"sự mở rộng, sự bành trướng, sự phát triển, sự phồng ra; phần mở rộng","(kỹ thuật) sự giãn, sự nở; độ giãn, độ nở",(toán học) sự khai triển
legislative,'ledʤislətiv,"làm luật, lập pháp",,
revolution,",revə'lu:ʃn","vòng, tua",(toán học); (thiên văn học) sự xoay vòng,cuộc cách mạng
profit,profit,"lợi, lợi ích, bổ ích","tiền lãi, lợi nhuận","làm lợi, mang lợi, có lợi"
overall,'ouvərɔ:l,"toàn bộ, toàn thể, từ đầu này sang đầu kia","áo khoác, làm việc",(số nhiều) quần yếm (quần may liền với miếng che ngực của công nhân)
component,kəm'pounənt,"hợp thành, cấu thành","thành phần, phần hợp thành",
clause,'klætə,(ngôn ngữ học) mệnh đề,điều khoản (của một hiệp ước...),
detailed,,"cặn kẽ, tỉ mỉ, nhiều chi tiết",,
therapy,",θerə'pju:tiks",(y học) phép chữa bệnh,,
specifically,spi'sifikəli,"chính xác, rõ rệt","đặc trưng, riêng biệt",
extensive,iks'tensiv,"rộng, rộng rãi, bao quát",quảng canh,
criminal,'kriminl,"có tội, phạm tội, tội ác",(xem) conversation,"kẻ phạm tội, tội phạm"
grain,grein,thóc lúa,"hạt, hột","một chút, mảy may"
user,'ju:z,"người dùng, người hay dùng",,
reform,reform,"sự cải cách, sự cải lương, sự cải thiện, sự cải tạo, sự cải tổ",sự sửa đổi,"cải cách, cải lương, cải thiện, cải tạo, cải tổ"
recognition,",rekəg'niʃn","sự công nhận, sự thừa nhận",sự nhận ra,
consistent,kən'sistənt,"đặc, chắc","(+ with) phù hợp, thích hợp","kiên định, trước sau như một"
certificate,sə'tifikit,giấy chứng nhận; bằng,"chứng chỉ, văn bằng",cấp giấy chứng nhận
treaty,'tri:ti,hiệp ước,"sự thoả thuận; sự điều đình, sự thương lượng",
input,'input,cái cho vào,lực truyền vào (máy...); dòng điện truyền vào (máy...),(kỹ thuật) tài liệu viết bằng ký hiệu (cung cấp vào máy tính điện tử); sự cung cấp tài liệu (cho máy tính điện tử)
wage,weidʤ,"tiền lương, tiền công","(từ cổ,nghĩa cổ) phần thưởng; hậu quả",tiến hành
necessarily,'nesisərili,"tất yếu, nhất thiết",,
version,'və:ʃn,bản dịch,(ngôn ngữ nhà trường) bài dịch,"lối giải thích (theo một quan điểm riêng); sự kể lại, sự thuật lại, sự diễn tả"
sexual,'seksjuəl,(thuộc) giới tính; sinh dục,(thực vật học) dựa trên giới tính (cách phân loại),
criteria,krai'tiəriən,tiêu chuẩn,,
copper,'kɔpə,"(từ lóng) cảnh sát, mật thám, cớm",đồng (đỏ),đồng xu đồng
contents,,"(Tech) nội dung, dung lượng",,
creation,kri:'eiʃn,"sự tạo thành, sự sáng tạo (thế giới); sự sáng tác",tác phẩm; vật được sáng tạo ra,sự phong tước
mine,,đại từ sở hữu,của tôi,<cổ><thơ>  (trước nguyên âm hay h) như my
campaign,kæm'pein,chiến dịch,cuộc vận động,"đi chiến dịch, tham gia chiến dịch"
export,'ekspɔ:t,hàng xuất khẩu; (số nhiều) khối lượng hàng xuất khẩu,sự xuất khẩu,(định ngữ) xuất khẩu
attached,,gắn bó,,
variation,",veəri'eiʃn","sự biến đổi, sự thay đổi","sự khác nhau, sự sai nhau","biến dạng, biến thể"
exception,ik'sepʃn,"sự trừ ra, sự loại ra","cái trừ ra, cái loại ra; ngoại lệ",sự phản đối
core,kɔ:,"lõi, hạch (quả táo, quả lê...)","điểm trung tâm, nòng cốt, hạt nhân",lõi dây thừng
savings,,(Econ) Tiết kiệm.,,
significantly,,theo một cách truyền đạt có ý nghĩa đặc biệt,"đáng kể; tới một mức độ quan trọng, tới một mức độ to lớn",
discharge,dis'tʃɑ:dʤ,"sự dỡ hàng, sự bốc dỡ (hàng)","sự nổ (súng), sự phóng ra, sự bắn ra (tên lửa, mũi tên...)","sự đuổi ra, sự thải hồi (người làm); sự tha, sự thả (người tù); sự cho ra, sự cho về (người bệnh); sự giải tán, sự giải ngũ (quân đội)"
route,ru:t,"tuyến đường, đường đi",((cũng) raut) (quân sự) lệnh hành quân,gửi (hàng hoá) theo một tuyến đường nhất định
identification,"ai,dentifi'keiʃn","sự đồng nhất hoá, sự làm thành đồng nhất","sự nhận ra, sự nhận biết sự nhận diện; sự nhận dạng; nét để nhận ra, nét để nhận biết, nét để nhận diện, nét để nhận dạng (người nào, vật gì)","sự phát hiện ra, sự nhận diện ra"
necessity,ni'sesiti,"sự cần thiết, điều tất yếu, điều bắt buộc","(số nhiều) những thứ cần thiết, những thứ cần dùng",((thường) số nhiều) cảnh nghèo túng
substance,'sʌbstəns,"chất, vật chất","thực chất, căn bản, bản chất","nội dung, đại ý"
desired,,muốn có đòi hỏi,,
consent,kən'sent,"sự đồng ý, sự ưng thuận, sự bằng lòng, sự thoả thuận; sự tán thành)","tuổi kết hôn, tuổi cập kê",(xem) silence
estimate,'estimit - 'estimeit,'estimeit/,"sự đánh giá, sự ước lượng",số lượng ước đoán
parliament,'pɑ:ləmənt,nghị viện; nghị trường,(the parliament) nghị viện Anh,(viết tắt) nghị sĩ
earnings,'ə:niɳz,"tiền kiếm được, tiền lương",tiền lãi,
transition,træn'siʤn,"sự chuyển tiếp, sự quá độ",(âm nhạc) sự chuyển giọng,(kiến trúc) sự đổi kiểu
dated,'deitid,đề nghị,"lỗi thời, cũ kỹ, không hợp thời",
psychology,sai'kɔlədʤi,tâm lý,tâm lý học,khái luận về tâm lý; hệ tâm lý
corporate,'kɔ:pərit,(thuộc) đoàn thể; hợp thành đoàn thể,thành phố có quyền tự trị,
perspective,pə'spektiv,luật xa gần; phối cảnh,tranh vẽ luật xa gần; hình phối cảnh,"cảnh trông xa; (nghĩa bóng) viễn cảnh, triển vọng; tương lai, tiến độ"
transmission,trænz'miʃn,"sự chuyển giao, sự truyền",,
preliminary,pri'liminəri,"mở đầu, mào đầu; sơ bộ, dự bị","((thường) số nhiều) công việc chuẩn bị, sự sắp đặt mở đầu; biện pháp sơ bộ",(số nhiều) điều khoản sơ bộ; cuộc đàm phán sơ bộ
mill,mil,"(từ Mỹ,nghĩa Mỹ) min (bằng 1 qoành 000 đô la)","cối xay, máy xay, nhà máy xay; máy nghiền, máy cán","xưởng, nhà máy"
profits,,(Econ) Lợi nhuận.,,
stability,stə'biliti,"sự vững vàng, sự vững chắc; sự ổn định (giá cả...)","sự kiên định, sự kiên quyết","(vật lý) tính ổn định, tính bền; độ ổn định, độ bền"
preceding,pri:'si:diɳ,trước,,
corresponding,",kɔris'pɔndiɳ",tương ứng; đúng với,"trao đổi thư từ, thông tin",(toán học) góc đồng vị
satisfactory,",sætis'fæktəri","làm thoả mãn, làm vừa ý; đầy đủ, tốt đẹp","(tôn giáo) để đền tội, để chuộc tội",
mixture,'mikstʃə,"sự pha trộn, sự hỗn hợp","thứ pha trộn, vật hỗn hợp",(dược học) hỗn dược
wheat,wi:t,(thực vật học) cây lúa mì,lúa mì,
applicant,'æplikənt,người xin việc; người thỉnh cầu,"(pháp lý) nguyên cáo, người thưa kiện",
willing,'wili,"bằng lòng, vui lòng; muốn","sẵn sàng, quyết tâm","có thiện ý, hay giúp đỡ, sẵn lòng"
considering,kən'sidəriɳ,"vì rằng, thấy rằng, xét rằng","xét cho kỹ, xét cho đến cùng",
yield,ji:ld,"sản lượng, hoa lợi (thửa ruộng); hiệu suất (máy...)","(tài chính) lợi nhuận, lợi tức","(kỹ thuật) sự cong, sự oằn"
practically,'præktikəli,về mặt thực hành (đối với lý thuyết),"thực tế, thực tiễn, thiết thực","trên thực tế, thực tế ra"
province,province,tỉnh,"(tôn giáo) địa phận, giáo khu (dưới quyền tổng giám mục)",(sử học) (La-mã) lãnh thổ (người nước Y) dưới quyền cai trị của một thống đốc La-mã
operator,'ɔpəreitə,người thợ máy; người sử dụng máy móc,người coi tổng đài (dây nói),(y học) người mổ
adjustment,ə'dʤʌstmənt,"sự sửa lại cho đúng, sự điều chỉnh, sự chỉnh lý","sự hoà giải, sự dàn xếp (mối bất hoà, cuộc phân tranh...)",
focus,'foukəs,"(toán học),  (vật lý) tiêu điểm","(nghĩa bóng) trung tâm, trọng điểm tâm",(y học) ổ bệnh
grand,grænd,"rất quan trọng, rất lớn","hùng vĩ, uy nghi, trang nghiêm, huy hoàng","cao quý, cao thượng; trang trọng, bệ vệ"
client,'klaiənt,"khách hàng (của luật sư, cửa hàng...)",,
legislature,'ledʤisleitʃə,cơ quan lập pháp,,
retirement,ri'taiəmənt,sự ẩn dật,"nơi hẻo lánh, nơi ẩn dật","sự về hưu, sự thôi (làm việc kinh doanh...)"
evolution,",i:və'lu:ʃn",sự tiến triển (tình hình...),"sự tiến hoá, sự phát triển","sự mở ra, sự nở ra (nụ...)"
salary,'sæləri,tiền lương,trả lương,
gross,grous,"mười hai tá, gốt ((cũng) small gross)","gộp cả, tính tổng quát, nói chung","to béo, phì nộm, béo phị (người)"
readily,'redili,sẵn sàng,"vui lòng, sẵn lòng","dễ dàng, không khó khăn gì"
oral,'ɔ:rəl,"bằng lời nói, nói miệng",(giải phẫu) (thuộc) miệng,"(thông tục) thi nói, thi vấn đáp"
soviet,'souviet,xô viết,xô viết,
originally,ə'ridʤnəli,với tính chất gốc; về nguồn gốc,"bắt đầu, khởi đầu, từ lúc bắt đầu","đầu tiên, trước tiên"
exceed,ik'si:d,trội hơn,làm quá,phóng đại
acquisition,",ækwi'ziʃn","sự được, sự giành được, sự thu được, sự đạt được, sự kiếm được","cái giành được, cái thu nhận được",
comprehensive,",kɔmpri'hensiv",bao hàm toàn diện,"mau hiểu, thông minh, lĩnh hội nhanh, sáng ý",trường phổ thông hỗn hợp (có nhiều chương trình học và thời gian học khác nhau)
interior,in'tiəriə,"ở trong, ở phía trong","nằm xa trong đất liền, ở nội địa","nội, nội bộ, trong nước"
faculty,'fækəlti,"tính năng, khả năng; (từ Mỹ,nghĩa Mỹ) khả năng quản trị",năng lực,"tài, tài năng"
enterprise,'entəpraiz,việc làm khó khăn; việc làm táo bạo,tính dám làm,"(từ Mỹ,nghĩa Mỹ) tổ chức kinh doanh, hãng"
accordingly,ə'kɔ:diɳ,"do đó, vì vậy, cho nên",(sao) cho phù hợp (với hoàn cảnh),(+ as) (như) according as
mortgage,,(Econ) Thế chấp.,,
panel,'pænl,"cán ô (cửa, tường),  panô; ô vải khác màu (trên quần áo đàn bà); mảnh da (cừu, dê... để viết)",(pháp lý) danh sách hội thẩm; ban hội thẩm; (Ê-cốt) danh sách báo cáo; danh sách bác sĩ bảo hiểm (đăng ký nhận chữa bệnh nhân theo chế độ bảo hiểm ở Anh),"nhóm người tham gia hội thảo, nhóm người tham gia tiết mục ""trả lời câu đố"" ... (ở đài phát thanh, đài truyền hình); cuộc hội thảo... (ở đài phát thanh, đài truyền hình...)"
essentially,,"về bản chất, về cơ bản",,
spread,spred,"sự trải ra, sự căng ra, sự giăng ra","sự truyền bá (giáo dục, tư tưởng...)",sải cánh (của chim...)
founded,,có cơ sở,,
acute,'əkju:t,"sắc, sắc bén, sắc sảo; nhạy, tinh, thính","buốt, gay gắc, kịch liệt, sâu sắc",(y học) cấp
utility,ju:'tiliti,sự có ích; tính có ích,"vật có ích, vật dùng được",thuyết vị lợi
desirable,di'zaiərəbl,"đáng thèm muốn; đáng ao ước, đáng khát khao",(thông tục) khêu gợi (dục vọng),
draft,dræf,cặn,"nước vo gạo, nước rửa bát (để nấu cho lợn...)",bã lúa mạch (sau khi ủ bia)[drɑ:ft]
effectively,i'fektivli,có kết quả,"có hiệu lực, có hiệu quả, có ích",với ấn tượng sâu sắc
conventional,kən'venʃənl,quy ước,"theo tập quán, theo tục lệ",thường
concrete,'kɔnkri:t,cụ thể,bằng bê tông,vật cụ thể
criticism,'kritisizm,"sự phê bình, sự phê phán, sự bình phẩm, sự chỉ trích","lời phê bình, lời phê phán, lời bình phẩm, lời chỉ trích",
translation,træns'leiʃn,sự dịch; bản (bài) dịch,"sự chuyển sang, sự biến thành","sự giải thích, sự coi là"
prevention,pri'venʃn,"sự ngăn cản, sự ngăn trở, sự ngăn ngừa, sự phòng ngừa",,
residence,'rezidəns,"sự ở, sự cư trú, sự trú ngụ","chỗ ở, nơi cư trú, nhà ở",dinh thự
deputy,'depjuti,"người được uỷ quyền, người thay quyền; người thay mặt, đại biểu, đại diện",(trong danh từ ghép) phó,nghị sĩ
outside,'aut'said,"bề ngoài, bên ngoài",thế giới bên ngoài,hành khách ngồi phía ngoài
obligation,",ɔbli'geiʃn","nghĩa vụ, bổn phận","ơn; sự mang ơn, sự biết ơn, sự hàm ơn",(pháp lý) giao ước
sensitive,'sensitiv,có cảm giác; (thuộc) cảm giác,"dễ cảm, dễ cảm động, dễ cảm xúc; nhạy cảm",nhạy
conversion,,"(Tech) đổi, chuyển hoán/đổi, biến đổi",,
beam,bi:m,"(kiến trúc) xà, rầm","đòn, cán (cân); bắp (cây); trục cuốn chỉ (máy dệt); gạc chính (sừng hươu)",(kỹ thuật) đòn cân bằng; con lắc
superintendent,",sju:prin'tendənt","người giám thị, người trông nom, người quản lý (công việc)",sĩ quan cảnh sát,
assumption,ə'sʌmpʃn,"sự mang, sự khoác, sự lấy (cái vẻ, tính chất...)","sự làm ra vẻ, sự giả bộ","sự mệnh danh (là đúng), sự cho rằng (là đúng), sự thừa nhận"
vital,'vaitl,"(thuộc sự) sống, cần cho sự sống","sống còn, quan trọng",nguy hiểm đến tính mạng
abuse,ə'bju:s,"sự lạm dụng, sự lộng hành","thói xấu, hủ tục","sự lăng mạ, sự sỉ nhục, sự chửi rủa, sự xỉ vả"
axis,'æksis,trục,(vật lý) tia xuyên,"(chính trị) trục Béc-lin,  Rô-ma,  Tô-ki-ô (khối liên minh)"
valid,'vælid,"vững chắc, có căn cứ","(pháp lý) có giá trị, có hiệu lực; hợp lệ",
partnership,'pɑ:tnəʃip,sự chung thân,"hội, công ty",
slight,slait,"mỏng mảnh, thon, gầy, mảnh khảnh, yết ớt","nhẹ, qua loa, sơ sài; không đang kể, mong manh","sự coi thường, sự coi nhẹ, sự xem khinh"
equity,'ekwiti,"tính công bằng, tính vô tư",tính hợp tình hợp lý,"(từ Mỹ,nghĩa Mỹ) yêu sách hợp tình hợp lý; quyền lợi hợp tình hợp lý"
contemporary,kən'tempərəri,temporary),đương thời,cùng thời; cùng tuổi (người); xuất bản cùng thời (báo chí)
characteristic,",kæriktə'ristik","riêng, riêng biệt, đặc thù, đặc trưng","đặc tính, đặc điểm",
submit,səb'mit,to submit oneself to... chịu phục tùng...,"đệ trình, đưa ra ý kiến là","chịu, cam chịu, quy phục"
dose,dous,"liều lượng, liều thuốc",cho uống thuốc theo liều lượng,trộn lẫn (rượu vang với rượu mạnh...)
cable,'keibl,dây cáp,cáp xuyên đại dương,(như) cablegram
pension,'penʃn,lương hưu,tiền trợ cấp,nhà trọ cơm tháng
shift,ʃift,"sự thay đổi vị trí, sự thay đổi tính tình; sự thăng trầm; sự luân phiên","ca, kíp","mưu mẹo, phương kế"
formerly,'fɔ:məli,"trước đây, thuở xưa",,
execution,",eksi'kju:ʃn","sự thực hiện, sự thi hành, sự thừa hành, sự chấp hành",sự thể hiện; sự biểu diễn (bản nhạc...),"(pháp lý) sự làm thủ tục để cho có giá trị (hiệp ước, giao kèo...)"
identical,ai'dentik,(ngoại giao) identic note công hàm tư tưởng (do nhiều nước cùng gửi cho một nước),"đúng, chính","(lôgic,  toán) đồng nhất"
thickness,'θiknis,"độ dày, bề dày","tình trạng đục, trạng thái không trong; trạng thái đặc, trạng thái sền sệt (của nước, rượu, cháo...)","tính dày đặc, tính rậm rạp"
considerably,kən'sidərəbli,"đáng kể, lớn lao, nhiều",,
consciousness,'kɔnʃəsnis,sự hiểu biết,ý thức,
supervision,",sju:pə'viʤn","sự trông nom, sự giám sát",,
width,wid,tính chất rộng,"bề rộng, bề ngang",khổ (vi)
peak,pi:k,lưỡi trai (của mũ),"đỉnh, chỏm chóp (núi); đầu nhọn (của râu, ngạnh)","đỉnh cao nhất, tột đỉnh, cao điểm"
functional,'fʌɳkʃənl,(như) functionary,"(toán học) (thuộc) hàm, (thuộc) hàm số",(hoá học) (thuộc) chức
intellectual,",inti'lektjuəl",(thuộc) trí óc; vận dụng trí óc,"có trí thức, hiểu biết rộng; tài trí","người trí thức, người lao động trí óc"
biological,",baiə'lɔdʤik",(thuộc) sinh vật học,,
completion,kəm'pli:ʃn,"sự hoàn thành, sự làm xong","sự làm cho hoàn toàn, sự làm cho đầy đủ",
adoption,ə'dɔpʃn,sự nhận làm con nuôi; sự nhận làm bố mẹ nuôi,"sự theo, sự làm theo (phương pháp...)","sự chọn (nghề, người cho một chức vị)"
commonwealth,'kɔmənwelθ,toàn thể nhân dân (của một nước),khối cộng đồng; nước cộng hoà,Commonwealth liên bang Uc
effectiveness,i'fektivnis,sự có hiệu lực,ấn tượng sâu sắc,
physician,fi'ziʃn,thầy thuốc,(nghĩa bóng) người chữa,
sufficiently,,"đủ, thích đáng",,
priority,priority,"quyền được trước, sự ưu tiên; điều được xét trước hết",,
lease,li:s,hợp đồng cho thuê,đem cho thuê,cho thuê theo hợp đồng
manufacture,",mænju'fæktʃə","sự chế tạo, sự sản xuất",công nghiệp,
universal,",ju:ni'və:səl","thuộc vũ trụ, thuộc thế giới, thuộc vạn vật","toàn bộ, toàn thể, tất cả, chung, phổ thông, phổ biến; vạn năng",
devoted,di'voutid,"hiến cho, dâng cho, dành cho","hết lòng, tận tâm, tận tình, tận tuỵ; sốt sắng, nhiệt tình",
intent,in'tent,"ý định, mục đích",nghĩa,"hầu như, thực tế là"
fluid,fluid,"lỏng, dễ cháy",hay thay đổi,(quân sự) di động (mặt trận...)
disposal,dis'pouzəl,"sự sắp đặt, sự sắp xếp, sự bố trí, cách sắp xếp, cách bố trí","sự vứt bỏ đi, sự bán tống đi","sự bán, sự chuyển nhượng, sự nhượng lại"
ultimately,'ʌltimitli,"cuối cùng, sau cùng, sau rốt",,
guidelines,,(Econ) Nguyên tắc chỉ đạo.,,
availability,"ə,veilə'biliti","tính sẵn sàng để dùng, tính có thể dùng được","sự có thể kiếm được, sự có thể mua được, sự có thể có được","sự có hiệu lực, sự có giá trị"
correspondence,",kɔris'pɔndəns","sự xứng nhau, sự tương ứng; sự phù hợp",thư từ; quan hệ thư từ,
contractor,kən'træktə,"thầu khoán, người đấu thầu, người thầu (cung cấp lương thực cho quân đội, bệnh viện, trường học)",(giải phẫu) cơ co,
proceeding,proceeding,"cách tiến hành, cách hành động",(số nhiều) việc kiện tụng,(số nhiều) biên bản lưu (của cuộc họp...)
virtue,'və:tju:,"đức, đức hạnh","đức tính, tính tốt","trinh tiết, tiết nghĩa"
thereafter,ðeər'ɑ:ftə,"sau đó, về sau",,
stocks,,(Econ) Dự trữ.,,
ultimate,'ʌltimit,"cuối cùng, sau cùng, chót","cơ bản, chủ yếu","(từ Mỹ,nghĩa Mỹ) lớn nhất, tối đa"
headquarters,'hed'kwɔ:təz,"(quân sự) sự chỉ huy, tổng hành dinh",,
involvement,in'vɔlvmənt,"sự gồm, sự bao hàm","sự làm cho mắc míu; sự làm cho dính líu, sự làm dính dáng; sự mắc míu; sự liên luỵ, sự dính líu, sự dính dáng","sự để hết tâm trí; tình trạng tâm trí bị thu hút, tình trạng bị lôi cuốn vào"
clothing,'klouðiɳ,"quần áo, y phục",,
commander,kə'mɑ:ndə,"người điều khiển, người cầm đầu người chỉ huy, sĩ quan chỉ huy",(kỹ thuật) cái vồ lớn,
dynamic,dai'næmik,(thuộc) động lực,(thuộc) động lực học,"năng động, năng nổ, sôi nổi"
reasonably,,hợp lý,vừa phải; chấp nhận được hoặc tạm được; vừa vừa hoặc kha khá,
probable,probable,"có thể có, có khả năng xảy ra, chắc hẳn, có lễ đúng, có lẽ thật",người ứng cử có nhiều khả năng trúng cử,sự chọn lựa hầu như chắc chắn
mounted,'mɔtld,cưỡi (ngựa),"(quân sự) cưỡi ngựa, cơ giới hoá",(quân sự) đặt (súng)
manufacturer,",mænju'fæktʃərə","người chế tạo, người sản xuất","nhà công nghiệp; chủ xí nghiệp, chủ xưởng",
decade,'dekeid,"bộ mười, nhóm mười",thời kỳ mười năm,tuần (mười ngày)
candidate,'kændidit,người ứng cử,người dự thi; thí sinh,người dự tuyển (vào một chức gì)
recommendation,",rekəmen'deiʃn","sự giới thiệu, sự tiến cử","làm cho người ta mến, đức tính làm cho có cảm tưởng tốt","sự khuyên nhủ, sự dặn bảo"
shipping,'ʃipiɳ,sự xếp hàng xuống tàu; sự chở hàng bằng tàu,"tàu (của một nước, ở một hải cảng)",thương thuyền; hàng hải
margin,'mɑ:dʤin,"mép, bờ, lề","số dư, số dự trữ",giới hạn
regime,rei'ʤi:m,"chế độ, chính thể",,
precisely,pri'saisli,"đúng, chính xác","đúng thế, hoàn toàn đúng (dùng trong câu trả lời tán tỉnh...)",
excessive,ik'sesiv,"quá mức, thừa","quá thể, quá đáng",
regardless,ri'gɑ:dlis,"không kể, không đếm xỉa tới, không chú ý tới; bất chấp",,
cast,kɑ:st,"sự quăng, sự ném (lưới...); sự thả (neo...); sự gieo (súc sắc...)","(nghĩa bóng) sự thử làm, sự cầu may",khoảng ném; tầm xa (của mũi tên)
thoroughly,'θʌrəli,"hoàn toàn, hoàn hảo","hết mực, hết sức, rất",
liberal,'libərəl,"rộng rãi, hào phóng","không hẹp hòi, không thành kiến","nhiều, rộng râi, đầy đủ"
penalty,'penlti,"hình phạt, tiền phạt","(thể dục,thể thao) quả phạt đền (bóng đá)","(định ngữ),  (thể dục,thể thao) phạt đền"
ethnic,'eθnik,"thuộc dân tộc, thuộc tộc người","không theo tôn giáo nào, vô thần",
dispute,dis'pju:t,"cuộc bàn cãi, cuộc tranh luận",cuộc tranh chấp (giữa hai người...),"cuộc cãi cọ; sự bất hoà, sự bất đồng ý kiến"
select,si'lekt,"được lựa chọn, có chọn lọc","kén chọn; dành riêng cho những người được kén chọn (hội, tổ chức...)","(từ Mỹ,nghĩa Mỹ) hay kén chọn, khó tính"
induced,,"cảm sinh, cảm ứng",,
theme,θi:m,"đề tài, chủ đề","(ngôn ngữ nhà trường) luận văn, bài luận",(ngôn ngữ học) chủ tố
discipline,'disiplin,kỷ luật,sự rèn luyện trí óc,nhục hình; sự trừng phạt
bearing,'beəriɳ,sự mang,sự chịu đựng,"sự sinh nở, sự sinh đẻ"
import,'impɔ:t,"sự nhập, sự nhập khẩu (hàng hoá)","((thường) số nhiều) hàng nhập, hàng nhập khẩu","ý nghĩa, nội dung (của một từ, một văn kiện)"
treat,tri:t,"sự đãi, sự thết đãi","tiệc, buổi chiêu đãi","điều vui thích, điều thú vị, điều khoan khoái"
sustained,,được duy trì liên tục,,
radical,'rædikəl,"gốc, căn bản",(chính trị) cấp tiến,đảng Cấp tiến
adverse,'ædvə:s,"đối địch, thù địch, nghịch lại, chống đối","bất lợi, có hại",ngược
virtually,'və:tjuəli,"thực sự, thực tế","hầu như, gần như",
validity,və'liditi,(pháp lý) giá trị pháp lý; hiệu lực; tính chất hợp lệ,giá trị,
eligible,i'liminəbl,"đủ tư cách, thích hợp",có thể chọn được,
perception,pə'sepʃn,sự nhận thức,(triết học) tri giác,(pháp lý) sự thu (thuế...)
likewise,'laikwaiz,"cúng thế, giống như cậy","cũng, còn là",cũng vậy
plot,plɔt,"mảnh đất nhỏ, miếng đất","tình tiết, cốt truyện (kịch, tiểu thuyết...)","(từ Mỹ,nghĩa Mỹ) sơ đồ, đồ thị, biểu đồ, đồ án"
particle,'pɑ:tikl,"chút, tí chút","(ngôn ngữ học) tiểu từ không biến đổi; tiền tố, hậu tố",(vật lý) hạt
replacement,ri'pleismənt,"sự thay thế; vật thay thế, người thay thế",sự đặt lại chỗ c,
inflation,in'fleiʃn,"sự bơm phồng, sự thổi phồng; tình trạng được bơm phồng, tình trạng được thổi phồng",sự lạm phát,sự tăng giá giả tạo
undertaken,",ʌndə'teik","làm, định làm","nhận làm, cam kết","bảo đảm, cam đoan"
confined,,"giới hạn, hạn chế",,
migration,mai'greiʃn,sự di trú,sự chuyển trường (từ trường đại học này sang trường đại học khác),đoàn người di trú; bầy chim di trú
abandoned,ə'bændənd,"bị bỏ rơi, bị ruồng bỏ","phóng đãng, truỵ lạc",
recreation,",rekri'eiʃn","sự giải lao, sự giải trí, sự tiêu khiển","giờ chơi, giờ nghỉ, giờ giải lao (ở trường học)","(từ Mỹ,nghĩa Mỹ),  (quân sự) căn cứ (để) nghỉ ngơi"
modification,",mɔdifi'keiʃn","sự sửa đổi, sự biến cải, sự thay đổi","sự làm giảm nhẹ, sự bớt đi, sự dịu đi",(ngôn ngữ học) sự biến thể; hiện tượng biến âm sắc
database,,"(Tech) kho dữ liệu, cơ sở dữ liệu [TN]",,
though,ðou,"dù, dù cho, mặc dù, dẫu cho","dường như, như thể là",(xem) even
privilege,privilege,"đặc quyền, đặc ân",cho đặc quyền; ban đặc ân (cho ai),miễn (ai) khỏi chịu (gánh nặng...)
memorial,mi'nɔ:riəl,"(thuộc) kỷ niệm; để ghi nhớ, để kỷ niệm",(thuộc) ký ức,"(từ Mỹ,nghĩa Mỹ) ngày chiến sĩ trận vong (30 tháng 5)"
segment,'segmənt,"đoạn, khúc, đốt, miếng","(toán học) đoạn, phân","cắt từng đoạn, cắt ra từng khúc, cắt ra từng miếng"
pine,pain,(thực vật học) cây thông,gỗ thông,(như) pineapple
separately,,"không cùng nhau; thành người riêng, vật tách riêng ra",,
excluded,,bị loại trừ,,
disposition,",dispə'ziʃn","sự sắp xếp, sự sắp đặt, cách sắp xếp, cách bố trí","((thường) số nhiều) (quân sự) kế hoạch; sự chuẩn bị, cách bố trí lực lượng (tấn công hoặc phòng ngự)","sự dùng, sự tuỳ ý sử dụng"
cabinet,'kæbinit,"tủ (có nhiều ngăn, đựng đồ dạc quý)","vỏ (máy thu thanh, máy ghi âm)","nội các, chính phủ"
attendance,ə'tendəns,"sự dự, sự có mặt","số người dự, số người có mặt","sự chăm sóc, sự phục vụ, sự phục dịch; sự theo hầu"
hell,hel,"địa ngục, âm ti; nơi tối tăm khổ cực",chỗ giam những người bị bắt (trong trò chơi bắt tù binh của trẻ con),sòng bạc
laser,,<kỹ> la-de,,
prime,praim,đầu tiên,"chủ yếu, quan trọng nhất, hàng đầu","tốt nhất, loại nhất; ưu tú, xuất sắc, hoàn hảo"
fleet,fleet,"đội tàu, hạm đội","đội máy bay, phi đội","đoàn tàu, đoàn xe (của ai)"
suspended,,lơ lửng; huyền phù,,
solar,'soulə,"(thuộc) mặt trời, (thuộc) thái dương",,
injection,in'dʤekʃn,sự tiêm,"chất tiêm, thuốc tiêm","mũi tiêm, phát tiêm"
noble,'noubl,"(thuộc) quý tộc, quý phái","cao quý (người), cao thượng, cao nhã (văn)","huy hoàng, nguy nga (lâu đài...)"
conception,kən'sepʃn,"quan niệm, nhận thức",khái niệm,sự thai nghén trong óc; sự hình thành trong óc
proceeds,proceeds,"số thu nhập; tiền lời, lãi",,
initiative,i'niʃiətiv,"bắt đầu, khởi đầu","bước đầu, sự khởi đầu, sự khởi xướng","sáng kiến, óc sáng kiến"
fighting,'faitiɳ,"sự chiến đấu, sự đánh nhau","cuộc chiến đấu, cuộc đấu tranh, cuộc đánh nhau","chiến đấu, đấu tranh, đánh nhau"
profile,profile,nét mặt nhìn nghiêng; mặt nghiêng,sơ lược tiểu sử,"về mặt nghiêng, trình bày mặt nghiêng, chụp mặt nghiêng"
incorporated,in'kɔ:pəreitid,"sáp nhập, hợp nhất, kết hợp chặt chẽ","hợp thành tổ chức, hợp thành đoàn thể",
crew,kru:,toàn bộ thuỷ thủ trên tàu; toàn bộ người lái và nhân viên trên máy bay,"ban nhóm, đội (công tác...)","bọn, tụi, đám, bè lũ"
exhibit,ig'zibit,"vật trưng bày, vật triển lãm","sự phô bày, sự trưng bày",(pháp lý) tang vật
expectations,,(Econ) Kỳ vọng; dự tính.,,
disorder,dis'ɔ:də,"sự mất trật tự, sự bừa bãi, sự lộn xộn","sự hỗn loạn, sự rối loạn, sự náo loạn","(y học) sự khó ở, sự rối loạn (một chức năng của cơ thể)"
friendly,'frendli,"thân mật, thân thiết, thân thiện","thuận lợi, tiện lợi",(tôn giáo) (Friend) thuộc phái Quây-cơ
ton,tʌn,tấn,"ton (đơn vị dung tích tàu bè bằng 2, 831 m3)","ton (đơn vị trọng tải của tàu bè bằng 1, 12 m3)"
inspector,in'spektə,người thanh tra,phó trưởng khu cảnh sát,
pulse,pʌls,hột đỗ đậu,(y học) mạch,"nhịp đập; (nghĩa bóng) nhịp đập của cuộc sống, cảm xúc rộn ràng"
resident,'rezidənt,"cư trú, ở chính thức (một nơi nào); thường trú",(động vật học) không di trú (chim),"ở ngay tại chỗ, nội trú (bệnh viện, trường học...)"
competent,'kɔmpitənt,"có đủ khả năng, có đủ trình độ, thạo giỏi",(pháp lý) có thẩm quyền,"có thể cho phép được, tuỳ ý"
convinced,kən'vinst,tin chắc,,
inadequate,in'ædikwit,"không tương xứng, không xứng, không thích đáng, không thoả đáng","không đủ, không đầy đủ, thiếu","(từ Mỹ,nghĩa Mỹ) không thể thích nghi đầy đủ với xã hội; không trưởng thành được về tâm lý"
assess,ə'ses,"định giá (tài sản, hoa lợi...) để đánh thuế; đánh giá; ước định","định mức (tiền thuế, tiền phạt)","đánh thuế, phạt"
governmental,",gʌvən'mentl",(thuộc) chính phủ,(thuộc) chính quyền,
crucial,'kru:ʃjəl,"quyết định; cốt yếu, chủ yếu",(y học) hình chữ thập,
dental,'dentl,(thuộc) răng,(ngôn ngữ học) âm răng,
infant,'infənt,"đứa bé còn ãm ngửa, đứa bé (dưới 7 tuổi)",(pháp lý) người vị thành niên,"(từ Mỹ,nghĩa Mỹ) (nghĩa bóng) người mới vào nghề, lính mới"
alliance,ə'laiəns,"sự liên minh, khối liên minh khối đồng minh",sự thông gia,"quan hệ họ hàng; sự cùng chung một tính chất, sự cùng chung những đức tính"
servant,'sə:vənt,"người hầu, người đầy tớ, người ở",bầy tôi trung thành,vật để dùng chứ không phải để thờ; cái coi là phương tiện chứ đừng coi là mục đích
undoubtedly,,"rõ ràng, chắc chắn, không thể tranh cãi được, không bị hoài nghi, không bị thắc mắc",,
aluminum,ə'ljuminəm,"(từ Mỹ,nghĩa Mỹ) (như) aluminium",,
distinguished,dis'tiɳgwiʃt,"đặc biệt, khác biệt, đáng chú ý","ưu tú, xuất sắc, lỗi lạc",(như) distingué
walker,'wɔ:kə,người đi bộ,người dạo chơi,"(thể dục,thể thao) vận động viên đi bộ"
fate,feit,"thiên mệnh, định mệnh, số mệnh, số phận","(thần thoại,thần học) thần mệnh","điều tất yếu, điều không thể tránh được"
thesis,'θi:sis,"luận văn, luận án","luận điểm, luận đề, thuyết",chính đề
subdivision,"'sʌbdi,viʤn",sự chia nhỏ ra; phần chia nhỏ ra,"chi nhánh, phân hiệu",
programming,,"chương trình hoá, kế hoạch hoá, quy hoạch",automatic p. chương trình hoá tự động,computer p. lập chương trình cho máy tính
converted,kən'və:tid,đã cải đạo; theo đạo,"người cải đạo, người theo đạo",
dimension,di'menʃn,"chiều, kích thước, khổ, cỡ",(toán học) thứ nguyên (của một đại lượng),"định kích thước, đo kích thước (một vật gì)"
mathematical,",mæθi'mætikəl","toán, toán học","đúng, chính xác (bằng chứng...)",
complexity,kəm'pleksiti,"sự phức tạp, sự rắc rối",điều phức tạp,
striking,'straikiɳ,"nổi bật, gây ấn tượng sâu sắc, đập vào mắt",,
seal,si:l,(động vật học) chó biển,(như) sealskin,săn chó biển
fraud,frɔ:d,"sự gian lận, sự gian trá; sự lừa lọc, sự lừa gạt","âm mưu lừa gạt, mưu gian","cái không đúng như sự mong đợi, cái không đúng như sự mưu tả"
exceeding,ik'si:diɳ,vượt bực; trội; quá chừng,,
capability,",keipə'biliti","khả năng, năng lực",(số nhiều) năng lực tiềm tàng,
investigate,in'vestigeit,điều tra nghiên cứu,,
strictly,,một cách nghiêm khắc; hoàn toàn,,
lighting,'laitiɳ,"sự thắp đèn, sự chăng đèn",thuật bố trí ánh sáng,ánh sáng bố trí ở sân khấu; ánh sảng toả trên tranh
chiefly,'tʃi:fli,"(từ hiếm,nghĩa hiếm) (thuộc) người đứng đầu; hợp với thủ lĩnh","trước nhất, nhất là",chủ yếu là
throat,θrout,"họng, cuống họng",lỗ hẹp; cổ (chai); cửa (lò cao),khúc sông hẹp (giữa hai vách đá)
navigation,",nævi'geiʃn","nghề hàng hải, sự đi biển, sự đi sông",tàu bè qua lại,
scheduled,,"được ghi trong danh mục, được ghi trong lịch trình, được ghi trong chương trình",,
flesh,flesh,thịt,"thịt, cùi (quả)","sự mập, sự béo"
flexible,flexible,"dẻo, mền dẻo, dễ uốn","dễ sai khiến, dễ thuyết phục, dễ uốn nắn","linh động, linh hoạt"
fiber,'faibə,"(sinh vật học) sợi, thớ",sợi phíp,"cấu tạo có thớ, kết cấu có thớ"
computed,,"(Tech) được tính toán, đã tính xong",,
evil,'i:vl,"xấu, ác, có hại",(xem) one,"cái xấu, điều ác; tội lỗi; cái (có) hại; điều tai hại, tai hoạ"
philosophical,",filə'sɔfik",(thuộc) triết học; theo triết học; hợp với triết học,giỏi triết học; dành cho việc nghiên cứu triết học,"bình thảnh, khôn ngoan, thông thái"
assurance,ə'ʃuərəns,"sự chắc chắn; sự tin chắc; điều chắc chắn, điều tin chắc","sự quả quyết, sự cam đoan; sự đảm bảo",sự tự tin
numerical,nju:'merikəl,(thuộc) số,bằng s,
genuine,'dʤenjuin,"thật, chính cống, xác thực","thành thật, chân thật",
assure,ə'ʃuə,"làm cho vững tâm, làm cho tin chắc","quả quyết, cam đoan",đảm bảo
tail,teil,"đuôi (thú vật, chim, cá...)","đuôi, đoạn cuối, đoạn chót",đoàn tuỳ tùng
tumor,'tju:mə,"khối u, u, bướu",,
cooperative,,hợp tác,,
hardware,'hɑ:dweə,đồ ngũ kim,"(từ Mỹ,nghĩa Mỹ),  (từ lóng) vũ khí",
certification,",sə:tifi'keiʃn",sự cấp giấy chứng nhận,giấy chứng nhận,
serial,'siəriəl,"theo từng hàng, theo từng dãy, theo từng chuỗi, theo thứ tự",ra theo từng số (truyện in trên báo),ra từng kỳ (tạp chí)
innovation,",inou'veiʃn",sự đưa vào những cái mới,"sáng kiến, điều mới đưa vào, cái mới, phương pháp mới","sự tiến hành đổi mới, sự đổi mới"
assured,ə'ʃuəd,"tin chắc, cầm chắc, yên trí","chắc chắn, quả quyết; đảm bảo",tự tin
arch,ɑ:tʃ,"khung tò vò, cửa tò vò",hình cung,vòm; nhịp cuốn (cầu...)
educated,,"có giáo dục, có học",,
gear,giə,"cơ cấu, thiết bị, dụng cụ; đồ gá lắp, phụ tùng",(kỹ thuật) bánh răng; sự truyền động bánh răng; số (ô tô...),(hàng hải) thiết bị tàu thuỷ
illustration,",iləs'treiʃn",sự minh hoạ,tranh minh hoạ; thí dụ minh hoạ; câu chuyện minh hoạ,
controversy,'kɔntrəvə:si,"sự tranh luận, sự tranh cãi","cuộc tranh luận, cuộc bàn cãi, cuộc luận chiến; cuộc bút chiến","không cần phải tranh luận, không cần phải bàn cãi nữa, không còn nghi ngờ gì nữa"
supervisor,'sju:pəvaizə,người giám sát,,
presumably,,có thể đoán chừng; có thể được; có lẽ,,
naval,'neivəl,"(thuộc) hải quân, (thuộc) thuỷ quân",,
justified,,(justified in doing something) có lý do chính đáng để làm điều gì,"hợp lý, đã được chính minh là đúng",
withdrawal,wi 'dr : l,sự rút khỏi,sự rút ra,sự rút quân
informal,in'fɔ:ml,"không theo thủ tục quy định, không chính thức",không nghi thức thân mật,
varied,'veərid,"khác nhau; thay đổi, biến đổi",lắm vẻ; đầy những đổi thay,
marginal,'mɑ:dʤinl,"(thuộc) mép, ở mép, ở bờ, ở lề",sát giới hạn,"khó trồng trọt, trồng trọt không có lợi (đất đai)"
employ,im'plɔi,sự dùng (người),việc làm,làm việc cho ai
deficit,'defisit,(tài chính) số tiền thiếu hụt (do chi lớn hơn thu),,
holder,'houldə,"người giữ, người nắm giữ; người giữ một chức vụ; (thể dục,thể thao) người giữ kỷ lục","bót (thuốc lá); quản (bút); tay cầm, tay nắm, tay quay; đui (đèn)","(kỹ thuật) mâm cặp, vòng kẹp"
potentially,,xem potential,,
harm,hɑ:m,"hại, tai hại, tổn hao, thiệt hại",ý muốn hại người; điều gây tai hại,"làm hại, gây tai hại, làm tổn hại"
legitimate,li'dʤitimit,hợp pháp,chính đáng; chính thống,"có lý, hợp lôgic"
bankruptcy,'bæɳkrəptsi,"sự vỡ nợ, sự phá sản","sự mất hoàn toàn (danh sự, tiếng tăm...)",
offense,ə'fens,"(từ Mỹ,nghĩa Mỹ) (như) offence",,
presidential,",prezi'denʃəl","(thuộc) chủ tịch; (từ Mỹ,nghĩa Mỹ) (thuộc) tổng thống",,
label,'leibl,"nhãn, nhãn hiệu",danh hiệu; chiêu bài,(pháp lý) phân bổ chính (của một văn kiện)
flexibility,flexibility,"tính chất dẻo, tính chất mền dẻo, tính dễ uốn","tính dễ sai khiến, tính đễ thuyết phục, tính dễ uốn nắn","tính linh động, tính linh hoạt"
merchandise,'mə:tʃəndaiz,hàng hoá,buôn bán,
editorial,",edi'tɔ:riəl",(thuộc) công tác thu thập và xuất bản,(thuộc) chủ bút (báo...),bài xã luận (của một tờ báo...)
evidently,,"hiển nhiên, rõ ràng",,
grains,greinz,xiên đâm cá,,
forestry,'fɔristri,miền rừng,lâm học,
worship,'wə:ʃip,"(tôn giáo) sự thờ cúng, sự cúng bái","sự tôn kính, sự suy tôn, sự tôn sùng",ngài
extract,'ekstrækt - iks'trækt,iks'trækt/,đoạn trích,(hoá học) phần chiết
hay,hei,cỏ khô (cho súc vật ăn),"(từ Mỹ,nghĩa Mỹ),  (từ lóng) đi nằm, đi ngủ",(xem) needle
insufficient,",insə'fiʃənt","không đủ, thiếu",,
colonial,kə'lounjəl,thuộc địa; thực dân,tên thực dân,
skilled,skild,"(từ hiếm,nghĩa hiếm) khéo léo, lành nghề",,
feedback,'fi:dbæk,(raddiô) sự nối tiếp,(điện học) sự hoàn ngược,
divorce,di'vɔ:s,sự ly dị,"(nghĩa bóng) sự lìa ra, sự tách ra",cho ly dị; ly dị (chồng vợ...)
revolutionary,",revə'lu:ʃnəri",cách mạng,nhà cách mạng,
archives,'ɑ:kitreiv,văn thư lưu trữ,cơ quan lưu trữ,
deposition,",depə'ziʃn",sự phế truất (vua...); sự hạ bệ,sự cung khai; sự cung cấp bằng chứng; lời cung khai,sự lắng đọng
deduction,di'dʌkʃn,"sự lấy đi, sự khấu đi, sự trừ đi","sự suy ra, sự luận ra, sự suy luận, sự suy diễn",điều suy luận
seldom,'seldəm,"ít khi, hiếm khi",,
heritage,,"tài sản thừa kế, di sản","<kinh thánh> nhà thờ, giáo hội",
gently,'dʤentli,"nhẹ nhàng, êm ái, dịu dàng",chầm chậm,
beneficial,",beni'fiʃəl",có ích; có lợi; tốt,(pháp lý) sinh hoa lợi (tài sản),
selective,si'lektiv,"có lựa chọn, có chọn lọc, có tuyển lựa",,
counter,'kauntə,"quầy hàng, quầy thu tiền",ghi sê (ngân hàng),"bàn tính, máy tính"
offset,'ɔ:fset,"chồi cây, mầm cây","núi ngang, hoành sơn","sự đền bù, sự bù đắp"
integrated,,"được lấy tích phân, được hợp nhất lại; được nhóm lại",,
landing,'lændiɳ,"sự đổ bộ, sự ghé vào bờ (tàu biển, thuyền bè); sự hạ cánh (máy bay)","bến, nơi đổ",đầu cầu thang
rigid,'ridʤid,cứng,"(nghĩa bóng) cứng rắn, cứng nhắc",
subscription,səb'skripʃn,"sự quyên góp (tiền); số tiền quyên góp, số tiền đóng",tiền đóng trước (để mua cái gì...),sự mua báo dài hạn
poultry,'poultri,"gà vẹt, chim nuôi",,
combustion,kəm'bʌstʃn,sự đốt cháy; sự cháy,,
vegetation,",vedʤi'teiʃn","cây cối, cây cỏ, thực vật",(sinh vật học) sự sinh dưỡng,(y học) sùi
maturity,mə'tjuəriti,"tính chín; tính thành thực, tính trưởng thành","tính cẩn thận, tính chín chắn, tính kỹ càng",(thương nghiệp) kỳ hạn phải thanh toán
binding,'baindiɳ,"sự liên kết, sự ghép lại, sự gắn lại, sự trói lại, sự buộc lại, sự bó lại",sự đóng sách,bìa sách
infinite,'infinit,"không bờ bến, vô tận; vô vàn (infinite danh từ số nhiều) không đếm được, hằng hà sa số",(toán học) vô hạn,cái không có bờ bến
prospect,prospect,"cảnh, toàn cảnh, viễn cảnh",viễn tượng,"hy vọng ở tương lai, triển vọng tương lai, tiền đồ"
accumulation,"ə,kju:mju'leiʃ","sự chất đống, sự chồng chất, sự tích luỹ, sự tích lại, sự tích tụ, sự góp nhặt","sự làm giàu, sự tích của",sự tích thêm vốn (do lãi ngày một đẻ ra)
dual,'dju:əl,"hai, lưỡng, kép, đôi; hai mặt; gấp đôi; tay đôi",(ngôn ngữ học) đôi,(toán học) đối ngẫu
arbitrary,'ɑ:bitrəri,"chuyên quyền, độc đoán","tuỳ ý, tự ý",không bị bó buộc
metabolism,me'tæbəlizm,(sinh vật học) sự trao đổi chất,,
widow,'widou,"người đàn bà goá, qu phụ","giết chồng, giết vợ (ai); làm cho goá (chồng, vợ); cướp mất chồng, cướp mất vợ (ai)",(th ca) cướp mất (bạn...)
duly,'dʌli,"đúng dắn, thích đáng, chính đáng",đủ,"đúng giờ, đúng lúc"
verbal,'və:bəl,"(thuộc) từ, (thuộc) lời","bằng lời nói, bằng miệng","theo chữ một, từng chữ một (dịch)"
estimation,",esti'meiʃn",sự đánh giá; sự ước lượng,"sự kính mến, sự quý trọng",
elevation,",eli'veiʃn","sự nâng lên, sự đưa lên, sự giương lên; sự ngẩng lên; sự ngước lên",sự nâng cao (phẩm giá),(quân sự) góc nâng (góc giữa nòng súng và đường nằm ngang)
mix,miks,"trộn, trộn lẫn, pha lẫn, hoà lẫn",pha,"hợp vào, lẫn vào, hoà lẫn vào"
odd,ɔd,"(the odd) (thể dục,thể thao) cú đánh thêm (chơi gôn)",lẻ,cọc cạch
explicit,iks'plisit,"rõ ràng, dứt khoát",nói thẳng (người),(toán học) hiện
tribe,traib,bộ lạc,"lũ, bọn, tụi",(động vật học) tông
barrier,bæriə,"đặt vật chướng ngại (để chặn, phòng thủ)",chắn ngang,chắn lại không cho ra
methodology,",meθə'dɔlədʤi",phương pháp học,,
mercury,'mə:kjuri,thuỷ ngân,(Mercury) Thần Méc-cua,(Mercury) sao Thuỷ
conjunction,kən'dʤʌɳkʃn,"sự liên kết, sự kết hợp, sự tiếp hợp",cơ hội trùng hợp; sự kiện kết hợp,(ngôn ngữ học) liên từ
elimination,"i,limi'neiʃn","sự loại ra, sự loại trừ",(sinh vật học) sự bài tiết,sự lờ đi
vicinity,vi'siniti,"sự lân cận, sự tiếp cận",vùng lân cận,quan hệ gần gũi
exclusion,iks'klu:ʤn,"sự không cho vào (một nơi nào...), sự không cho hưởng (quyền...)",sự ngăn chận,sự loại trừ
hung,hæɳ,"sự cúi xuống, sự gục xuống","dốc, mặt dốc",cách treo (một vật gì)
tunnel,'tʌnl,đường hầm,hang (chuột...),ống (lò sưởi)
retention,ri'tenʃn,"sự giữ lại, sự cầm lại",sự duy trì,sự ghi nhớ; trí nhớ
thereon,ðeər'ɔn,"(từ cổ,nghĩa cổ) trên đó, trên ấy","ngay sau đó, tiếp theo đó; do đó",
custody,'kʌstədi,"sự coi sóc, sự chăm sóc, sự trông nom, sự canh giữ","sự bắt giam, sự giam cầm",giao ai cho nhà chức trách
oxidation,",ɔksidai'zeiʃn",(hoá học) sự oxy hoá,,
medieval,",medi'i:vəl",(thuộc) thời Trung cổ; kiểu trung cổ,,
eng,,"Peter, cử nhân khoa học (kỹ sư)",nước Anh (England),người Anh; tiếng Anh (English)
impose,im'pouz,"(+ on,  upon) đánh (thuế...); bắt chịu, bắt gánh vác, bắt cáng đáng","(+ upon) đánh lừa tống ấn, đánh lộn sòng, đánh tráo",(ngành in) lên khuôn (trang in)
specify,'spesifai,"chỉ rõ, ghi rõ, định rõ, ghi chú vào phần chi tiết kỹ thuật",,
successive,sək'sesiv,"kế tiếp; liên tiếp, liên tục; lần lượt",,
enzyme,'enzaim,"(hoá học),  (sinh vật học) Enzim",,
deck,dek,"boong tàu, sàn tàu","tầng trên, tầng nóc (xe buýt hai tầng)","(hàng không),  (từ lóng) đất, mặt đất"
outline,'autlain,"nét ngoài, đường nét","hình dáng, hình bóng","nét phác, nét đại cương; đề cương; sự vạch ra những nét chính (của một kế hoạch...)"
displacement,dis'pleismənt,"sự đổi chỗ, sự dời chỗ, sự chuyển chỗ","sự thải ra, sự cách chức (một công chức...)","sự chiếm chỗ, sự hất ra khỏi chỗ"
tuberculosis,"tju:,bə:kju'lousis",bệnh lao,,
electronics,ilek'trɔniks,điện tử học,,
potassium,pə'tæsjəm,(hoá học) kali,,
criterion,krai'tiəriən,tiêu chuẩn,,
lifetime,'laiftaim,"đời, cả cuộc đời",suốt đời,
testament,'testəmənt,"lời di chúc, chúc thư",(Testament) kinh thánh,
minimal,'miniml,rất nhỏ li ti,tối thiểu,
anterior,æn'tiəriə,"ở trước, đằng trước, phía trước",trước,
catalogue,'kætəlɔg,bản liệt kê mục lục,kẻ thành mục lục,chia thành loại
mobility,mou'biliti,"tính chuyển động, tính di động; tính lưu động","tính hay thay đổi, tính dễ biến đổi, tính biến đổi nhanh",
purchaser,'pə:tʃəsə,"người mua, người tậu",,
catalog,,Cách viết khác : catalogue,,
fabric,'fæbrik,công trình xây dựng,"giàn khung, kết cấu, cơ cấu ((nghĩa đen) & (nghĩa bóng))",vải ((thường) texile fabric)
scarcely,'skeəsli,"vừa vặn, vừa mới","chắc chắn là không, không",
engagement,in'geidʤmənt,"sự hứa hẹn, sự ước hẹn, sự cam kết, sự ràng buộc, sự hứa hôn",sự hứa gặp,"sự thuê mướn (người làm...), sự tuyển mộ"
vocational,vou'keiʃənl,(thuộc) nghề nghiệp,,
resistant,ri'zistənt,"chống cự, kháng cự, đề kháng","có sức chịu đựng, có sức bền, bền",
extraction,iks'trækʃn,sự trích (sách); sự chép (một đoạn trong sách),sự nhổ (răng...),"sự bòn rút, sự moi"
occupational,",ɔkju'peiʃənl",(thuộc) nghề nghiệp,,
underground,'ʌndəgraund,"dưới đất, ngầm","(nghĩa bóng) kín, bí mật","dưới đất, ngầm"
adequately,,"tương xứng, thích đáng, thoả đáng",,
junction,'dʤʌɳkʃn,"sự nối liền, sự gặp nhau","mối nối, chỗ nối; chỗ gặp nhau (của các con đường...)",(ngành đường sắt) ga đầu mối (nơi các đường xe lửa gặp nhau)
denial,di'naiəl,"sự từ chối, sự khước từ; sự phủ nhận",sự từ chối không cho (ai cái gì),"sự chối, sự không nhận"
quantum,'kwɔntəm,"phần, mức, ngạch; lượng, định lượng",(vật lý) lượng tử,(định ngữ) (vật lý) (thuộc) lượng tử
temporal,'tempərəl,(thuộc) thời gian,"(thuộc) trần tục, (thuộc) thế tục; (thuộc) thế gian",(giải phẫu) (thuộc) thái dương
prospective,prospective,"(thuộc) tương lai, sẽ tới về sau",,
restriction,ris'trikʃn,"sự hạn chế, sự giới hạn, sự thu hẹp",,
outlook,'autluk,"quang cảnh, viễn cảnh","cách nhìn, quan điểm","triển vọng, kết quả có thể đưa đến"
ease,i:z,"sự thanh thản, sự thoải mái; sự không bị ràng buộc","sự thanh nhàn, sự nhàn hạ","sự dễ dàng, dự thanh thoát"
reversed,,đảo ngược; nghịch đảo,,
collector,kə'lektə,"người thu thập, người sưu tầm; người thu (thuế, tiền...)",người đi quyên,"(kỹ thuật) cổ góp, vành góp, cực góp, ống góp"
actively,'æktivli,"tích cực hoạt động; nhanh nhẹn, linh lợi",có hiệu lực,
vitamin,'vitəmin,vitamin,,
interstate,'intəsteit,giữa các nước,,
territorial,",teri'tɔ:riəl","(thuộc) đất đai, (thuộc) địa hạt, (thuộc) lãnh thổ","(thuộc) khu vực, (thuộc) vùng, (thuộc) miền","(Territorial) (từ Mỹ,nghĩa Mỹ) (thuộc) hạt (vùng chưa được hưởng những quyền lợi như một bang)"
cord,kɔ:d,dây thừng nhỏ,(giải phẫu) dây,đường sọc nối (ở vải)
accommodation,"ə,kɔmə'deiʃn","sự điều tiết, sự thích nghi, sự làm cho phù hợp",sự điều tiết (sức nhìn của mắt),"sự hoà giải, sự dàn xếp"
flux,flux,"sự chảy mạnh, sự tuôn ra",sự thay đổi liên tục,"(kỹ thuật) dòng, luồng"
ceiling,'si:liɳ,trần (nhà...),(hàng không) độ cao tối đa (của một máy bay),giá cao nhất; bậc lương cao nhất
injured,'indʤəd,"bị tổn thương, bị làm hại, bị thương",bị xúc phạm,"tỏ vẻ bị xúc phạm, tỏ vẻ mếch lòng"
flame,fleim,ngọn lửa,ánh hồng,"cơn, cơn bừng bừng"
inferior,in'fiəriə,dưới,"thấp hơn, kém; thấp kém, tồi (vật...)","(thực vật học) hạ, dưới (bầu hoa)"
spouse,spauz,"(thơ ca); (từ cổ,nghĩa cổ) chồng; vợ",,
enforce,in'fɔ:s,"làm cho có hiệu lực, làm cho có sức mạnh (một lý lẽ), đòi cho được (một yêu sách)","(+ upon) ép làm, thúc ép, ép buộc (một việc gì)","bắt tôn trọng, bắt tuân theo; đem thi hành (luật lệ)"
ref,,"<thể>, <pháp><thgt> trọng tài",vt của reference tham chiếu; có liên quan tới; về việc,
wounded,'wu:ndid,bị thương,"bị tổn thương, bị xúc phạm",the wounded những người bị thương
sociology,",sousi'ɔlədʤi",xã hội học,,
liquor,'likə,chất lỏng,rượu,(từ lóng) cốc rượu nhỏ; hớp rượu
commissions,,(Econ) Xem COMPENSATION RULES,,
sharply,,"sắt, nhọn, bén","rõ nghĩa, dễ nhận, rõ ràng, sắc nét","thình lình, đột ngột (về đoạn cong, đường cong, dốc )"
hunting,'hʌntiɳ,sự đi săn,"sự lùng sục, sự tìm kiếm",sự lùng săn (lùng sục một vùng để săn)
suffering,'sʌfəriɳ,"sự đau đớn, sự đau khổ","đau đớn, đau khổ",
venture,'ventʃə,"việc mạo hiểm, việc liều lĩnh",(thương nghiệp) sự đầu cơ,"tuỳ may rủi, liều"
expedition,",ekspi'diʃn",cuộc viễn chinh; đội viễn chinh,cuộc thám hiểm; đoàn thám hiểm,"cuộc hành trình, cuộc đi; đoàn người đi (trong cuộc hành trình)"
precipitation,"pri,sipi'teiʃn","sự vội vàng, sự vội vã cuống cuồng","(hoá học) sự kết tủa, sự lắng; chất kết tủa, chất lắng",(khí tượng) mưa
issuance,'isju:əns,sự phát; sự phát hành; sự cho ra,"sự phát ra, sự đi ra, sự chảy ra, sự thoát ra",
independently,",indi'pendəntli",độc lập,"(+ of) không lệ thuộc, không phụ thuộc, không tuỳ thuộc",
promptly,,"mau lẹ, nhanh chóng; ngay lập tức, đúng giờ, không chậm trễ",sẵn sàng; hành động không chậm trễ (người),
anthony,'æntəni,st anthony thần của những người nuôi lợn,con lợn nhỏ nhất trong lứa,(st) anthony's fire (y học) viêm quầng
stimulation,",stimju'leiʃn","sự kích thích, sự khuyến khích",,
contention,kən'tenʃn,sự cãi nhau; sự tranh luận; sự tranh chấp; sự bất hoà,"sự ganh đua, sự đua tranh, sự cạnh tranh","luận điểm, luận điệu"
defect,di'fekt,"thiếu sót, sai sót, nhược điểm; tật xấu, khuyết điểm",(vật lý) sự hụt; độ hụt,"(toán học) số khuyết, góc khuyết"
stroke,strouk,"cú, cú đánh, đòn",(y học) đột quỵ,sự cố gắng
optimal,'ɔptiməl,tốt nhất,,
dividend,'dividend,"(toán học) số bị chia, cái bị chia",(tài chính) tiền lãi cổ phần,
courtesy,'kə:tisi,"sự lịch sự, sự nhã nhặn","tác phong lịch sự, tác phong nhã nhặn","do ưu đãi mà được, nhờ ơn riêng; do sự giúp đỡ"
lime,laim,(thực vật học) chanh lá cam,(thực vật học) (như) linden,nhựa bẫy chim
seller,'selə,"người bán, người phát hàng","thứ bán được, đồ bán được",
deviation,",di:vi'eiʃn","sự trệch, sự lệch, sự trệch hướng; (nghĩa bóng) sự sai đường, sự lạc đường, sự lạc lối, sự xa rời",(toán học); (vật lý) độ lệch,
toxic,'tɔksik,độc,,
undertake,",ʌndə'teik","làm, định làm","nhận làm, cam kết","bảo đảm, cam đoan"
implied,im'ploud,"ngụ ý, bao hàm, ám chỉ; mặc nhiên",,
profound,profound,"sâu, thăm thẳm","sâu sắc, uyên thâm, thâm thuý",say (giấc ngủ...)
tolerance,'tɔlərəns,lòng khoan dung; sự tha thứ,sự kiên nhẫn,sự chịu đựng; sức chịu đựng
hazardous,'hæzədəs,"liều, mạo hiểm; nguy hiểm",(dựa vào) may rủi,
textile,'tekstail,"dệt, có sợi dệt được","hàng dệt, vải","nguyên liệu dệt (bông, gai, đay...)"
miscellaneous,",misi'leinjəs","tạp, pha tạp, hỗn hợp; linh tinh","có nhiều đặc tính khác nhau, có nhiều thể khác nhau",
phosphate,'fɔsfeit,(hoá học) photphat,,
posterior,pɔs'tiəriə,"sau (về thời gian và thứ tự), ở sau, đến sau",mông đít,
grid,grid,hệ thống đường dây (điện phân bố trong một khu vực),đường kẻ ô (để vẽ bản đồ),vỉ (nướng chả)
withdrawn,wi 'dr :,"rút, rút khỏi","rút, rút lui","rút, rút lại"
geological,dʤiə'lɔdʤik,(thuộc) địa chất,,
regression,ri'greʃn,"sự thoái bộ, sự thoái lui; sự đi giật lùi, sự đi ngược trở lại",(toán học) hồi quy,
trunk,trʌɳk,"thân (cây, cột, người, thú)","hòm, rương; va li",(như) trunk-line
compression,kəm'preʃn,"sự ép, sự nén","(nghĩa bóng) sự cô lại, sự cô đọng; sự giảm bớt","(kỹ thuật) sự độn, sự lèn, sự đầm"
intake,'inteik,"điểm lấy nước vào (sông đào, ống bơm...)",sự lấy vào; vật lấy vào; lượng lấy vào,đương hầm thông hơi (trong mỏ)
rear,riə,"bộ phận đằng sau, phía sau",(quân sự) hậu phương (đối với tiền tuyến),(quân sự) hậu quân
synthetic,sin'θetik,tổng hợp,"(từ Mỹ,nghĩa Mỹ) giả tạo",
boiler,'bɔilə,người đun,"nồi cất, nối chưng; nồi đun; nồi nấu","supze, nồi hơi"
diplomatic,",diplə'mætik",ngoại giao,có tài ngoại giao; có tính chất ngoại giao,(thuộc) văn kiện chính thức; (thuộc) văn thư công
renal,'ri:nl,(giải phẫu) (thuộc) thận,,
rejection,ri'dʤekʃn,"sự không chấp nhận, sự bác bỏ, sự từ chối","sự loại bỏ, sự loại ra","(số nhiều) vật bỏ đi, vật bị loại"
insert,'insə:t,"vật lồng vào, vật gài vào","tờ in rời;, tờ ảnh rời (để cho vào sách báo); tờ thông tri (gài vào sách báo...)",(điện ảnh) cảnh xem
collaboration,"kə,læbə'reiʃn",sự cộng tác,sự cộng tác với địch,
architectural,",ɑ:ki'tektʃərəl",(thuộc) kiến trúc,,
cumulative,'kju:mjulətiv,"luỹ tích, dồn lại, chồng chất mãi lên",,
corrosion,kə'rouʤn,sự gặm mòn,,
residual,ri'zidjuəl,"còn dư, còn lại","(toán học); (vật lý) thặng dư, (còn) dư","phần còn lại, phần còn dư"
cavity,'kæviti,lỗ hổng,"(giải phẫu) hố hốc, ổ, khoang",
seasonal,'si:zənl,"từng thời, từng lúc, từng mùa, từng vụ",,
wilderness,'wild nis,"vùng hoang vu, vùng hoang d",phần bỏ hoang (trong khu vườn),"ni vắng vẻ tiêu điều, ni hoang tàn"
friction,'frikʃn,"(kỹ thuật) sự mài xát, sự ma xát",sự xoa bóp; sự chà xát,"sự va chạm, sự xích mích (vì không cùng ý kiến...)"
adaptation,",ædæ","sự tra vào, sự lắp vào","sự phỏng theo, sự sửa lại cho hợp","tài liệu viết phỏng theo, tài liệu sửa lại cho hợp"
supplement,'sʌplimənt,"phần bổ sung, phần phụ thêm","tờ phụ trương, bàn phụ lục",(toán học) góc phụ
gaze,geiz,cái nhìn chằm chằm,nhìn chằm chằm,
continuation,"kən,tinju'eiʃn","sự tiếp tục, sự làm tiếp","sự chấp, sự ghép, sự mở rộng, sự kéo dài thêm; phần tiếp thêm, phần mở rộng thêm","(số nhiều) ghệt, xà cạp; (từ lóng) quần dài"
dense,dens,"dày đặc, chặt",đông đúc; rậm rạp,"đần độn, ngu đần"
therapeutic,",θerə'pju:tik",(y học) (thuộc) phép chữa bệnh,,
geometry,dʤi'ɔmitri,hình học,,
enactment,i'nækʃn,sự ban hành (đạo luật),đạo luật; sắc lệnh,
sacrifice,'sækrifais,"sự giết (người, vật) để cúng thần",người bị giết để cúng thần; vật bị giết để cúng thần,sự hy sinh
shear,ʃiə,"kéo lớn (để tỉa cây, xén lông cừu...)","(từ Mỹ,nghĩa Mỹ) sự xén (lông cừu...)","(từ Mỹ,nghĩa Mỹ) lông cừu xén ra"
literally,",litə'ræliti","theo nghĩa đen, theo từng chữ","thật vậy, đúng là",
alloy,'ælɔi,hợp kim,tuổi (kim loại quý như vàng bạc),chất hỗn hợp; sự pha trộn
workmen,,"công nhân, người thợ (người đàn ông được thuê làm công việc chân tay hoặc (cơ khí))",người lao động (theo một cách được nói rõ),
gravel,'grævəl,sỏi,cát chứa vàng ((cũng) auriferous gravel),(y học) bệnh sỏi thận
fatigue,fə'ti:g,"sự mệt mỏi, sự mệt nhọc",(kỹ thuật) sự mỏi (của kim loại),"công việc mệt nhọc, công việc lao khổ"
stimulus,'stimjuləs,sự kích thích; tác dụng kích khích,(thực vật học) lông ngứa,(tôn giáo) đầu gậy của mục sư
assault,ə'sɔ:lt,"cuộc tấn công, cuộc đột kích",(nghĩa bóng) sự công kích thậm tệ,(pháp lý) sự hành hung
receptor,,"cơ quan nhận cảm, thụ quan",,
induction,in'dʌkʃn,sự làm lễ nhậm chức (cho ai),sự bước đầu làm quen nghề (cho ai),sự giới thiệu (vào một tổ chức)
node,noud,"(thực vật học) mấu, đốt, mắt","(y học) cục u, bướu cứng",(toán học); (vật lý) giao điểm; nút
wherein,we r'in,"ở chỗ nào, ở điểm nào, về mặt nào","từ ở trong ấy, ở ni ấy",
linguistic,,"(thuộc) ngôn ngữ, (thuộc) ngôn ngữ học",,
economically,,"về phương diện kinh tế, về mặt kinh tế",,
physiological,",fiziə'lɔdʤik",(thuộc) sinh lý học,,
longitudinal,",lɔndʤi'tju:dinl",theo chiều dọc dọc,,
dignity,'digniti,chân giá trị,"phẩm giá, phẩm cách; lòng tự trọng","chức tước cao, chức vị cao"
explicitly,,"rõ ràng, dứt khoát",,
exceptional,ik'sepʃənl,"khác thường, đặc biệt, hiếm có",ngoại lệ,
cluster,'klʌstə,"đám, bó, cụm; đàn, bầy","mọc thành đám, mọc thành cụm (cây cối); ra thành cụm (hoa quả)","tụ họp lại, tụm lại"
interfere,",intə'fiə","gây trở ngại, quấy rầy","can thiệp, xen vào, dính vào",(vật lý) giao thoa
delta,'deltə,Đenta (chữ cái Hy-lạp),(vật lý) Đenta,"(địa lý,địa chất) châu thổ"
fatal,'feitl,"chỗ béo bở, chỗ ngon","mỡ, chất béo","(sân khấu) vai thích hợp, vai tủ"
generator,'dʤenəreitə,"người sinh ra, người tạo ra, cái sinh thành","máy sinh, máy phát; máy phát điện",
regulate,'regjuleit,"điều chỉnh, sửa lại cho đúng","sắp đặt, quy định, chỉnh lý, chỉnh đốn (công việc...)",điều hoà
diagnostic,",daiəg'nɔstik",chẩn đoán,(y học) triệu chứng (bệnh),số nhiều phép chẩn đoán; chẩn đoán học
blade,bleid,"lưỡi (dao, kiếm)","lá (cỏ, lúa)",mái (chèo); cánh (chong chóng...)
continuity,",kɔnti'nju:iti","sự liên tục, sự liên tiếp; tính liên tục",kịch bản điện ảnh,
projection,projection,"sự phóng ra, sự bắn ra","(toán học) phép chiếu, sự chiếu, hình chiếu",(điện ảnh) sự chiếu phim
indicator,'indikeitə,người chỉ,"cái chỉ, kim chỉ, dụng cụ chỉ",(hoá học) chất chỉ thị
deer,diə,"(động vật học) hươu, nai",những vật nhỏ bé lắt nhắt,
elastic,i'læstik,"co giãn ((nghĩa đen) & (nghĩa bóng)), đàn hồi; mềm dẻo",nhún nhảy (bước đi...),"bồng bột, bốc đồng"
coarse,kɔ:s,"kém, tồi tàn (đồ ăn...)","to cánh, to sợi, không mịn, thô","thô lỗ, lỗ mãng"
regiment,'redʤimənt,(quân sự) trung đoàn,"đoàn, lũ, bầy",(quân sự) tổ chức thành trung đoàn
pulp,pʌlp,(thực vật học) cơm thịt (trái cây),tuỷ (răng),lõi cây
modest,'mɔdist,"khiêm tốn, nhún nhường, nhũn nhặn","thuỳ mị, nhu mì, e lệ","vừa phải, phải chăng, có mức độ; bình thường, giản dị"
eighteenth,,thứ mười tám,một phần mười tám,người thứ mười tám; vật thứ mười tám; ngày mười tám
distress,dis'tres,"nỗi đau buồn, nỗi đau khổ, nỗi đau đớn","cảnh khốn cùng, cảnh túng quẫn, cảnh gieo neo","tai hoạ, cảnh hiểm nghèo, cảnh hiểm nguy"
ritual,'ritjuəl,(thuộc) lể nghi; có vẻ lễ nghi; theo lễ nghi,sách dạy lễ nghi,(tôn giáo) trình tự hành lễ
realm,relm,vương quốc,"(nghĩa bóng) lĩnh vực, địa hạt",
infantry,'infəntri,(quân sự) bộ binh,,
conscience,'kɔnʃns,lương tâm,lương tâm trong sạch thì chẳng sợ ai nói ra nói vào; cây ngay chẳng sợ chết đứng,điều khoản trong một đạo luật tôn trọng lương tâm những người liên can
subsidiary,səb'saidəns,"phụ, trợ, bổ sung","thuê, mướn (quân đội)",lép vốn (công ty) (bị một công ty khác có quá nửa cổ phần kiểm soát)
profitable,profitable,"có lợi, có ích","sinh lãi, mang lợi",
approximation,",əprɔksi'meiʃn",sự gần,"sự xấp xỉ, sự gần đúng","cái xấp xỉ, con số xấp xỉ; ý nghĩa gần đúng"
approximate,ə'prɔksimit,"approximate to giống với, giống hệt với","xấp xỉ, gần đúng",rất gần nhau
twentieth,'twentiiθ,thứ hai mươi,một phần hai mươi,người thứ hai mươi; vật thứ hai mươi; ngày hai mươi
theological,θiə'lɔdʤik,(thuộc) thần học,,
proven,proven,"chứng tỏ, chứng minh",thử (súng...); (toán học) thử (một bài toán); (ngành in) in thử (một bản khắc...),"(từ cổ,nghĩa cổ) thử, thử thách"
judiciary,dʤu:'diʃəlri,(thuộc) toà án; (thuộc) quan toà; (thuộc) pháp luật ((cũng) judicial),bộ máy tư pháp,các quan toà (của một nước)
alter,'ɔ:ltə,"thay đổi, biến đổi, đổi","thay đổi; sửa đổi, sửa lại","(Mỹ,  Uc) thiến, hoạn (súc vật)"
computation,",kɔmpju:'teiʃn","sự tính toán, sự ước tính",,
consensus,kən'sensəs,"sự đồng lòng, sự đồng tâm, sự nhất trí",(sinh vật học) sự liên ứng,
symbolic,sim'bɔlik,tượng trưng,,
genius,'dʤenitiv,"(không có snh) thiên tài, thiên tư","người thiên tài, người anh tài, bậc kỳ tài",(thường) dùng số ít thần bản mệnh (tôn giáo La-mã)
fertilizer,'fə:tilaizə,phân bón,(sinh vật học) cái làm thụ tinh; người làm thụ thai,
differentiation,",difərenʃi'eiʃn",sự phân biệt,(toán học) phép lấy vi phân,
imperial,im'piəriəl,(thuộc) hoàng đế,(thuộc) đế quốc,có toàn quyền; có uy quyền lớn
bid,bid,"sự đặt giá, sự trả giá (trong một cuộc bán đấu giá)",sự bỏ thầu,(thông tục) sự mời
authorize,'ɔ:θəraiz,"cho quyền, uỷ quyền, cho phép","là căn cứ, là cái cớ chính đáng",
manpower,"'mæn,pauə",nhân lực; sức người,đơn vị sức người (1 qoành 0 mã lực),
saving,'seiviɳ,sự tiết kiệm,(số nhiều) tiền tiết kiệm,
asian,,người châu á,thuộc châu á,
mexican,'meksikən,(thuộc) Mê-hi-cô,người Mê-hi-cô,
wolf,wulf,(động vật học) chó sói,"người tham tàn, người độc ác, người hung tàn","(từ Mỹ,nghĩa Mỹ),  (từ lóng) người hay chim gái"
capita,,per capita,theo đầu người,
packed,,nhồi nhét,đầu tràn,
peripheral,pə'rifərəl,(thuộc) chu vi,"(thuộc) ngoại vi, (thuộc) ngoại biên",
conceptual,kən'septjuəl,"thuộc quan niệm, thuộc nhận thức",,
coordinate,,"(Tech) tọa độ (d); điều hợp, phối hợp (đ)",,
incentive,in'sentiv,"khuyến khích, khích lệ; thúc đẩy","sự khuyến khích, sự khích lệ; sự thúc đẩy",động cơ (thúc đẩy làm việc gì)
broadcasting,'brɔ:dkɑ:st,được tung ra khắp nơi; được gieo rắc (hạt giống...),"được truyền đi rộng rãi (tin tức...); qua đài phát thanh, được phát thanh",tung ra khắp nơi
ideology,",adiə'ɔlədʤi",sự nghiên cứu tư tưởng,"tư tưởng, hệ tư tưởng (của một giai cấp...)","sự mơ tưởng, sự mộng tưởng"
likelihood,'laiklihud,"sự có thể đúng, sự có thể thật",,
feasible,'fi:zəbl,"có thể thực hành được, có thể thực hiện được, có thể làm được",tiện lợi,"có thể tin được, nghe xuôi tai (truyện, luận thuyết...)"
glucose,'glu:kous,(hoá học) Glucoza,,
mercy,'mə:si,"lòng thương, lòng nhân từ, lòng từ bi",lòng khoan dung,"ơn, ơn huệ"
tough,tʌf,"dai, bền","dai sức, dẻo dai; mạnh mẽ (người)","cứng rắn, cứng cỏi, bất khuất"
incorporation,"in,kɔ:pə'reiʃn","sự sáp nhập, sự hợp nhất","sự hợp thành tổ chức, sự hợp thành đoàn thể","đoàn thể, liên đoàn"
plea,pli:,"(pháp lý) lời tự bào chữa, lời tự biện hộ (của bị cáo); sự cãi, sự biện hộ (cho bị cáo)","sự yêu cầu, sự cầu xin",cớ
intimate,'intimit,"thân mật, mật thiết, thân tính, quen thuộc","riêng tư, riêng biệt; ấm cúng","chung chăn chung gối; gian gâm, thông dâm"
inability,",inə'biliti","sự không có khả năng, sự bất lực, sự bất tài",,
silicon,'silikən,(hoá học) silic,,
sophisticated,sə'fistikeitid,"tinh vi, phức tạp, rắc rối","khôn ra, thạo đời ra","giả, giả mạo; pha, không nguyên chất (rượu, dầu...)"
arab,'ærəb,người A-rập,ngựa A-rập,đứa bé lang thang không gia đình
pursuit,pə'sju:t,"sự đuổi theo, sự đuổi bắt, sự truy nã, sự truy kích","sự theo đuổi, sự đeo đuổi (một mục đích...)","sự đi tìm, sự mưu cầu"
recipient,ri'sipiənt,(như) receptive,"người nhận (tiền, quà biếu...); nước nhận (viện trợ...)",
consolidation,"kən,sɔli'deiʃn","sự làm vững chắc, sự làm củng cố","sự hợp nhất, sự thống nhất",
radius,'reidjəs,bán kính,vật hình tia; nan hoa (bánh xe),"phạm vi, vòng"
nominal,'nɔminl,(thuộc) tên; danh,chỉ có tên; danh nghĩa; hư,nhỏ bé không đáng kể
artery,'ɑ:təri,(giải phẫu) động mạch,đường giao thông chính,
amplitude,'æmplitju:d,"độ rộng, độ lớn",(vật lý) độ biên,"sự đầy đủ, sự dồi dào, sự phong phú; sự dư dật"
fusion,'fju:ʤn,"sự làm cho chảy ra, sự nấu chảy ra",sự hỗn hợp lại bằng cách nấu chảy ra,"sự hợp nhất, sự liên hiệp (các đảng phái...)"
chancellor,'tʃɑ:nsələ,đại pháp quan; quan chưởng ấn,"thủ tướng (áo,  Đức)",hiệu trưởng danh dự trường đại học
publicity,pʌb'lisiti,tính công khai; sự làm cho thiên hạ biết đến,"sự quảng cáo, sự rao hàng",
geographic,dʤiə'græfik,(thuộc) địa lý,,
mandatory,'mændətəri,(thuộc) lệnh,"(thuộc) sự uỷ nhiệm, (thuộc) sự uỷ thác",
standpoint,'stændpɔint,"quan điểm, lập trường",,
substrate,'sʌbstreit,(như) substratum,(hoá học) chất nền,
emergence,i'mə:dʤəns,"sự nổi lên, sự hiện ra, sự lòi ra","(nghĩa bóng) sự nổi bật lên, sự rõ nét lên; sự nổi lên, sự nảy ra (vấn đề...)",sự thoát khỏi (sự đau khổ)
detect,di'tekt,"dò ra, tìm ra, khám phá ra, phát hiện ra","nhận thấy, nhận ra",(rađiô) tách sóng
substitution,",sʌbsti'tju:ʃn","sự thế, sự thay thế",sự đổi,
interpret,in'tə:prit,"giải thích, làm sáng tỏ",hiểu (theo một cách nào đó),"trình diễn ra được, diễn xuất ra được; thể hiện"
warfare,'wɔ:feə,(quân sự) chiến tranh,,
incomplete,",inkəm'pli:t","thiếu, chưa đầy đủ","chưa hoàn thành, chưa xong",
immune,i'mju:n,"miễn khỏi, được miễn (cái gì)",(y học) người được miễn dịch,
timing,'taimiɳ,sự chọn đúng lúc; sự tính toán thời gian; sự phối hợp thời gian; sự phối hợp thời gian,"(thể dục,thể thao) sự bấm giờ",(kỹ thuật) sự điều chỉnh
propagation,propagation,"sự truyền giống, sự nhân giống, sự truyền (bệnh...)",sự truyền lại (từ thế hệ này sang thế hệ khác),"sự truyền bá, sự lan truyền"
salvation,sæl'veiʃn,"sự bảo vệ (khỏi mất, khỏi thiên tai)","sự cứu tế, sự cứu giúp",(tôn giáo) sự cứu vớt linh hồn
pitch,pitʃ,hắc ín,"quét hắc ín, gắn bằng hắc ín","sự ném, sự liệng, sự tung, sự hất; sự lao xuống"
ample,'æmpl,"rộng, lụng thụng","nhiều, phong phú, dư dật",
sustain,səs'tein,chống đỡ,giữ vững được,"chống cự, chịu đựng"
combat,'kɔmbət,"trận, trận đấu, trận đánh, trận chiến đấu","đánh nhau, chiến đấu",
breakdown,'breikdaun,"sự hỏng máy (ô tô, xe lửa)","sự sút sức, sự suy nhược","sự tan vỡ, sự suy sụp, sự thất bại"
fertility,fə:'tiliti,"sự tốt, sự màu mỡ (đất)",có khả năng sinh sản,
turkish,'tə:kiʃ,"(thuộc) Thổ nhĩ kỳ (bằng hơi nước, chà sát và xoa bóp)",bánh thạch rắc đường bột,khăn bông xù
physiology,",fizi'ɔlədʤi",sinh lý học,,
inevitably,,"chắc hẳn, chắc chắn",,
indigenous,in'didʤinəs,bản xứ,,
principally,'prinsəpəli,"chính, chủ yếu; phần lớn",,
thread,θred,"chỉ, sợi chỉ, sợi dây","(nghĩa bóng) dòng, mạch",đường ren
soluble,'sɔljubl,hoà tan được,giải quyết được,
consult,kən'sʌlt,"hỏi ý kiến, thỉnh thị, thăm dò","tra cứu, tham khảo","quan tâm, để ý, lưu ý, nghĩ đến"
exclude,iks'klu:d,không cho (ai...) vào (một nơi nào...); không cho (ai...) hưởng (quyền...),ngăn chận,loại trừ
writ,rit,(pháp lý) lệnh; giấy đòi; trát,(tôn giáo) kinh thánh,
interim,'intərim,quá độ,"tạm quyền, lâm thời","(từ cổ,nghĩa cổ) trong lúc đó"
tech,,"<thgt> trường cao đẳng kỹ thuật, trường đại học kỹ thuật",,
diabetes,",daiə'bi:tiz",(y học) bệnh đái đường,,
eligibility,",elidʤə'biliti","tính đủ tư cách, tính thích hợp",tính có thể chọn được,
uranium,ju 'reinj m,(hoá học) Urani,,
ignorance,'ignərəns,"sự ngu dốt, sự không biết",ngu si hưởng thái bình,
correspond,",kɔris'pɔnd","xứng, tương ứng, phù hợp; đúng với","tương đương, đối nhau","giao thiệp bằng thư từ, trao đổi thư từ"
neglect,ni'glekt,"sự sao lãng, sự cẩu thả, sự không chú ý","sự bỏ bê, sự bỏ mặc","sự thời ơ, sự hờ hững"
juvenile,'dʤu:vinail,(thuộc) thanh thiếu niên; có tính chất thanh thiếu niên; hợp với thanh thiếu niên,"thanh niên, thiếu niên",(số nhiều) sách cho thanh thiếu niên
corruption,kə'rʌpʃn,"sự hối lộ, sự tham nhũng","sự mục nát, sự thối nát","sự sửa đổi làm sai lạc (bài văn, ngôn ngữ...)"
neglected,,lôi thôi lếch thếch,,
neither,"'naiðə, (Mỹ) 'ni:ðə",không; không... này mà cũng không... kia,neither... nor... không... mà cũng không,"cũng không, mà cũng không"
ordinarily,,theo cách bình thường,"nói chung, thông thường",
transverse,'trænzvə:s,(như) transversal,xà ngang,(y học) cơ ngang
artillery,ɑ:'tiləri,(quân sự) pháo,pháo binh,khoa nghiên cứu việc sử dụng pháo
withdraw,wi 'dr :,"rút, rút khỏi","rút, rút lui","rút, rút lại"
prevailing,pri'veiliɳ,"đang thịnh hành, đang lưu hành, phổ biến khắp, lan khắp",,
reign,rein,"triều đại, triều","uy quyền, thế lực, ảnh hưởng; sự chế ngự, sự ngự trị","trị vì, thống trị (vua...)"
conform,kən'fɔ:m,"(+ to) làm cho hợp với, làm cho phù hợp với, làm cho thích hợp với","to conform oneself to thích nghi với, thích ứng với","(+ to) theo, làm theo, tuân theo, y theo, chiếu theo"
imply,im'plai,ý nói; ngụ ý; bao hàm ý,,
gradual,'grædjuəl,"dần dần, từ từ, từng bước một",,
consultant,kən'sʌltənt,người hỏi ý kiến,(y học) thầy thuốc chỉ đạo chuyên môn; thầy thuốc tư vấn,"nhà chuyên môn; chuyên viên, cố vấn; người cho ý kiến; người được hỏi ý kiến"
tribal,'traibəl,(thuộc) bộ lạc,thành bộ lạc,
morality,mə'ræliti,đạo đức,"(số nhiều) đạo lý, đạo nghĩa","đức hạnh, phẩm hạnh, nhân cách"
equitable,'ekwitəbl,"công bằng, vô tư",hợp tình hợp lý (yêu sách...),
inheritance,in'heritəns,sự thừa kế,"của thừa kế, gia tài, di sản",
sediment,'sedimənt,"cặn, cáu","(địa lý,địa chất) trầm tích",
shed,ʃed,"lán, túp lều (đề hàng hoá, dụng cụ)","chuồng (trâu, bò, ngựa)","rụng (lá...), lột (da...)"
angular,'æɳgjulə,(thuộc) góc,"có góc, có góc cạnh",đặt ở góc
enrollment,,như enrolment,,
aggregate,'ægrigit,"tập hợp lại, kết hợp lại","gộp chung, tính toàn thể, tính tổng số","(pháp lý) gồm nhiều cá nhân hợp lại, gồm nhiều đơn vị hợp lại"
competence,'kɔmpitəns,"năng lực, khả năng",tiền thu nhập đủ để sống sung túc,(pháp lý) thẩm quyền
realization,",riəlai'zeiʃn","sự thực hiện, sự thực hành","sự thấy rõ, sự hiểu rõ, sự nhận thức rõ","sự bán (tài sản, cổ phần...)"
immunity,i'mju:niti,"sự miễn, sự được miễm",(y học) sự miễm dịch,
pertinent,'pɔ:tinənt,"thích hợp, thích đáng, đúng chỗ; đi thẳng vào (vấn đề...)",vật phụ thuộc,
foster,'fɔstə,"nuôi dưỡng, nuôi nấng",bồi dưỡng,"ấp ủ, nuôi"
composite,'kɔmpəzit,"hợp lại; ghép, ghép lại",(thực vật học) (thuộc) kiểu hoa cúc,(kiến trúc) theo kiểu hỗn hợp
sovereignty,'sɔvrinti,quyền tối cao,chủ quyền,
offence,ə'fens,"sự phạm tội; tội, lỗi","(từ hiếm,nghĩa hiếm) sự tấn công; thế tấn công","sự xúc phạm, sự làm bực mình, sự làm mất lòng"
undertaking,",ʌndə'teikiɳ","sự quyết làm, sự định làm","sự cam đoan, sự đảm đương gánh vác",công việc kinh doanh; sự kinh doanh
span,spæn,gang tay,chiều dài (từ đầu này đến đầu kia),nhịp cầu
secondly,'sekəndli,hai là,,
basal,'beisl,"cơ bản, cơ sở",,
apr,,(vt của April) tháng Tư,,
exploitation,iks'plɔitidʤ,"sự khai thác, sự khai khẩn","sự bóc lột, sự lợi dụng",
hydraulic,hai'drɔ:lik,(thuộc) nước (dẫn qua ống dẫn hoặc sông đào); chạy bằng sức nước,cứng trong nước,
imprisonment,im'priznmənt,"sự bỏ tù, sự tống giam, sự giam cầm","(nghĩa bóng) sự giam hãm, sự o bế",
degradation,",degrə'deiʃn",sự giáng chức; sự hạ tầng công tác,"sự làm mất danh giá, sự làm mất thanh thể","sự làm giảm giá trị, sự làm thành đê hèn, sự làm thành hèn hạ"
costly,'kɔstli,"đắt tiền, quý giá","tốn tiền, hao tiền tốn của; tai hại",
municipality,"mju:,nisi'pæliti","đô thị tự trị, thành phố tự trị","chính quyền thành phố tự trị, chính quyền đô thị tự trị",
governance,'gʌvənəns,"sự cai trị, sự thống trị",sự cai quản; nhiệm vụ cai quản,
covenant,'kʌvinənt,"hiệp ước, hiệp định, thoả ước; điều khoản (của bản hiệp ước...)",(pháp lý) hợp đồng giao kèo,"ký hiệp ước, ký kết; thoả thuận bằng giao kèo"
autonomy,ɔ:'tɔnæmi,sự tự trị; quyền tự trị,"nước tự trị, khu tự trị",(triết học) tự do ý chí (theo học thuyết của Căng)
relaxation,",ri:læk'seiʃn","sự nới lỏng, sự lơi ra, sự giân ra (kỷ luật, gân cốt...)","sự dịu đi, sự bớt căng thẳng",(pháp lý) sự giảm nhẹ (hình phạt...)
closure,'klouʤə,sự bế mạc (phiên họp),sự kết thúc (cuộc thảo luận) bằng cách cho biểu quyết,sự đóng kín
remarked,,rõ rệt; hiển nhiên,,
cardiac,'kɑ:diæk,(thuộc) tim,thuốc kích thích tim,rượu bổ
alteration,",ɔ:ltə'reiʃn","sự thay đổi, sự đổi; sự sửa đổi, sự sửa lại, sự biến đổi",,
propaganda,propaganda,sự tuyên truyền,"tài liệu tuyên truyền, tin tuyên truyền, thuyết được tuyên truyền...",cơ quan tuyên truyền; tổ chức tuyên truyền
expectation,",ekspek'teiʃn","sự mong chờ, sự chờ đợi, sự ngóng chờ, sự trông mong","sự tính trước, sự dự tính","lý do trông mong, điều mong đợi"
eve,i:v,(Eve) Ê-va (người đàn bà đầu tiên),"đêm trước, ngày hôm trước",thời gian trước (khi xảy ra một sự kiện gì)
warehouse,'weəhaus,kho hàng,"(từ cổ,nghĩa cổ) cửa hàng","cất vào kho, xếp vào kho"
jointly,'dʤɔintli,"cùng, cùng nhau, cùng chung",,
injunction,in'dʤʌɳkʃn,lệnh huấn thị,(pháp lý) lệnh của toà (cấm hoặc bắt làm gì),
expiration,",ekspaiə'reiʃn",sự thở ra,"sự thở hắt ra; sự tắt thở, sự chết","sự mãn hạn, sự kết thúc"
shifting,,xem shift,(địa chất học) cát chảy,
splendid,'splendid,"rực rỡ, tráng lệ, lộng lẫy, huy hoàng","(thông tục) hay, đẹp, tốt, tuyệt",
relieved,,"cảm thấy bớt căng thẳng, thể hiện bớt căng thẳng",,
portfolio,pɔ:t'fouljou,"cặp (giấy tờ, hồ sơ)","danh sách vốn đầu tư (của một công ty, một nhà ngân hàng)",(nghĩa bóng) chức vị bộ trưởng
capitalism,'kæpitəlizm,chủ nghĩa tư bản,,
advancement,əb'vɑ:nsmənt,"sự tiến lên, sự tiến tới, sự tiến bộ; sự thúc đẩy, sự làm cho tiến lên","sự thăng chức, đề bạt",(pháp lý) tiền (người kế thừa được) nhận trước
doubtful,'dautful,"nghi ngờ, ngờ vực, hồ nghi","đáng nghi, đáng ngờ; không rõ rệt, không chắc chắn","do dự, lưỡng lự, nghi ngại; không biết chắc"
midst,midst,giữa,(thơ ca) (như) amid,
cease,si:s,"dừng, ngừng, ngớt, thôi, hết, tạnh","without cease không ngừng, không ngớt, liên tục",
accommodate,ə'kɔmədeit,"điều tiết, làm cho thích nghi, làm cho phù hợp","hoà giải, dàn xếp","(+ with) cung cấp, cấp cho, kiếm cho"
induce,in'dju:s,"xui, xui khiến","gây ra, đem lại",(điện học) cảm
charitable,'tʃæritəbl,"nhân đức, từ thiện; có lòng thảo","khoan dung, độ lượng",nhà tế bần
revelation,",revi'leiʃn","sự để lộ, sự tiết lộ, sự phát giác, sự khám phá (vật bị giấu, điều bí mật...)","(tôn giáo) sự soi rạng, thiên khải",(tôn giáo) (the revelation) sách khải huyền (cuốn cuối cùng của bộ kinh Tân ước)
coalition,",kouə'liʃn","sự liên kết, sự liên hiệp, sự liên minh",,
pathology,pə'θɔlədʤi,bệnh học; bệnh lý,,
spontaneous,spɔn'teinjəs,"tự động, tự ý","tự phát, tự sinh","thanh thoát, không gò bó (văn)"
monopoly,mə'nɔpəli,độc quyền; vật độc chiếm,tư bản độc quyền,
republican,ri'pʌblikən,cộng hoà,"(Republican) (từ Mỹ,nghĩa Mỹ) (thuộc) đảng cộng hoà",đảng Cộng hoà
allied,ə'laid,"liên minh, đồng minh",thông gia,"cùng giống, cùng họ, có quan hệ thân thuộc với nhau; cùng tính chất"
crude,kru:d,"nguyên, sống, thô, chưa luyện","chưa chín, còn xanh (quả cây)",không tiêu (đồ ăn)
individually,"'indi,vizi'biliti","cá nhân, cá thể, riêng biệt, riêng lẻ, từng người một, từng cái một",,
inhibition,",inhi'biʃn","sự ngăn chặn, sự hạn chế, sự kiềm chế",(hoá học) (tâm lý học); (sinh vật học) sự ức chế,
subtle,'sʌtl,phảng phất,huyền ảo,"khó thấy, tinh vi, tinh tế, tế nhị"
defective,di'fektiv,"có thiếu sót, có nhược điểm; có tật xấu, có khuyết điểm; kém, không hoàn toàn",(ngôn ngữ học) khuyết điểm,người có tật
ieee,,Viện các vấn đề kỹ thuật điện và điện tử,,
sympathetic,",simpə'θətik",thông cảm; đồng tình,"đầy tình cảm, biểu lộ tình cảm, thân ái",(sinh vật học) giao cảm
vigorous,'vigərəs,"mạnh khoẻ, cường tráng","mãnh liệt, mạnh mẽ",đầy khí lực
hostile,'hɔstail,thù địch,không thân thiện,chống đối
impulse,'impʌls,sức đẩy tới,sự bốc đồng; cơn bốc đồng,"sự thúc đẩy, sự thôi thúc"
metropolitan,",metrə'pɔlitən",(thuộc) thủ đô; có tính chất thủ đô,"(thuộc) trung tâm, có tính chất trung tâm (văn hoá, chính trị...)","(thuộc) nước mẹ, (thuộc) mẫu quốc"
compatible,kəm'pætəbl,"(+ with) hợp, thích hợp, tương hợp",,
ideological,",adiə'lɔdʤik",(thuộc) tư tưởng,,
outlet,'autlet,"chỗ thoát ra, lối ra; (nghĩa bóng) phương tiện thoả mãn... (chí hướng...)","cửa sông (ra biển, vào hồ...)","dòng sông, dòng nước (chảy từ hồ...)"
elaborate,i'læbərit,phức tạp,"tỉ mỉ, kỹ lưỡng, công phu; trau chuốt, tinh vi","thảo tỉ mỉ, thảo kỹ lưỡng, sửa soạn công phu; làm công phu, trau chuốt (văn); dựng lên"
vulnerable,'vʌlnərəbl,"có thể bị tổn thương; có thể bị tấn công, công kích được; có chỗ yếu, có nhược điểm",,
broadly,'brɔ:dli,"rộng, rộng rãi","chung, đại khái, đại thể",
prophet,prophet,nhà tiên tri; người đoán trước,"người chủ trương, người đề xướng (một nguyên lý, một chủ nghĩa)",(tôn giáo) giáo đồ
providence,providence,"sự lo xa, sự lo trước, sự dự phòng","sự tằn tiện, sự tiết kiệm","(Providence) Thượng đế, trời"
hull,hʌl,"vỏ đỗ, vỏ trái cây","(nghĩa bóng) vỏ, bao",bóc vỏ (trái cây)
simplicity,sim'plisiti,tính đơn giản,"tính mộc mạc, tính xuềnh xoàng; tính hồn nhiên","tính dễ hiểu, tính dễ làm"
beneficiary,",beni'fiʃəri",người hưởng hoa lợi; cha cố giữ tài sản của nhà chung,,
conductor,kən'dʌktə,"người chỉ huy, người chỉ đạo, người điều khiển, người dẫn đường","người bán vé (xe điện, xe buýt)","(từ Mỹ,nghĩa Mỹ) người phục vụ hành khách (xe lửa)"
toxicity,tɔk'sisiti,tính độc,,
bacterial,bæk'tiəriəl,(thuộc) vi khuẩn; do vi khuẩn,,
void,vɔid,"trống, bỏ không, trống rỗng, khuyết",không có người ở; không có người thuê (nhà),không có
continental,",kɔnti'nentl","(thuộc) lục địa, (thuộc) đại lục",(thuộc) lục địa Châu âu (đối với nước Anh),"(từ Mỹ,nghĩa Mỹ) (thuộc) các thuộc địa đấu tranh giành độc lập (trong thời kỳ chiến tranh giành độc lập)"
contamination,"kən,tæmi'neiʃn","sự làm bẩn, sự làm ô uế; cái làm ô uế",sự nhiễm (bệnh),"(văn học) sự đúc (hai vở kịch, hai truyện...) thành một"
persistent,pə'sistənt,"kiên gan, bền bỉ","khăng khăng, khư khư, cố chấp, ngoan cố",dai dẳng
sensory,'sensəri,(thuộc) bộ máy cảm giác; (thuộc) cảm giác; (thuộc) giác quan,,
throne,θroun,"ngai, ngai vàng; ngôi, ngôi vua","(thơ ca) đưa lên ngôi, tôn làm vua",
peninsula,pi'ninsjulə,bán đảo,,
dominion,də'minjən,"quyền, quyền thế, quyền lực, quyền thống trị, quyền chi phối",lãnh địa (phong kiến),"lãnh thổ tự trị, nước tự trị; thuộc địa"
rental,'rentl,"tiền cho thuê (nhà, đất); lợi tức cho thuê (nhà đất); lợi tức thu tô (ruộng đất)",tiền thuê (nhà đất),
unreasonable,n'ri:zn bl,vô lý,"không biết điều; không phi chăng; quá, quá chừng",
aesthetic,i:s'θetik,"(thuộc) mỹ học, thẩm mỹ","có óc thẩm mỹ, có khiếu thẩm mỹ; hợp với nguyên tắc thẩm mỹ",
unanimous,ju:'næniməs,nhất trí,,
mature,mə'tjuə,"chín, thành thực, trưởng thành","cẩn thận, chín chắn, kỹ càng",(thương nghiệp) đến kỳ hạn phải thanh toán; mân kỳ (hoá đơn)
sketch,sketʃ,"bức vẽ phác, bức phác hoạ",bản tóm tắt,bản phác thảo (một kế hoạch)
residue,'rezidju:,phần còn lại,"phần tài sản còn lại sau khi đã thanh toán xong mọi khoản (chia gia tài, nợ nần...)",(toán học) thặng dư
cope,koup,(tôn giáo) áo lễ,"(nghĩa bóng) bầu, vòm; áo khoác, màn",nắp khuôn đúc
pipeline,'paiplain,ống dẫn dầu,(nghĩa bóng) nguồn hàng vận chuyển liên tục (từ nơi sản xuất đến các nhà buôn lẻ),"(từ Mỹ,nghĩa Mỹ) đường lấy tin riêng"
deliberately,,xem deliberate,,
scenario,si'nɑ:riou,"truyện phim, cốt kịch, kịch bản",,
pioneer,",paiə'niə","(quân sự) đội tiên phong, đội mở đường ((thường) là công binh)","người đi tiên phong, người đi đầu (trong một công cuộc gì); nhà thám hiểm đầu tiên",mở (đường...)
cemetery,'semitri,"nghĩa trang, nghĩa địa",,
sergeant,'sɑ:dʤənt,(quân sự) trung sĩ,hạ sĩ cảnh sát,Common Sergeant nhân viên toà án thành phố Luân-đôn
defeat,di'fi:t,sự thất bại (của một kế hoạch...); sự tiêu tan (hy vọng...),"(quân sự) sự thua trận, sự bại trận",sự đánh bại (kẻ thù)
fracture,'fræktʃə,(y học) sự gãy; chỗ gãy (xương),khe nứt,"(địa lý,ddịa chất) nết đứt gãy"
radar,'reidə,hệ thống ra-đa,máy ra-đa,màn hiện sóng ra-đa
vibration,vai'breiʃn,sự rung động; sự làm rung động,"(vật lý) sự lúc lắc, sự chấn động",sự chấn động
maternal,mə'tə:nl,(thuộc) mẹ; của người mẹ; về phía mẹ ((đùa cợt)) của mẹ mình,,
trauma,'trɔ:mə,(y học) chấn thương,,
immense,i'mens,"mênh mông, bao la, rộng lớn","(từ lóng) rất tốt, rất cừ, chiến lắm",
accord,ə'kɔ:d,"sự đồng lòng, sự đồng ý, sự tán thành",hoà ước,"sự phù hợp, sự hoà hợp"
buffer,'bʌfə,"(kỹ thuật) vật đệm, tăng đệm; cái giảm xóc",(từ lóng) old buffer ông bạn già; người cũ kỹ bất tài,(hàng hải) người giúp việc cho viên quản lý neo buồm
descriptive,dis'kriptiv,"diễn tả, mô tả, miêu tả",(toán học) hoạ pháp,
latin,'lætin,người La-tinh,tiếng La-tinh,(thuộc) Rô-ma (xưa gọi là Latium)
flash,flæʃ,ánh sáng loé lên; tia,(hoá học) sự bốc cháy,giây lát
balanced,,(Tech) được cân bằng,,
acceleration,æk'selə'reiʃn,"sự làm nhanh thêm, sự thúc mau, sự giục gấp",gia tốc,
spin,spin,"sự quay tròn, sự xoay tròn",(hàng không) sự vừa đâm xuống vừa quay tròn,"(thể dục,thể thao) sự xoáy (bóng crickê)"
fame,feim,"tiếng tăm, danh tiếng, danh thơm, tên tuổi",tiếng đồn,"nhà chứa, nhà thổ"
relevance,'relivəns,"sự thích đáng, sự thích hợp; sự xác đáng",,
gen,dʤen,(viết tắt) của general information,bản tin (phát cho tất cả sĩ quan các cấp trước khi bước vào chiến dịch),
split,split,"nứt, nẻ, chia ra, tách ra","ghẻ, bửa, tách",chia ra từng phần
intact,in'tækt,"không bị đụng chạm đến, không bị sứt mẻ, còn nguyên vẹn","không bị thay đổi, không bị kém",không bị ảnh hưởng
ascertain,",æsə'tein",biết chắc; xác định; tìm hiểu chắc chắn,,
granite,'grænit,(khoáng chất) đá granit,"lấy đao chém đá, lấy gậy chọc trời",
susceptible,,dễ bị; dễ mắc; dễ bị ảnh hưởng; dễ bị tổn thương,nhạy cảm; dễ xúc cảm; dễ bị ảnh hưởng bởi tình cảm,có thể chịu đựng; có thể được
severity,si'veriti,tính nghiêm khắc; tính nghiêm nghị; sự ngặt nghèo,"tính khốc liệt, tính dữ dội, tính gay go, tính ác liệt","tính mộc mạc, tính giản dị"
appraisal,ə'preiz,sự đánh giá; sự định giá,,
hierarchy,,"hệ thống cấp bậc; thứ bậc, tôn ti (trong giới tu hành công giáo, trong chính quyền, trong các tổ chức...)","thiên thần, các thiên thần",
spray,sprei,cành nhỏ (có hoa),cành thoa,"bụi nước (ở sóng tung lên, hoặc ở bình bơm phun ra...)"
influential,",influ'enʃəl","có ảnh hưởng, có tác dụng","có uy thế, có thế lực",
prose,prose,văn xuôi,bài nói chán ngắt,"tính tầm thường, tính dung tục"
alternate,ɔ:l'tə:nit,"xen kẽ, xen nhau, luân phiên nhau, thay phiên",(toán học) so le,"(từ Mỹ,nghĩa Mỹ) người thay phiên, người thay thế, người dự khuyết"
aggression,ə'greʃn,"sự xâm lược, cuộc xâm lược",sự công kích,"sự gây sự, sự gây hấn; cuộc gây hấn"
recreational,",rekri'eiʃənl","(thuộc) sự giải trí, (thuộc) sự tiêu khiển; có tính chất giải trí, có tính chất tiêu khiển","làm giải trí, làm tiêu khiển",
surveillance,sə:'veiləns,sự giám sát,,
grief,gri:f,"nỗi đau buồn, nỗi sầu khổ, nỗi thương tiếc",gặp tai hoạ; thất bại,
dissolution,",disə'lu:ʃn","sự rã ra, sự tan rã, sự phân huỷ","sự hoà tan; sự tan ra (băng, tuyết...)","sự giải tán (nghị viện, quốc hội); sự giải thể (một công ty...)"
col,kɔl,"(địa lý,địa chất) đèo",,
purity,'pjuəriti,"sự sạch, sự trong sạch, sự tinh khiết, sự nguyên chất","sự thanh khiết, sự thuần khiết; sự trong trắng",sự trong sáng (ngôn ngữ...)
shield,ʃi:ld,"cái mộc, cái khiên","tấm chắn, lưới chắn (ở máy)","người che chở, vật che chở"
compact,'kɔmpækt,sự thoả thuận,"hiệp ước, hợp đồng, giao kèo, khế ước",hộp phấn sáp bỏ túi
qualitative,'kwɔlitətiv,"(thuộc) chất, (thuộc) phẩm chất",định tính,
conductivity,",kɔndʌk'tiviti",(vật lý) tính dẫn,suất dẫn,
certified,'sə:tifaid,"được chứng nhận, được nhận thực, được chứng thực","(từ Mỹ,nghĩa Mỹ) được đảm bảo giá trị",(y học) được chứng nhận là mắc bệnh tinh thần
economical,",i:kə'nɔmikəl",tiết kiệm,kinh tế,
phosphorus,'fɔsfərəs,(hoá học) photpho,"(y học) chứng chết hoại xương hàm (do nhiễm độc photpho, thường công nhân làm diêm hay mắc)",
simultaneous,",siməl'teinjəs","đồng thời, cùng một lúc",,
overseas,'ouvə'si:,"ngoài nước, hải ngoại",,
thrust,θrʌst,"sự đẩy mạnh, sự xô đẩy","nhát đâm (dao găm, mũi kiếm)","(quân sự) cuộc tấn công mạnh (để chọc thủng phòng tuyến), sự đột phá, sự thọc sâu"
eagle,'i:gl,(động vật học) chim đại bàng,"hình đại bàng (ở huy hiệu, bục giảng kinh, quốc huy Mỹ...)","(từ Mỹ,nghĩa Mỹ) đồng 10 đô la vàng"
sentiment,'sentimənt,"tình, tình cảm","cảm nghĩ, ý kiến",tính chất truyền cảm (trong nghệ thuật)
compulsory,kəm'pʌlsəri,"ép buộc, bắt buộc, cưỡng bách",giáo dục phổ cập,yêu cầu mặc lễ phục
acreage,'eikəridʤ,diện tích (tính theo mẫu Anh),,
cellular,'seljulə,(thuộc) tế bào,cấu tạo bằng tế bào,có phòng nhỏ; có ngăn nhỏ
legend,'ledʤənd,"truyện cổ tích, truyền thuyết","chữ khắc (trên đồng tiền, trên huy chương)","lời ghi chú, câu chú giải (trên tranh ảnh minh hoạ)"
redemption,ri'dempʃn,"sự mua lại, sự chuộc lại (vật cầm thế); sự trả hết (nợ)",sự chuộc (lỗi); sự bỏ tiền ra chuộc (một tù nhân),"sự thực hiện, sự giữ trọn"
module,,đơn vị đo,"<lý> môđun, suất",<kỹ> bộ phận tháo rời được (máy tính điện tử...)
hygiene,'haidʤi:n,vệ sinh,,
decomposition,",di:kɔmpə'ziʃn","(vật lý),  (hoá học) sự phân tích; sự phân ly, sự phân huỷ","sự thối rữa, sự làm mục rữa",
supplementary,",sʌpli'mentl","bổ sung, phụ thêm vào",(toán học) phụ,
contempt,kən'tempt,"sự coi khinh, sự coi thường, sự bỉ, sự khinh rẻ, sự khinh miệt","(pháp lý) sự xúc phạm; sự không tuân lệnh (quan toà, toà án)",(tục ngữ) thân quá hoá nhờn
ventilation,",venti'leiʃn","sự thông gió, sự thông hơi, sự quạt",(y học) sự lọc (máu) bằng oxy,sự đưa ra bàn luận rộng rãi
stimulate,'stimjuleit,"kích thích, khuyến khích",,
politically,pə'litikəli,về mặt chính trị,"thận trọng, khôn ngoan, khôn khéo; sáng suốt tinh tường, sắc bén (về chính trị...)","(nghĩa xấu) láu, mưu mô, xảo quyệt, lắm đòn phép"
homogeneous,",hɔmə'dʤi:njəs","đồng nhất, đồng đều, thuần nhất",,
sealed,,kín khít; được bịt kín,,
collision,kə'liʤn,"sự đụng, sự va","sự va chạm, sự xung đột",
hormone,'hɔ:moun,(sinh vật học) Hoocmon,,
provider,provider,người cung cấp,,
anthropology,",ænθrə'pɔlədʤi",nhân loại học,,
anatomy,ə'nætəmi,thuật mổ xẻ,khoa giải phẫu,bộ xương; xác ướp (dùng để học)
convert,kən'və:t,"người cải đạo, người thay đổi tín ngưỡng; người theo đạo (nguyện không theo đạo nào)",người thay đổi chính kiến,"làm đổi tôn giáo, làm đổi đảng phái"
initiation,"i,niʃi'eiʃn","sự bắt đầu, sự khởi đầu, sự khởi xướng","sự vỡ lòng, sự khai tâm, sự bắt đầu làm quen với (một bộ môn khoa học...)","sự chính thức làm lễ kết nạp, lễ kết nạp"
assertion,ə'sə:ʃn,sự đòi (quyền lợi...),"sự xác nhận, sự khẳng định, sự quả quyết, sự quyết đoán","điều xác nhận, điều khẳng định, điều quyết đoán"
medicare,,chương trình của chính phủ Mỹ về việc chăm sóc người già trên 65 tuổi,,
digest,'daidʤest,sách tóm tắt (chủ yếu là luật),"tập san văn học, tập san thời sự[di'dʤest]","phân loại, sắp đặt có hệ thống; tóm tắt có hệ thống"
efficacy,",efi'keiʃəsnis",tính có hiệu quả; hiệu lực,,
additionally,,"thêm nữa, ngoài ra",,
dutch,dʌtʃ,(thuộc) Hà-lan,(sử học) (thuộc) Đức,(xem) courage
peasant,'pezənt,nông dân,,
descent,di'sent,sự xuống,sự hạ thấp xuống (độ nhiệt...),sự dốc xuống; con đường dốc
doubtless,'dautlis,"chắc chắn không còn nghi ngờ gì nữa, không còn hồ nghi gì nữa",,
innovative,'inouveitəri,có tính chất đổi mới; có tính chất là một sáng kiến,,
intersection,",intə'sekʃn","sự giao nhau, sự cắt ngang","chỗ giao nhau, chỗ cắt ngang","(toán học) sự giao nhau; điểm giao, đường giao"
restraint,ris'treint,"sự ngăn giữ, sự kiềm chế","sự hạn chế, sự gò bó, sự câu thúc",sự gian giữ (người bị bệnh thần kinh)
penetration,",peni'treiʃn","sự thâm nhập, sự lọt vào, sự thấm qua","sự xuyên qua, sự xuyên vào",(quân sự) tầm xuyên qua (của đạn)
probation,probation,"sự thử thách (trước khi cho gia nhập tổ chức...), sự tập sự; thời gian thử thách, thời gian tập sự",(pháp lý) sự tạm tha có theo dõi; thời gian tạm tha có theo dõi,
cane,kein,"cây trúc, cây mía ((cũng) sugar cane); cây lau","cây mây, sợi mây (để đan mặt ghế...)","can, ba toong, gậy"
burial,'beriəl,"việc chôn cất, việc mai táng",,
prompt,prompt,xúi giục; thúc giục; thúc đẩy,"nhắc, gợi ý","gợi, gây (cảm hứng, ý nghĩ...)"
urge,:d,"sự thúc đẩy, sự thôi thúc","thúc, thúc giục, giục gi","cố nài, cố gắng thuyết phục"
altitude,'æltitju:d,độ cao ((thường) so với mặt biển),"(số nhiều) nơi cao, chỗ cao, đỉnh cao",địa vị cao
inference,'infərəns,"sự suy ra, sự luận ra","điều suy ra, điều luận ra; kết luận",
apt,æpt,"có khuynh hướng hay, dễ","có khả năng, có thể","có năng khiếu; có năng lực, tài, giỏi; nhanh trí, thông minh"
detector,di'tektə,"người dò ra, người tìm ra, người khám phá ra, người phát hiện ra",máy dò,(rađiô) bộ tách sóng
citation,sai'teiʃn,"sự dẫn, sự trích dẫn","câu trích dẫn, đoạn trích dẫn",(pháp lý) trát đòi hầu toà
implicit,im'plisit,"ngấm, ngấm ngầm; ẩn tàng",hoàn toàn tuyệt đối,(toán học) ẩn
moderately,,ở một mức độ vừa phải; không nhiều lắm; trầm lặng,,
dock,dɔk,(thực vật học) giống cây chút chít,khấu đuôi (ngựa...),dây đuôi (dây yên buộc vào khâu đuôi ngựa)
eighth,eitθ,thứ tám,một phần tám,người thứ tám; vật thứ tám; ngày mồng tám
utilize,'ju:tilaiz,"dùng, sử dụng",lợi dụng,
tribute,'tribju:t,"vật cống, đồ cống",vật tặng để tỏ lòng kính trọng; cái để tỏ lòng tôn kính,
attributable,ə'tribjutəbl,có thể quy cho,,
inclusive,in'klu:siv,"gồm cả, kể cả","tính toàn bộ, bao gồm tất cả các khoản",
ballot,'bælət,lá phiếu,sự bỏ phiếu kín,tổng số phiếu (bỏ vào thùng)
manufactures,,sự sản xuất; sự gia công; sự xử lý // sản xuất; gia công,,
gamma,'gæmə,Gama (chữ cái Hy-lạp),(động vật học) bướm gama,dưới trung bình
conditional,kɔn'diʃənl,"ước định, quy định","tuỳ thuộc vào, quyết định bởi","là điều kiện của, cần thiết cho"
dorsal,'dɔ:səl,"(giải phẫu) (thuộc) lưng; ở lưng, ở mặt lưng",hình sống lưng,
hollow,'hɔlou,rỗng,"trống rỗng, đói meo (bụng)","hõm vào, lõm vào, trũng sâu hoắm"
inequality,",ini:'kwɔliti",sự không bằng nhau; sự không bình đẳng,tính không đều,sự khác nhau
swept,swi:p,sự quét,"sự đảo (mắt), sự khoát (tay), sự lướt","đoạn cong, đường cong"
founder,'faundə,thợ đúc (gang...),"người thành lập, người sáng lập","(thú y học) viêm khớp chân, (ngựa) (vì làm việc quá sức)"
consecutive,kən'sekjutiv,"liên tục, liên tiếp, tiếp liền nhau",,
magnesium,mæg'ni:zjəm,(hoá học) Magiê,,
magistrate,'mædʤistrit,quan toà,,
biblical,'biblikəl,(thuộc) kinh thánh,,
privately,,"riêng, tư, cá nhân",tư nhân,"riêng, mật, kín (về vấn đề, cuộc họp )"
suppression,sə'preʃn,sự chặn (bệnh); sự triệt (tiếng ồn),sự đàn áp,sự cấm chỉ
spinal,'spainl,(thuộc) xương sống,,
missile,'misail,có thể phóng ra,"vật phóng ra (đá, tên, mác...)",tên lửa
provisional,provisional,"tạm, tạm thời, lâm thời",,
transported,,(+with something) xúc động mạnh mẽ,,
civic,'sivik,(thuộc) công dân,cảnh sát (ở Ai-len),
incorporate,in'kɔ:pərit,kết hợp chặt chẽ,"hợp thành tổ chức, hợp thành đoàn thể","sáp nhập, hợp nhất, kết hợp chặt chẽ"
turnover,"'tə:n,ouvə",sự đổ lật (xe),doanh thu,sự luận chuyển vốn; vốn luân chuyển
psychiatry,sai'kaiətri,"(y học) bệnh học tinh thần, bệnh học tâm thần",,
rhetoric,'retərik,tu từ học,thuật hùng biện,sách tu từ học; sách dạy thuật hùng biện
irradiation,"i,reidi'eiʃn",sự soi sáng; được soi sáng ((nghĩa đen) & (nghĩa bóng)),sự sáng chói,tia sáng
unchanged,'ʌn'tʃeindʤd,"không thay đổi, như cũ, y nguyên",,
fellowship,'felouʃip,"tình bạn, tình bằng hữu; sự giao hảo","tình đoàn kết, tình anh em","nhóm, ban (công tác)"
invariably,,"luôn luôn vẫn vậy, lúc nào cũng vậy",,
leo,'li:ou,(thiên văn học) cung Sư t,,
resigned,ri'zaind,"cam chịu, nhẫn nhục",,
discrete,dis'kri:t,"riêng biệt, riêng rẽ, rời rạc",(triết học) trừu tượng,
wealthy,'welθi,"giàu, giàu có",phong phú,the wealthy những người giàu có
alien,'eiljən,"(thuộc) nước ngoài, (thuộc) chủng tộc khác","alien from,  to lạ, xa lạ, khác biệt; không có quan hệ gì với; không phải của mình","alien to trái với, ngược với"
relieve,ri'li:v,"làm an tâm, làm yên lòng, làm dịu, làm khuây khoả, an ủi","làm nhẹ bớt, giảm bớt (gánh nặng, lo âu, phiền muộn...)","giúp đỡ, cứu giúp, cứu trợ"
nursery,'nə:sri,phòng dành riêng cho tre bú,nhà trẻ,ao nuôi cá
stick,stick,cái gậy,que củi,"cán (ô, gươm, chổi...)"
sulfur,,<hóa> lưu hùynh; nguyên tố kim loại màu vàng nhạt (cháy với ngọn lửa cao và có mùi hôi),<động> bướm vàng (gồm nhiều loài khác nhau),"màu lưu huỳnh, màu vàng nhạt"
cottage,'kɔtidʤ,nhà tranh,nhà riêng ở nông thôn,(xem) piano
testify,'testifai,"chứng tỏ, tỏ ra, biểu lộ, chứng thực","chứng nhận, xác nhận","(pháp lý) khai, làm chứng, chứng nhân"
complainant,kəm'pleinənt,người thưa kiện,,
triangle,'traiæɳgl,hình tam giác,"ê ke, thước nách",(âm nhạc) kẻng ba góc
aqueous,'eikwiəs,(thuộc) nước; có nước,"(địa lý,địa chất) do nước (tạo thành)",
infectious,in'fekʃəs,"lây, nhiễm",(y học) nhiễm trùng; lây nhiễm,"lan truyền (tình cảm...), dễ lây"
efficiently,,"có hiệu quả, hiệu nghiệm",,
carbonate,'kɑ:bənit,(hoá học) cacbonat,,
execute,'eksikju:t,"thực hiện, thi hành, thừa hành, chấp hành",thể hiện; biểu diễn (bản nhạc...),"(pháp lý) làm thủ tục để cho có giá trị (hiệp ước, giao kèo...) (bằng cách ký vào, đóng dấu vào...)"
sustainable,səs'teinəbl,có thể chống đỡ được,có thể chịu đựng được,"có thể xác nhận được, có thể chứng minh được"
unconscious,ʌn'kɔnʃəs,không biết; vô ý thức; không tự giác,"bất tỉnh, ngất đi",the unconscious tiềm thức
decisive,di'saisiv,quyết định,"kiên quyết, quả quyết, dứt khoát",
concurrent,kən'kʌrənt,"xảy ra đồng thời, trùng nhau","hợp vào, góp vào, giúp vào","đồng lòng, đồng ý, nhất trí; hợp nhau"
rebellion,ri'beljən,"cuộc nổi loạn, cuộc phiến loạn","sự chống lại (chính quyền, chính sách, luật pháp...)",
hardy,'hɑ:di,"khoẻ mạnh, dày dạn, chịu đựng được gian khổ; chịu đựng được rét (cây)","táo bạo, gan dạ, dũng cảm",(kỹ thuật) cái đục thợ rèn
contracted,,"bị rút ngắn, bị co rút",,
hereafter,hiər'ɑ:ftə,"sau đây, sau này, trong tương lai","ở kiếp sau, ở đời sau",tương lai
keen,ki:n,bài hát tang (kèm theo tiếng than khóc ở Ai-len),hát bài hát tang,"than van ai oán, than khóc thảm thiết"
hook,huk,"cái móc, cái mác",bản lề cửa,(từ lóng) cái neo
indictment,in'daitmənt,"sự truy tố, sự buộc tội",bản cáo trạng,
dispersion,dis'pə:ʃn,"sự giải tán, sự phân tán",(hoá học) chất làm phân tán,"sự xua tan, sự làm tản mạn, sự làm tan tác; sự tan tác"
analogous,ə'næləgəs,"tương tự, giống nhau",,
conspiracy,kən'spirəsi,âm mưu,"sự thông đồng, ỉm đi, sự rủ nhau ỉm đi (không nói đến chuyện gì)",
feasibility,",fi:zə'biliti","sự có thể thực hành được, sự có thể thực hiện được, sự có thể làm được",tính tiện lợi,"tính có thể tin được, tính có lợi"
slender,'slendə,"mảnh khảnh, mảnh dẻ, thon","ít ỏi, nghèo nàn",mỏng manh
subsidy,'sʌbsidi,tiền cấp,tiền trợ cấp,
affidavit,",æfi'deivit",(pháp lý) bản khai có tuyên thệ,(thông tục) làm một bản khai có tuyên thệ,
verification,",verifi'keiʃn",sự thẩm tra,sự xác minh,
abortion,ə'bɔ:ʃn,"sự sẩy thai, sự phá thai; sự nạo thai","người lùn tịt; đứa bé đẻ non, vật đẻ non; vật dị dạng, quái thai","sự chết non chết yểu, sự sớm thất bại (của một kế hoạch, ý đồ...)"
assert,ə'sə:t,đòi (quyền lợi...),"xác nhận, khẳng định, quả quyết, quyết đoán",
capitalist,'kæpitəlist,nhà tư bản,"(từ Mỹ,nghĩa Mỹ) nhà tư bản nhỏ, tiểu chủ","tư bản, tư bản chủ nghĩa"
perceive,pə'si:v,"hiểu, nhận thức, lĩnh hội","thấy, trông thấy; nghe thấy, cảm thấy, ngửi thấy",
partition,pɑ:'tiʃn,sự chia ra,ngăn phần,"liếp ngăn, bức vách ngăn"
islamic,iz'læmik,(thuộc) đạo Hồi,,
optimum,'ɔptiməm,"điều kiện tốt nhất, điều kiện thuận lợi nhất (cho sự sinh trưởng của cây...)",,
remark,ri'mɑ:k,"sự lưu ý, sự chú ý","sự nhận xét; lời phê bình, lời bình luận","thấy, chú ý, lưu ý, để ý đến"
specialty,'speʃəlti,(pháp lý) hợp đồng (đặc biệt) có đóng dấu,"ngành chuyên môn, ngành chuyên khoa","(từ Mỹ,nghĩa Mỹ) nét đặc biệt"
bloody,'blʌdi,"vấy máu, đẫm máu, dính máu; chảy máu, có đổ máu","tàn bạo, khát máu, thích đổ máu, thích giết người ((cũng) bloody minded)",đỏ như máu
consulting,kən'sʌltiɳ,"cố vấn, để hỏi ý kiến",,
popularity,",pɔpju'læriti",tính đại chúng,tính phổ biến,"sự nổi tiếng, sự yêu mến của nhân dân; sự ưa thích của quần chúng"
sanitary,'sænitəri,(thuộc) vệ sinh,,
inherited,,"được thừa hưởng, được kế tục",,
symmetry,'simitri,sự đối xứng; tính đối xứng,cấu trúc cân đối,
carcinoma,",kɑ:si'noumətə",(y học) ung thư biểu bì,,
reverse,ri'və:s,"đảo, nghịch, ngược lại, trái lại",(the reverse) điều trái ngược,"bề trái, mặt trái (của đồng tiền, tờ giấy, huân chương...)"
fellow,'felou,bạn đồng chí,"người, người ta; ông bạn; thằng cha, gã, anh chàng",nghiên cứu sinh
qualification,",kwɔlifi'keiʃn","sự cho là; sự gọi là; sự định tính chất, sự định phẩm chất","tư cách khả năng, điều kiện, tiêu chuẩn, trình độ chuyên môn (để đảm nhiệm một chức vụ...); (số nhiều) giấy tờ chứng nhận khả năng",sự hạn chế; sự dè dặt
substantive,'sʌbstəntiv,biểu hiện sự tồn tại,tồn tại riêng biệt; tồn tại độc lập,"(từ Mỹ,nghĩa Mỹ) trọng yếu, lớn lao"
sensor,'sensə,"(kỹ thuật),  (vật lý) phần tử nhạy",,
conformity,kən'fɔ:miti,"(+ to,  with) sự phù hợp, sự thích hợp","(+ with,  to) sự đúng, sự tuân theo; sự y theo",sự tuân giáo (theo giáo phái ở Anh)
drift,drift,sự trôi giạt (tàu bè...); tình trạng bị lôi cuốn đi ((nghĩa đen) & (nghĩa bóng)),"vật trôi giạt, vật bị cuốn đi (đám bụi mù, củi rều...); vật bị thổi thành đông (tuyết, cát...)","(địa lý,địa chất) đất bồi, vật tích tụ (do gió, nước để lắng lại); trầm tích băng hà"
prevalence,'prevələns,"sự thường xảy ra, sự thịnh hành, sự lưu hành, sự phổ biến khắp, sự lan khắp",,
intrinsic,in'trinsik,"(thuộc) bản chất, thực chất; bên trong",(giải phẫu) ở bên trong,
analogy,ə'nælədʤi,"sự tương tự, sự giống nhau",(triết học) phép loại suy,(sinh vật học) sự cùng chức (cơ quan)
critique,kri'ti:k,bài phê bình,nghệ thuật phê bình,
crane,krein,(động vật học) con sếu,(kỹ thuật) cần trục,xiphông
spine,spain,xương sống,(thực vật học) gai,"(động vật học) gai, ngạnh (cá); lông gai (nhím)"
secular,'sekjulə,trăm năm một lần,"trường kỳ, muôn thuở","già, cổ"
psychiatric,",saiki'ætrik","(thuộc) bệnh tinh thần, (thuộc) bệnh tâm thần",,
wireless,'wai lis,"không dây,  rađiô",rađiô,đánh điện bằng rađiô
materially,mə'tiəriəli,"vật chất, hữu hình; cụ thể",,
computing,,(Tech) điện toán; tính toán; máy điện toán,,
mask,mɑ:sk,mạng che mặt của phụ nữ ngày xưa; mặt nạ ((nghĩa đen) & (nghĩa bóng)),mặt nạ phòng độc,đeo mặt nạ cho
cerebral,'seribrəl,(ngôn ngữ học) âm quặt lưỡi,,
marital,mə'raitl,(thuộc) chồng,(thuộc) hôn nhân,
nitrate,'naitreit,(hoá học) Nitrat,(hoá học) Nitro hoá,
recruitment,ri'kru:tmənt,"sự tuyển mộ (lính), sự lấy thêm, sự tuyển thêm (người vào một tổ chức...)","sự bổ sung, sự lấp chỗ trống",sự phục hồi sức khoẻ
declining,di'klainiɳ,"xuống dốc, tàn tạ",,
exposition,",ekspə'ziʃn",sự phơi,"sự phơi bày, sự phô ra; sự bóc trần, sự phơi trần, sự vạch trần, sự bộc lộ","sự bày hàng; (từ Mỹ,nghĩa Mỹ) cuộc triển lãm"
registrar,",redʤis'trɑ:","người giữ sổ (khai sinh, khai tử, giá thú...)",hộ tịch viên,
repetition,",repi'tiʃn","sự nhắc lại, sự lặp lại; điều nhắc lại, điều lặp lại",sự bắt chước,bài học thuộc lòng
conspicuous,kən'spikjuəs,"dễ thấy, rõ ràng, đập ngay vào mắt, lồ lộ","làm cho người ta để ý đến, đáng chú ý",
tuition,tju:'iʃn,"sự dạy học, sự giảng dạy","tiền học, học phí",
delegate,'deligit,"người đại biểu, người đại diện",người được uỷ nhiệm,cử làm đại biểu
cavalry,'kævəlri,kỵ binh,(như) cavalier,kỵ binh bay
quest,kwest,"sự truy tìm, sự truy lùng","(từ cổ,nghĩa cổ) cái đang tìm kiếm, cái đang truy lùng","(từ cổ,nghĩa cổ) sự điều tra; cuộc điều tra; ban điều tra"
docket,'dɔkit,(pháp lý) sổ ghi án (ghi các bản án đã tuyên bố...),"thẻ, phiếu (ghi nội dung văn kiện...)","biên lai của sở hải quan, chứng từ nộp thuế hải quan"
instantly,'instəntli,ngay khi,,
invisible,in'vizəbl,"không thể trông thấy được, tính vô hình",không thể gặp được (ở một lúc nào đó),"vật không nhìn thấy được, vật vô hình; người không nhìn thấy được, người vô hình"
stake,steik,"cộc, cọc",cọc trói; để thiếu sống; sự bị thiêu sống,đe nhỏ (của thợ thiếc)
metric,'metrik,(thuộc) mét,(như) metrical,(toán học) Mêtric
excitation,",eksi'teiʃn",sự kích thích,,
generic,dʤi'nerik,có đặc điểm chung của một giống loài; (thuộc) giống loài,chung,
quasi,'kwɑ:zi,"hầu như là, tuồng như là, y như thế","tức là, có nghĩa là",
mighty,'maiti,"mạnh, hùng cường, hùng mạnh","to lớn, vĩ đại, hùng vĩ, đồ sộ",(thông tục) to lớn; phi thường
pastor,'pɑ:stə,mục sư,"(từ cổ,nghĩa cổ) người chăn súc vật, mục đồng",(động vật học) con sáo sậu
blast,blɑ:st,"luồng gió; luồng hơi (bễ lò), hơi (bom...)",tiếng kèn,sự nổ (mìn)
catholic,'kæθəlik,"bao gồm tất cả, rộng khắp; phổ biến","đại lượng, rộng lượng, rộng rãi","(thuộc) đạo Thiên chúa, công giáo"
imposing,im'pouziɳ,"gây ấn tượng mạnh mẽ; oai nghiêm, hùng vĩ, đường bệ, bệ vệ",,
winding,'waindi,"khúc lượn, khúc quanh","sự cuộn, sự cuốn; guồng (t, chỉ, sợi)",(ngành mỏ) sự khai thác
gang,gæɳ,"đoàn, tốp, toán, kíp","bọn, lũ",bộ (đồ nghề...)
exterior,eks'tiəriə,"ngoài, ở ngoài, từ ngoài vào","(từ Mỹ,nghĩa Mỹ) nước ngoài","bề ngoài; mặt ngoài, bên ngoài"
transparent,træns'peərənt,trong suốt,"trong trẻo, trong sạch",(văn học) trong sáng
preface,'prefis,"lời tựa, lời nói đầu (sách); lời mở đầu (bài nói)","đề tựa, viết lời nói đầu (một quyển sách); mở đầu (bài nói)","mở đầu, mở lối cho, dẫn tới (một việc gì khác) (sự kiện...)"
predominantly,,"phần lớn, chủ yếu là",,
annuity,ə'nju:iti,"tiền góp hằng năm, tiền trả hằng năm, tiền trợ cấp hàng năm",,
carpenter,'kɑ:pintə,thợ mộc,làm nghề thợ mộc,làm ra với kỹ thuật của thợ mộc
eminent,'eminənt,"nổi tiếng, xuất sắc",cao độ (đức tính tốt...),
causal,'kɔ:zəl,(thuộc) nguyên nhân,(thuộc) quan hệ nhân quả,
utterly,' t li,hoàn toàn,,
patch,pætʃ,miếng vá,"miếng băng dính, miếng thuốc cao (trên vết thương...)",miếng bông che mắt đau
reimbursement,",ri:im'bə:smənt","sự hoàn lại, sự trả lại (số tiền đã tiêu)",,
quote,kwout,(thông tục) lời trích dẫn; đoạn trích dẫn,(số nhiều) dấu ngoặc kép,trích dẫn (đoạn văn...)
fulfilled,,"thoả mãn, mãn nguyện",,
dept,,"(vt của department) cục, vụ, ty, ban, khoa, bộ",,
layout,,"bố trí, xếp đặt, layout",,
comptroller,kən'troulə,"người kiểm tra, người kiểm soát","quản gia, quản lý, trưởng ban quản trị (bệnh viện, trường học, doanh trại quân đội...) ((cũng) comptroller)","(kỹ thuật) bộ điều chỉnh (nhiệt độ, áp lực, tốc độ của máy...)"
stimuli,'stimjuləs,sự kích thích; tác dụng kích khích,(thực vật học) lông ngứa,(tôn giáo) đầu gậy của mục sư
vendor,'vendɔ:,(như) vender,(pháp lý) người bán nhà đất,"(từ Mỹ,nghĩa Mỹ) (như) vending_machine"
contingent,kən'tindʤənt,"ngẫu nhiên, tình cờ, bất ngờ","còn tuỳ thuộc vào, còn tuỳ theo",(quân sự) đạo quân (để góp thành một đạo quân lớn hơn)
contraction,kən'trækʃn,"sự tiêm nhiễm, sự mắc (bệnh, nợ)","sự thu nhỏ, sự co, sự teo lại",(ngôn ngữ học) cách viết gọn; sự rút gọn; từ rút gọn
mandate,'mændeit,"lệnh, trát","sự uỷ nhiệm, sự uỷ thác",sự uỷ mị
hood,hud,mũ trùm đầu (áo mưa...),huy hiệu học vị (gắn trên áo hay mũ trùm đầu để cho học vị ở trường đại học),"mui xe (xe đẩy của trẻ con, xe ô tô, bằng vải bạt có thể gập lại)"
whatsoever,",w tsou'e",dạng nhấn mạnh của whatever,,
postal,'poustəl,(thuộc) bưu điện,"(từ Mỹ,nghĩa Mỹ),  (thông tục) bưu thiếp ((cũng) postal card)",
medication,",medi'keiʃn","sự bốc thuốc, sự cho thuốc","sự tẩm thuốc, sự ngâm thuốc",(thuộc) dược phẩm
conquest,'kɔɳkwest,"sự xâm chiếm, sự chinh phục",đất đai xâm chiếm được,người mình đã chinh phục được; người mình đã chiếm đoạt được cảm tình
plato,,(Econ) (427-347BC),,
viscosity,vi'siditi,"tính sền sệt, tính lầy nhầy, tính nhớt","tính dẻo, tính dính",
calibration,",kæli'breiʃn","sự định cỡ, sự xác định đường kính (nòng súng, ống...)",sự kiểm tra cỡ trước khi chia độ (ống đo nhiệt...),
cone,koun,hình nón; vật hình nón,(thực vật học) nón,(động vật học) ốc nón
scarce,skeəs,"khan hiếm, ít có, thiếu, khó tìm",(xem) make,
cathedral,kə'θi:drəl,nhà thờ lớn,,
processor,,"máy chế biến, máy xử lý",bộ xử lý trong máy tính,
bind,baind,"trói, buộc, bỏ lại",ký hợp đồng học nghề,ràng buộc
dissertation,",disə:'teiʃn","sự nghị luận, sự bàn luận; sự bình luận","bài nghị luận, bài luận văn; bài bình luận",
exhaust,ig'zɔ:st,"(kỹ thuật) sự rút khí, sự thoát khí","hút, rút (khí, hơi, nước, bụi...)","làm kiệt quệ, làm rỗng, làm cạn; dốc hết, dùng hết"
jaw,dʤɔ:,"hàm, quai hàm","(số nhiều) mồm, miệng","(số nhiều) lối vào hẹp (thung lũng, vịnh, eo biển...)"
ranch,rɑ:ntʃ,"trại nuôi súc vật (ở Mỹ,  Ca-na-đa)",quản lý trại chăn nuôi,
optimization,,sự tối ưu hoá,,
dismiss,dis'mis,"giải tán (đám đông tụ tập, quân đội...)",cho đi,"đuổi ra, thải hồi, sa thải (người làm...)"
rifle,'raifl,đường rânh xoắn (ở nòng súng),súng có nòng xẻ rânh xoắn; súng săn; súng trường,(số nhiều) đội quân vũ trang bằng súng trường
supplemental,",sʌpli'mentl","bổ sung, phụ thêm vào",(toán học) phụ,
humble,'hʌmbl,"khiêm tốn, nhún nhường",khúm núm,"thấp kém, hèn mọn (cấp bậc, địa vị xã hôi, thành phần)"
savage,'sævidʤ,"hoang vu, hoang dại","dã man, man rợ; không văn minh",tàn ác
obstruction,əb'strʌkʃn,"sự làm tắc nghẽn, sự tắc nghẽn, sự bế tắc","sự cản trở, sự gây trở ngại","trở lực, điều trở ngại"
idle,'aidl,"ngồi rồi, không làm việc gì","không làm ăn gì cả, ăn không ngồi rồi, lười nhác","không có công ăn việc làm, thất nghiệp"
scripture,'skriptʃə,kinh thánh; lời trích trong kinh thánh,(định ngữ) lấy ở kinh thánh ra; liên quan đến kinh thánh,thánh kinh
indices,'indeks,ngón tay trỏ ((cũng) index finger),chỉ số; sự biểu thị,kim (trên đồng hồ đo...)
radioactive,'reidiou'æktiv,phóng xạ,,
respiratory,ris'paiərətəri,"(thuộc) sự thở, (thuộc) hô hấp",,
nomination,",nɔmi'neiʃn","sự chỉ định, sự bổ nhiệm (người nào vào một chức vụ gì); quyền chỉ định, quyền bổ nhiệm","sự giới thiệu, sự đề cử (người ra ứng cử); quyền giới thiệu, quyền đề cử (người ra ứng cử)",
focal,'foukəl,"(vật lý),  (toán học) tiêu","trung tâm, trọng tâm",
erection,i'rekʃn,sự đứng thẳng; sự dựng đứng,"sự dựng lên, sự xây dựng; công trình xây dựng ((nghĩa đen) & (nghĩa bóng))",(sinh vật học) sự cương; trạng thái cương
viable,'vaiəbl,"có thể sống được (thai nhi, cây cối...)",có thể nảy mầm (hạt giống),có thể thành tựu được (kế hoạch)
proximity,proximity,"trạng thái gần (về không gian, thời gian...))",,
destiny,'destini,"vận số, vận mệnh, số phận",,
congregation,",kɔɳgri'geiʃn","sự tập hợp, sự tụ tập, sự hội họp",(tôn giáo) giáo đoàn,đại hội đồng trường đại học
grip,grip,"rãnh nhỏ, mương nhỏ","sự cầm chặt, sự nắm chặt, sự ôm chặt, sự kẹp chặt; sự kìm kẹp",sự thu hút (sự chú ý)
implication,",impli'keiʃn","sự lôi kéo vào; sự liên can, sự dính líu; ẩn ý, điều ngụ ý; điều gợi ý",(số nhiều) quan hệ mật thiết,"(từ hiếm,nghĩa hiếm) sự bện lại, sự tết lại, sự xoắn lại"
harsh,hɑ:ʃ,"thô, ráp, xù xì","chói (mắt, tai); khó nghe, nghe khó chịu; khàn khàn (giọng)",chát (vị)
communism,'kɔmjunizm,chủ nghĩa cộng sản,,
therapist,,bác sự chuyên khoa về một phép chữa bệnh nào đó; nhà tri liệu,,
polar,'poulə,"(thuộc) địa cực, ở địa cực",(điện học) có cực,(toán học) cực
probe,probe,"cái thông, cái que thăm (để dò vết thương...)","(vật lý) máy dò, cái dò, cực dò","(từ Mỹ,nghĩa Mỹ) sự thăm dò, sự điều tra"
rape,reip,bã nho (sau khi ép lấy nước là rượu) dùng làn giấm,thùng gây giấm nho,(thực vật học) cây cải dầu
openly,'oupnli,công khai,thẳng thắn,
revival,ri'vaivəl,"sự phục hưng, sự phục hồi (công nghiệp...); sự đem thi hành lại (đạo luật); sự làm sống lại, sự hồi sinh (của một vật)",(tôn giáo) sự làm thức tỉnh lại lòng mộ đạo; sự gây lại niềm tin,
suspect,'sʌspekt,"đáng ngờ, khả nghi; bị tình nghi",người khả nghi; người bị tình nghi,"nghi, ngờ, nghi ngờ, hoài nghi"
mounting,'mouldiɳ,"sự trèo, sự lên",sự tăng lên,"giá, khung"
advisable,əd'vaizəbl,"nên, thích hợp, đáng theo","khôn, khôn ngoan",
vascular,'væskjulə,(giải phẫu) (thuộc) mạch (máu),(thực vật học) có mạch,
olive,'ɔliv,(thực vật học) cây ôliu,quả ôliu,gỗ ôliu
supplier,sə'plaiə,"người cung cấp, người tiếp tế",,
sect,sekt,"bè phái, môn phái, giáo phái",,
vacant,'veikənt,"trống, rỗng","bỏ không, trống","khuyết, thiếu"
unstable,' n'steibl,"không ổn định, không vững, không chắc, không bền","hay thay đổi, không kiên định, không kiên quyết (tính tình)",
meantime,'mi:n'taim,"in the meantime trong lúc ấy, trong khi ấy","trong khi chờ đợi, trong lúc ấy, đang lúc ấy",
demanding,,đòi hỏi khắt khe,,
skull,skʌl,"sọ, đầu lâu","đầu óc, bộ óc",
authentic,ɔ:'θentik,thật; xác thực,đáng tin,
polish,'pouliʃ,Polish (thuộc) Ba lan,"nước bóng, nước láng","nước đánh bóng, xi"
forthcoming,fɔ:θ'kʌmiɳ,"sắp đến, sắp rời",sắp xuất bản (sách),sãn sàng (khi cần)
unlimited,ʌn'limitid,"không giới hạn, vô vùng, vô tận, vô kể",,
confidential,",kɔnfi'denʃl","kín, bí mật; nói riêng với nhau","thân tín, tâm phúc; được tin cẩn","thổ lộ tâm tình, tâm sự"
superficial,",sju:pə'fiʃəl",ở bề mặt,"nông cạn, hời hợt, thiển cận","vuông, (đo) diện tích (đơn vị đo) ((cũng) super)"
ass,æs,con lừa,"người ngu, người đần độn",
crack,kræk,"(thông tục) cừ, xuất sắc","quất (roi) đét đét; búng (ngón tay) kêu tanh tách, bẻ (đốt ngón tay) kêu răng rắc","làm nứt, làm rạn, làm vỡ, kẹp vỡ"
norm,nɔ:m,quy tắc tiêu chuẩn,chỉ tiêu (trong sản xuất),
stabilization,",steibilai'zeiʃn","sự làm cho vững vàng, sự làm cho ổn định; sự vững vàng, sự ổn định",,
clarify,'klærifai,"lọc, gạn",làm cho sáng sủa dễ hiểu,"trong ra, sạch ra"
heretofore,'hiətu'fɔ:,"cho đến nay, trước đây",,
tonnage,'tʌnidʤ,trọng tải (của tàu thuyền),thuế trọng tải,"tiền cước, tiền chuyên chở (mỗi tấn hàng)"
precedent,'presidənt,"tiền lệ, lệ trước","(từ hiếm,nghĩa hiếm) trước",
battalion,bə'tæljən,(quân sự) tiểu đoàn,đạo quân lớn dàn thành thế trận,"quân nhiều tướng mạnh, vũ lực"
limb,lim,(thiên văn học) quầng (ở quanh thiên thể),"bờ, rìa",(thực vật học) phiến lá; phiến cánh hoa; phiến lá đài
morphology,mɔ:'fɔlədʤi,hình thái học,,
ceramic,si'ræmik,(thuộc) nghề làm đồ gốm,,
prescribe,pris'kraib,"ra lệnh, truyền lệnh, sai khiến, bắt phải","(y học) cho, kê (đơn...)","(y học) cho đơn, kê đơn"
subordinate,sə'bɔ:dnit,"phụ, phụ thuộc, lệ thuộc","ở dưới quyền, cấp dưới","người cấp dưới, người dưới quyền"
reversal,ri'və:səl,"sự đảo ngược (hình ảnh, câu...)","(nghĩa bóng) sự thay đổi hoàn toàn, sự đảo lộn, sự lật ngược","(pháp lý) sự huỷ bỏ, sự thủ thiêu (một bản án)"
trout,traut,(động vật học) cá hồi,(thông tục) con đĩ già,câu cá hồi
stiff,stif,"cứng, cứng đơ, ngay đơ","cứng rắn, kiên quyết, không nhân nhượng","cứng, nhắc, không tự nhiên"
sterling,'stə:liɳ,"thật, đúng tuổi (tiền, kim loại quý)",có chân giá trị,"đồng xtecling, đồng bảng Anh"
initiate,i'niʃiit,"người đã được vỡ lòng, người đã được khai tâm, người được bắt đầu làm quen với một bộ môn",người đã được làm lễ kết nạp; người đã được thụ giáo,"đã được vỡ lòng, đã được khai tâm, đã được bắt đầu làm quen với (một bộ môn khoa học...)"
dramatically,,đột ngột,,
abdominal,æb'dɔminl,(thuộc) bụng; ở bụng,,
deliberate,di'libərit,có suy nghĩ cân nhắc; thận trọng,"có tính toán, cố ý, chủ tâm","thong thả, khoan thai, không vội vàng"
sincerely,sin'siəli,"thành thật, thật thà, ngay thật, chân thành, thành khẩn",(xem) yours,
pose,pouz,"tư thế (chụp ảnh...), kiểu","bộ tịch, điệu bộ màu mè; thái độ màu mè",sự đặt; quyền đặt (quân đôminô đầu tiên)
confession,kən'feʃn,"sự thú tội, sự thú nhận",(tôn giáo) sự xưng tội,tôi đã xưng
enhancement,in'hɑ:nsmənt,"sự làm tăng, sự nâng cao, sự đề cao, sự làm nổi bật",sự tăng,
loam,loun,đất nhiều mùm,"đất sét trộn (để trét vách, để làm gạch)",
manipulation,"mə,nipju'leiʃn","sự vận dụng bằng tay, sự thao tác","sự lôi kéo, sự vận động (bằng mánh khoé)",
sincere,sin'siə,"thành thật, thật thà, ngay thật, chân thành, thành khẩn",,
alignment,ə'lainmənt,"sự sắp thẳng hàng, sự sắp hàng",,
clergy,'klə:dʤi,giới tăng lữ; tăng lữ,,
convergence,kən'və:dʤəns,sự hội tụ,độ hội tụ,
evolutionary,",i:və'lu:ʃnəri",(thuộc) sự tiến triển,(thuộc) sự tiến hoá; (thuộc) thuyết tiến hoá,(thuộc) sự quay lượn (khi nhảy múa)
ninth,nainθ,thứ chín,một phần chín,người thứ chín; vật thứ chín; ngày mồng chín
par,pɑ:,"(từ Mỹ,nghĩa Mỹ) trung bình; bình thường",sự ngang hàng,"tỷ giá; giá trung bình, mức trung bình"
prohibit,prohibit,"cấm, ngăn cấm, cấm chỉ",,
deterioration,"di,tiəriə'reiʃn",sự làm hư hỏng,sự làm giảm giá trị,"(nghĩa bóng) sự sa đoạ, sự trở nên xấu hơn"
corridor,'kɔridɔ:,"hành lang (nhà, toa xe lửa)",(chính trị) đường hành lang (chạy qua địa phận của một nước khác để thông ra biển),xe lửa có hành lang thông từ đầu đến cuối)
sovereign,'sɔvrin,tối cao,có chủ quyền,"hiệu nghiệm, thần hiệu"
charming,'tʃɑ:miɳ,"đẹp, duyên dáng, yêu kiều; có sức quyến rũ, làm say mê, làm mê mẩn",,
presidency,'prezidənsi,"chức chủ tịch; (từ Mỹ,nghĩa Mỹ) chức tổng thống","nhiệm kỳ chủ tịch; (từ Mỹ,nghĩa Mỹ) nhiệm kỳ tổng thống","(Ân),  (sử học) quận, bang"
radial,'reidjəl,"(vật lý),  (toán học) (thuộc) tia","xuyên tâm, toả tròn",(giải phẫu) (thuộc) xương quay
binary,'bainəri,"đôi, nhị nguyên, nhị phân",,
negligible,'neglidʤəbl,không đáng kể,,
hemisphere,'hemisfiə,bàn cầu,,
surroundings,sə'raundiɳz,"vùng phụ cận, vùng xung quanh",môi trường xung quanh,
constituent,kən'stitjuənt,"cấu tạo, hợp thành, lập thành",có quyền bầu cử,lập hiến
catalyst,'kætəlist,"(hoá học) vật xúc tác, chất xúc tác",,
bilateral,bai'lætərəl,hai bên,tay đôi,
neural,'njuərəl,(thuộc) thần kinh,,
lesion,'li:ʤn,(y học) thương tổn,,
booth,bu:ð,"quán, rạp, lều","(từ Mỹ,nghĩa Mỹ) phòng điện thoại công cộng",
imagery,'imidʤəri,hình ảnh (nói chung),"tượng hình; hình chạm, đồ khắc",hình tượng
erroneous,i'rounjəs,"sai lầm, sai sót; không đúng",,
constraint,kən'streint,"sự bắt ép, sự ép buộc, sự cưỡng ép, sự thúc ép","sự đè nén, sự kiềm chế","sự gượng gạo, sự miễn cưỡng; sự e dè"
nuts,,dở hơi,lẩn thẩn,say mê
evaporation,"i,væpə'reiʃn","sự làm bay hơi, sự bay hơi",sự làm khô,
terminology,",tə:mi'nɔlədʤi",thuật ngữ học,thuật ngữ,
terminate,'tə:mineit,"vạch giới hạn, định giới hạn","làm xong, kết thúc, hoàn thành, chấm dứt","xong, kết thúc, chấm dứt, kết cục, kết liễu"
disclose,dis'klouz,"mở ra; vạch trần ra, để lộ ra",,
affirmative,ə'fə:mətiv,khẳng định; quả quyết,"lời khẳng định; lời nói ""ừ"" , lời nói ""được""",
cylindrical,si'lindrikəl,hình trụ,,
speculation,",spekju'leiʃn","sự suy xét, sự nghiên cứu","sự suy đoán, sự ức đoán",sự đầu cơ tích trữ
proliferation,proliferation,(sinh vật học) sự nảy nở,sự tăng nhanh,
rightly,'raitli,"phải, đúng, đúng đắn; có lý; công bằng",,
quotation,kwou'teiʃn,sự trích dẫn; đoạn trích dẫn,giá thị trường công bố (thị trường chứng khoán),bản dự kê giá
anonymous,ə'nɔniməs,giấu tên; vô danh; nặc danh,,
analyst,'ænəlist,người phân tích,(toán học) nhà giải tích,
solvent,'sɔlvənt,có khả năng hoà tan,"(nghĩa bóng) có khả năng làm tan, có khả năng làm suy yếu (mê tín dị đoan...)",có thể trả được nợ
pathway,'pɑ:θwei,"đường mòn, đường nhỏ",,
tab,tæb,"tai, đầu, vạt, dải (đính vào một vật gì)",nhãn (dán trên hàng hoá),(quân sự) phù hiệu cổ áo
muscular,'mʌskjulə,"(thuộc) bắp thịt, (thuộc) cơ","nổi bắp, có bắp thịt rắn chắc, vạm vỡ, khoẻ",
lowering,'louəriɳ,"làm yếu, làm suy (cơ thể)",cau lại; có vẻ đe doạ (vẻ mặt),"tối sầm (trời, mây)"
methyl,'meθil,(hoá học) Metyla,,
electoral,i'lektərəl,(thuộc) sự bầu cử; (thuộc) cử tri,,
remarkably,,"đáng chú ý, đáng để ý","khác thường, xuất sắc; đặc biệt, ngoại lệ",rõ rệt
proclamation,,"sự công bố, sự tuyên bố",by public proclamation,bằng (theo) tuyên bố công khai
pavement,'peivmənt,"mặt lát (đường, sàn...)","vỉa hè, hè đường",
surrender,sə'rendə,sự đầu hàng,"sự giao lại, sự dâng, sự nộp (thành trì... để đầu hàng)","bỏ, từ bỏ"
korean,kə'riən,(thuộc) Triều tiên,người Triều tiên,tiếng Triều tiên
gage,geidʤ,"đồ cầm, vật cược, vật làm tin",găng tay ném xuống đất để thách đấu; sự thách đấu,cầm; đặt cược
eec,,(Econ) Xem EUROPEAN ECONOMIC COMMUNITY,,
reinforcement,",ri:in'fɔ:smənt","sự tăng cường, sự củng cố; sự tăng viện",(số nhiều) (quân sự) quân tiếp viện,
practitioner,præk'tiʃnə,thầy thuốc đang hành nghề; luật sư đang hành nghề,(xem) general,
ignorant,'ignərənt,"ngu dốt, dốt nát",không biết,
comp,kɔmp,(thông tục) (như) compositor,,
voluntarily,,tự ý; tự nguyện; tình nguyện,,
advocate,'ædvəkit,"người biện hộ, người bào chữa, người bênh vực; luật sư, thầy cãi","người chủ trương; người tán thành, người ủng hộ","biện hộ, bào chữa"
hybrid,'haibrid,cây lai; vật lai; người lai,từ ghép lai,lai
commissioned,kə'miʃnd,được uỷ quyền,có bằng phong cấp sĩ quan,(hàng hải) được trang bị sẵn sàng (tàu chiến)
microscope,'maikrəskoup,kính hiển vi,,
struggling,'strʌgliɳ,"vật lộn, đấu tranh, sống chật vật",,
roller,'roulə,"trục lăn, con lăn; xe lăn đường; ống lăn mực (in...)","trục cán, máy cán",ống cuộn
drought,draut,hạn hán,"(từ cổ,nghĩa cổ) sự khô cạn; sự khát",
resignation,",rezig'neiʃn",sự từ chức; đơn xin từ chức,"sự từ bỏ, sự trao, sự nhường (quyền lợi, hy vọng...)",sự cam chịu; sự nhẫn nhục
clarity,'klæriti,sự trong (nước...),"sự rõ ràng, sự sáng sủa",
assay,ə'sei,"sự thử, sự thí nghiệm; sự xét nghiệm, sự phân tích (kim loại quý)","kim loại để thử, kim loại để thí nghiệm","(từ cổ,nghĩa cổ) sự thử (làm việc gì)"
introductory,",intrə'dʌktəri",để giới thiệu,mở đầu,
administer,əd'ministə,"trông nom, quản lý; cai quản, cai trị","thi hành, thực hiện",làm lễ (tuyên thệ) cho (ai) tuyên thệ
investor,in'vestə,người đầu tư,,
pulmonary,'pʌlmənəri,"(thuộc) phổi, có liên quan đến phổi","có phổi, có bộ phận giống phổi","bị bệnh phổi, bị đau phổi"
solicitor,sə'lisitə,cố vấn pháp luật,"(từ Mỹ,nghĩa Mỹ) người đi vận động (bỏ phiếu, quyên tiền...)","(từ hiếm,nghĩa hiếm) người nài xin"
elect,i'lekt,chọn lọc,"đã được chọn, đã được bầu (nhưng chưa nhậm chức...)",(tôn giáo) những người được Chúa chọn (lên thiên đường)
distortion,dis'tɔ:ʃn,"sự vặn vẹo, sự bóp méo, sự làm méo mó","sự bóp méo, sự xuyên tạc (sự thật...)",tình trạng không rõ và không chính xác (dây nói...)
malignant,mə'lignənt,"thích làm điều ác, có ác tâm; hiểm; độc ác",(y học) ác tính,
reluctant,ri'lʌktənt,"miễn cưỡng, bất đắc dĩ, không thích, không sẵn lòng","trơ trơ, chống lại, khó bảo, khó làm",
vaccine,'væksi:n,(y học) vacxin,,
clerical,'klerikəl,"(thuộc) công việc biên chép, (thuộc) văn phòng",(thuộc) tăng lữ,mục sư
microwave,'maikrəweiv,"(raddiô) sóng cực ngắn, vi ba",,
privileged,privileged,có đặc quyền; được đặc quyền; được đặc ân,,
outbreak,'autbreik,sự phun lửa (núi lửa),cơn; sự bột phát,sự bùng nổ (của chiến tranh...)
obey,ə'bei,"vâng lời nghe lời, tuân theo, tuân lệnh",,
micro,,"vi, tiểu, nhỏ (micro film: vi phim)",,
fulfill,ful'fil,"thực hiện, hoàn thành, làm trọn (nhiệm vụ...)",thi hành,"đáp ứng (lòng mong muốn, mục đích)"
transcript,'trænskript,"bảo sao, bản chép lại; bản dịch (một bản tốc ký)",,
canon,'kænən,tiêu chuẩn,"(tôn giáo) luật lệ, quy tắc, phép tắc",(tôn giáo) nghị định của giáo hội
mate,meit,(đánh cờ) nước chiếu tướng,(đánh cờ) chiếu tướng cho bí,"bạn, bạn nghề"
prevail,pri'veil,"((thường) + against,  over) thắng thế, chiếm ưu thế","thịnh hành, lưu hành, phổ biến khắp, lan khắp, thường xảy ra nhiều","(+ on,  upon) khiến, thuyết phục"
waist,weist,chỗ thắt lưng,"chỗ eo, chỗ thắt lại","vạt trên (của áo); (từ Mỹ,nghĩa Mỹ) áo chẽn (của phụ nữ)"
appropriately,,"thích hợp, thích đáng",,
dilemma,di'lemə,song đề,"thế tiến lui đều khó, thế tiến thoái lưỡng nan, tình trạng khó xử",
decent,'di:snt,hợp với khuôn phép,"đứng đắn, đoan trang, tề chỉnh","lịch sự, tao nhã"
obedience,ə'bi:djəns,"sự nghe lời, sự vâng lời; sự tuân lệnh, sự tuân theo, sự phục tùng","(tôn giáo) khu vực quản lý, khu vực quyền hành","vâng lệnh, theo lệnh"
contractual,kən'træktjuəl,"bằng hợp đồng, bằng giao kèo, bằng khế ước",,
retreat,ri'tri:t,"(quân sự) sự rút lui, sự rút quân; hiệu lệnh rút quân",(quân sự) tiếng kèn (trống) thu không,sự ẩn dật
aluminium,",ælju'minjəm",nhôm,,
shooting,'ʃu:tiɳ,"sự bắn, sự phóng đi",khu vực săn bắn,quyền săn bắn ở các khu vực quy định
elite,,"Một kiểu chữ, in được 12 ký tự trong mỗi inch",,
query,'kwiəri,"câu hỏi, câu chất vấn; thắc mắc","((viết tắt),  qu.) thử hỏi, chẳng biết",dấu chấm hỏi
violate,'vaiəleit,"vi phạm, xâm phạm, phạm; làm trái (lương tâm...); lỗi (thề...)",hãm hiếp,"phá rối, làm mất (giấc ngủ, sự yên tĩnh...)"
chip,tʃip,"vỏ bào, vỏ tiện, mạt giũa","chỗ sức, chỗ mẻ",mảnh vỡ
metaphor,'metəfɔ,(văn học) phép ẩn dụ,,
applicability,",æplikə'biliti","tính có thể dùng được, tính có thể áp dụng được, tính có thể ứng dụng được",,
exile,'eksail,"sự đày ải, sự đi đày",cảnh tha hương; sự xa cách quê hương lâu ngày,"người bị đày ải, người đi đày"
inflammatory,in'flæmətəri,"có tính chất khích động, nhằm khích động","(y học) dễ viên, do viêm",
hourly,'auəli,"hằng giờ, từng giờ, mỗi giờ một lần","hằng giờ, hằng phút, liên miên, luôn luôn",
anchor,'æɳkə,"(hàng hải) cái neo, mỏ neo","(kỹ thuật) neo sắt, mấu neo","(nghĩa bóng) nguồn tin cậy, nơi nương tựa"
packet,'pækit,gói nhỏ,tàu chở thư ((cũng) packet boat),"(từ lóng) món tiền được cuộc; món tiền thua cuộc (đánh cuộc, đánh đổ...)"
optional,'ɔpʃənl,"tuỳ ý, không bắt buộc",để cho chọn,
attainment,ə'teinmənt,sự đạt được,"((thường) số nhiều) kiến thức, tri thức, học thức; tài (do trau giồi mà có)",
breed,bri:d,"nòi, giống",dòng dõi,gây giống; chăn nuôi
weed,wi:d,(thực vật học) cỏ dại,(the weed) thuốc lá,ngựa còm; người gầy yếu mnh khnh
uncommon,ʌn'kɔmən,"không thông thường, hiếm, ít có","lạ lùng, kỳ dị","(thông tục) lạ lùng, phi thường, khác thường"
update,,"làm cho cập nhật, hiện đại hoá",cho ai thông tin mới nhất (về cái gì),sự cập nhật hoá (thông tin mới nhất)
lap,læp,"vạt áo, vạt váy",lòng,dái tai
preventive,pri'ventiv,"ngăn ngừa, phòng ngừa",(y học) phòng bệnh,biện pháp phòng ngừa
diversion,dai'və:ʃn,sự làm trệch đi; sự trệch đi,sự làm lãng trí; điều làm lãng trí,"sự giải trí, sự tiêu khiển; trò giải trí, trò tiêu khiển"
correspondent,",kɔris'pɔndənt","thông tín viên, phóng viên (báo chí)","người viết thư; người thường xuyên trao đổi thư từ, công ty thường xuyên trao đổi thư từ (với một người hoặc công ty ở nước ngoài)","(+ to,  with) xứng với, tương ứng với, ; phù hợp với, đúng với"
innovations,,(Econ) Phát kiến; sáng kiến,,
beaten,'bi:tn,"đập, nện (nền đường...)","gò, đập, thành hình","quỵ, nản chí"
terrace,'terəs,"nền đất cao, chỗ đất đắp cao","(kiến trúc) mái bằng, sân thượng; sân hiên",dãy nhà
coherent,kou'hiərənt,"dính liền, cố kết","mạch lạc, chặt chẽ (văn chương, lý luận...)",
axes,'æksiz,số nhiều của axe,số nhiều của axis,
weeds,wi:dz,quần áo đại tang (của người đàn bà goá) ((thường) widow's weeds),,
inflammation,",inflə'meiʃn",sự đốt cháy; sự bốc cháy,sự khích động; sự bị khích động,(y học) viêm
elegant,'eligənt,"thanh lịch, tao nhã (người, cách ăn mặc...); nhã (văn)","cùi lách hạng nhất, chiến, cừ","người thanh lịch, người tao nhã"
alternatively,,như một sự lựa chọn,,
genera,'dʤi:nəs,"(sinh vật học) phái, giống",loại,
attribute,'ætribju:t,thuộc tính,vật tượng trưng,(ngôn ngữ học) thuộc ngữ
spare,speə,"thừa, dư, có để dành","thanh đạm, sơ sài",gầy go
worldwide,,toàn cầu,,
transient,'trænziənt,"ngắn ngủi, nhất thời, chóng tàn",tạm thời,"thoáng qua, nhanh, vội vàng"
economist,i:'kɔnəmist,nhà kinh tế học,người tiết kiệm,người quản lý (tiền bạc...)
lecturer,'lektʃərə,"người diễn thuyết, người thuyết trình",giảng viên (ở trường đại học),
colleague,kɔ'li:g,"bạn đồng nghiệp, bạn đồng sự",,
instinct,in'stiɳkt,bản năng,"thiên hướng, năng khiếu",tài khéo léo tự nhiên
comprehension,",kɔmpri'henʃn","sự hiểu, sự lĩnh hội, sự nhận thức","sự bao gồm, sự bao hàm",
imitation,",imi'teiʃn",sự noi gương,"sự bắt chước; vật bắt chước, vật mô phỏng, vật phỏng mẫu",đồ giả
fierce,fiəs,"hung dữ, dữ tợn, hung tợn","dữ dội, mãnh liệt, ác liệt, sôi sục","(từ Mỹ,nghĩa Mỹ),  (từ lóng) hết sức khó chịu, hết sức ghê tởm, xấu hổ vô cùng"
nonprofit,,không vì mục đích lợi nhuận; bất vụ lợi,,
contradiction,",kɔntrə'dikʃn","sự mâu thuẫn, sự trái ngược",sự cãi lại,
distributor,dis'tribjutə,"người phân phối, người phân phát",(kỹ thuật) bộ phân phối,
progression,progression,"sự tiến tới; sự tiến bộ; sự tiến triển, sự phát triển",sự tiến hành,(toán học) cấp số
finely,'fainnis,đẹp đẽ,"tế nhị, tinh vi",cao thượng
sanitation,",sæni'teiʃn",sự cải thiện điều kiện vệ sinh,,
rectangular,rek'tæɳgjulə,hình chữ nhật,vuông góc,
laundry,'lɔ:ndri,chỗ giặt là quần áo; hiệu giặt,quần áo đưa giặt; quần áo đã giặt là xong,
interpreting,,công việc phiên dịch,,
indispensable,",indis'pensəbl","rất cần thiết, không thể thiếu được","bắt buộc, không thể bỏ qua (luật pháp, trách nhiệm...)","người rất cần thiết, vật rất cần thiết"
unsuccessful,' ns k'sesful,"không thành công, không thắng lợi, thất bại, hỏng",,
unsatisfactory,"' n,s tis'f kt ri","không làm tho m n, không làm vừa ý, không làm vừa lòng","xoàng, thường",
porch,pɔ:tʃ,cổng (ra vào); cổng vòm,"(từ Mỹ,nghĩa Mỹ) hành lang",(the porch) cổng vòm ở thành A-ten (nơi Giê-non truyền bá triết lý cho các môn đệ); trường phái cấm dục của Giê-non); triết lý cấm dục của Giê-non
doorway,'dɔ:wei,ô cửa (khoảng trống của khung cửa),con đường (dẫn đến),
hint,hint,"lời gợi ý; lời nói bóng gió, lời nói ám chỉ","(từ Mỹ,nghĩa Mỹ) chút xíu, tí ti, dấu vết","gợi ý nhẹ nhàng; nói bóng nói gió, nói ám chỉ"
slaughter,'slɔ:tə,"sự giết thịt, sự mổ thịt (bờ, lợn...)",sự tàn sát; cuộc tàn sát,(xem) innocent
dedication,",dedi'keiʃn","sự cống hiến, sự hiến dâng",lời đề tặng (sách...),
polarization,",poulərai'zeiʃn","sự phân cực, độ phân cực",,
absurd,əb'sə:d,vô lý,"ngu xuẩn, ngớ ngẩn; buồn cười, lố bịch",
modernization,",mɔdə:nai'zeiʃn",sự hiện đại hoá; sự đổi mới,,
transmit,trænz'mit,"chuyển giao, truyền",,
decoration,",dekə'reiʃn",sự trang hoàng,"đồ trang hoàng, đồ trang trí",huân chương; huy chương
compute,kəm'pju:t,"tính toán, ước tính",,
journalism,'dʤə:nəlizm,"nghề làm báo, nghề viết báo",,
lengthy,'leɳθi,"dài, dài dòng; làm buồn, làm chán",,
steering,,thiết bị lái,,
overtime,'ouvətaim,"quá giờ, ngoài giờ (quy định)",giờ làm thêm,"(thể dục,thể thao) giờ đấu thêm (để quyết định thắng bại)['ouvə'taim]"
embrace,im'breis,"sự ôm, cái ôm",(nói trại) sự ăn nằm với nhau,"ôm, ôm chặt, ghì chặt"
explosive,iks'plousiv,"nổ; gây nổ, dễ nổ, dễ bùng nổ ((nghĩa đen) & (nghĩa bóng))",(ngôn ngữ học) bốc hơi,chất nổ
devote,di'vout,"hiến dâng, dành hết cho",,
fraudulent,'frɔ:djulənt,mắc tội gian lận; mắc tội lừa lọc,"có ý gian lận, có ý lừa lọc","do gian lận, do lừa lọc; đi lừa được"
sensible,'sensəbl,"có thể cảm giác được, có thể cảm thấy được",dễ nhận thấy,"có cảm giác, cảm thấy, có ý thức"
upset,p'set,"làm đổ, đánh đổ, lật đổ; đánh ng",(hàng hi) làm lật úp (thuyền...),"làm rối tung, làm xáo lộn, làm lộn bậy, làm đo lộn"
anticipation,"æn,tisi'peiʃn","sự dùng trước, sự hưởng trước","sự thấy trước, sự biết trước, sự đoán trước; sự dè trước, sự chặn trước, sự liệu trước, sự lường trước",sự làm trước; sự nói trước
backward,'bækwəd,"về phía sau, giật lùi","chậm tiến, lạc hậu","muộn, chậm trễ"
investigator,in'vestigeitə,người điều tra nghiên cứu,,
dim,dim,"mờ, lờ mờ, tối mờ mờ, không rõ ràng; nhìn không rõ",nghe không rõ; đục (tiếng),"không rõ rệt, mập mờ, lờ mờ"
fabrication,",fæbri'keiʃn",sự bịa đặt; chuyện bịa đặt,"sự làm giả (giấy tờ, văn kiện)","sự chế tạo, sự sản xuất; cách chế tạo"
odds,ɔdz,sự chênh lệch; sự so le,sự khác nhau,"sự xung đột, sự bất hoà"
genre,ʤỴ:ɳr,"loại, thể loại",,
leaning,'li:niɳ,"khuynh hướng, thiên hướng",,
regeneration,"ri,dʤenə'reiʃn",sự tái sinh,"sự cải tạo, sự đổi mới",sự tự cải tạo
opponent,ə'pounənt,"phản đối, đối lập, chống lại","địch thủ, đối thủ, kẻ thù",
potent,'poutənt,"có lực lượng, có quyền thế, hùng mạnh",có hiệu lực; hiệu nghiệm (thuốc...),có sức thuyết phục mạnh mẽ (lý lẽ)
honorable,'ɔnərəbl,"(từ Mỹ,nghĩa Mỹ) (như) honourable",,
unwilling,' n'wili,"không bằng lòng, không vui lòng",không có thiện ý,
validation,",væli'deiʃn",sự làm cho có hiệu lực; sự phê chuẩn; sự công nhận có đủ giá trị,,
projecting,projecting,"nhô ra, lồi ra",,
drain,drein,"ống dẫn (nước...), cống, rãnh, mương, máng",(y học) ống dẫn lưu,"sự rút hết, sự bòn rút hết, sự tiêu hao, sự làm kiệt quệ"
booklet,'buklit,cuốn sách nhỏ,,
semiconductor,'semikən'dʌktə,(điện học) chất bán dẫn,,
abruptly,,"bất ngờ, đột ngột","lấc cấc, xấc xược",
swung,swiɳ,"sự đua đưa, sự lúc lắc; độ đu đưa, độ lắc",cái đu,chầu đu
scanning,'skæniɳ,(truyền hình) bộ phân hình,(truyền hình) sự phân hình,sự quét (máy rađa)
neat,ni:t,"sạch gọn, ngăn nắp","rõ ràng, rành mạch; ngắn gọn","khéo, tinh xảo (đồ vật)"
exceptionally,,"cá biệt, khác thường",,
preferably,'prefərəbli,"hơn, thích hơn, ưa hơn",,
frankly,,"thẳng thắn, trung thực",,
concession,kən'seʃn,"sự nhượng, sự nhượng bộ; sự nhường (đất đai...)","đất nhượng (đất đai, đồn điền, mỏ do chính quyền thực dân chiếm đoạt của nhân dân để cấp cho bè lũ)","(ngoại giao) nhượng địa, tô giới"
trailer,'treilə,"người lần theo dấu vết, người theo dò","xe moóc, toa moóc",cây bò; cây leo
amplifier,'æmplifaiə,"máy khuếch đại, bộ khuếch đại",,
indebted,in'detid,mắc nợ,"mang ơn, đội ơn, hàm ơn",
mama,mə'mɑ:,uây khyếm mẹ,"(từ Mỹ,nghĩa Mỹ),  (từ lóng) gái nạ giòng mà vẫn còn xuân",(giải phẫu) vú
suspicious,səs'piʃəs,"đáng ngờ, khả nghi; ám muội, mập mờ (thái độ...)","đa nghi, hay nghi ngờ, hay ngờ vực",
rocket,'rɔkit,(thực vật học) cải lông,"pháo hoa, pháo sáng, pháo thăng thiên","tên lửa,  rôcket"
dip,dip,"sự nhúng, sự ngâm vào, sự dìm xuống (nước...)","sự đầm mình, sự tắm (ở biển)","lượng đong (gạo... vào đấu), lượng mức (nước... vào gàu)"
spark,spɑ:k,"tia lửa, tia sáng; tàn lửa","tia loé, ánh loé, chấm sáng loé (ở đá quý)",lời đối đáp nhanh trí; nét sắc sảo (của trí thông minh)
recession,ri'seʃn,"sự lùi lại, sự thụt lại, sự lùi vào, sự thụt vào; chỗ thụt vào, chỗ lõm vào (ở tường)",sự rút đi,(kinh tế) tình trạng buôn bán ế ẩm; tình trạng sản xuất giảm sút; cuộc khủng hoảng kinh tế ngắn kỳ
conversely,,ngược lại,,
misleading,mis'li:diɳ,"làm cho lạc đường, làm cho lạc lối","làm cho mê muội, làm cho lầm đường lạc lối",lừa dối
poisoning,'pɔizniɳ,sự đầu độc,,
kinetics,kai'netiks,động học,,
pad,pæd,(từ lóng) đường cái,ngựa dễ cưỡi ((cũng) pad nag),"đi chân, cuốc bộ"
glow,glou,ánh sáng rực rỡ,sức nóng rực,"nét ửng đỏ (vì then, vì ngồi cạnh lửa...); nước da hồng hào, sắc đỏ hây hây (khoẻ mạnh)"
interactive,",intər'æktiv","ảnh hưởng lẫn nhau, tác động qua lại",,
manifestation,",mænifes'teiʃn","sự biểu lộ, sự biểu thị","cuộc biểu tình, cuộc thị uy",sự hiện hình (hồn ma)
inspect,in'spekt,"xem xét kỹ, kiểm tra, thanh tra",(quân sự) duyệt (quân đội),
peer,piə,"người cùng địa vị xã hội, người ngang hàng, người tương đương","khanh tướng (Anh), người quý tộc; huân tước",thượng nghị sĩ (Anh)
leasing,'li:siɳ,"sự dối trá, sự man trá",lời nói dối,
adversely,,bất lợi,,
bolt,boult,"cái sàng, máy sàng; cái rây",sàng; rây,điều tra; xem xét
conduction,kən'dʌkʃn,(vật lý) sự dẫn; tính dẫn,độ dẫn (nhiệt điện),
lid,lid,"nắp, vung",mi mắt ((cũng) eyelid),(từ lóng) cái mũ
plus,pʌls,cộng với,"cộng, thêm vào",(toán học); (vật lý) dương (số...)
dominate,'dɔmineit,"át hẳn, trội hơn, chiếm ưu thế; có ảnh hưởng lớn, chi phối",thống trị,"kiềm chế, chế ngự, nén được (dục vọng...)"
pneumonia,nju:'mounjə,(y học) viêm phổi,,
integrate,'intigreit,"hợp thành một thể thống nhất, bổ sung thành một thể thống nhất, hợp nhất","chỉ tổng số, chỉ giá trị trung bình của",(toán học) tích phân
casting,'kɑ:stiɳ,"sự đổ khuôn, sự đúc",vật đúc,
microscopic,",maikrəs'kɔpik",(thuộc) kính hiển vi; bằng kính hiển vi,rất nhỏ,
royalty,'rɔiəlti,địa vị nhà vua; quyền hành nhà vua,((thường) số nhiều) người trong hoàng tộc; hoàng thân,hoàng gia
rocky,'rɔki,"như đá, vững như đá, cứng như đá",nhiều đá,"(từ lóng) lung lay, không vững"
temptation,temp'teiʃn,sự xúi giục,"sự cám dỗ, sự quyến rũ",
compassion,kəm'pæʃn,"lòng thương, lòng trắc ẩn",,
patriotic,",pætri'ɔtik",yêu nước,,
abnormally,/æbˈnɔɹməɫi/,dị thường,khác thường,
abolish,/əˈbɑɫɪʃ/,thủ tiêu,bãi bỏ,huỷ bỏ
aboriginal,/ˌæbɝˈɪdʒənəɫ/,thổ dân,(thuộc) thổ sản,(thuộc) đặc sản
absentee,/ˌæbsənˈti/,người vắng mặt,người đi vắng,người nghỉ
accessibility,/ˌæksɛsəˈbɪɫɪti/,tính có thể tới được,tính có thể đến gần được,
accumulate,/əkˈjumjəˌɫeɪt/,chất đống,chồng chất,tích luỹ
accusation,/ˌækjəˈzeɪʃən/,sự kết tội,sự buộc tội,sự bị kết tội
achievable,/əˈtʃivəbəɫ/,có thể đạt được,có thể thực hiện được,
adaptable,/əˈdæptəbəɫ/,có thể tra vào,có thể lắp vào,
addict,/ˈæˌdɪkt/,người nghiện,,
addicted,/əˈdɪktɪd/,say mê,nghiện,
addiction,/əˈdɪkʃən/,thói nghiện,,
admirable,/ˈædmɝəbəɫ/,tuyệt diệu,tuyệt vời,
admiringly,/ædˈmaɪɹɪŋɫi/,khâm phục,thán phục,ngưỡng mộ
admittedly,/ædˈmɪtɪdɫi/,phải nhận,phải thừa nhận,phải thú nhận
adore,/əˈdɔɹ/,kính yêu,quý mến,
adorn,/əˈdɔɹn/,tô điểm,trang điểm,trang trí
advent,/ˈædˌvɛnt/,sự đến,,
adventurous,/ædˈvɛntʃɝəs/,thích phiêu lưu,thích mạo hiểm,phiêu lưu
adversity,/ædˈvɝsɪˌti/,sự bất hạnh,vận đen,vận rủi
affectionate,/əˈfɛkʃənət/,thương yêu,yêu mến,âu yếm
affectionately,/əˈfɛkʃənətɫi/,âu yếm,trìu mến,
affordable,/əˈfɔɹdəbəɫ/,phải chăng,vừa phải,
ageless,/ˈeɪdʒɫəs/,trẻ mãi không già,,
aggressively,/əˈɡɹɛsɪvɫi/,xông xáo,tháo vát,
agonize,/ˈæɡəˌnaɪz/,chịu đau đớn,chịu khổ sở,quằn quại đau đớn
agony,/ˈæɡəni/,sự lo âu khắc khoải,,
aircrew,/ˈɛɹˌkɹu/,phi hành đoàn,,
alcoholism,/ˈæɫkəˌhɔˌɫɪzəm/,chứng nghiện rượu,,
alert,/əˈɫɝt/,tỉnh táo,cảnh giác,
allegation,/ˌæɫəˈɡeɪʃən/,sự viện lý,sự viện lẽ,
ally,/ˈæɫaɪ/,liên kết,liên minh,
alongside,/əˈɫɔŋˈsaɪd/,sát cạnh,kế bên,dọc theo
altar,/ˈɔɫtɝ/,bàn thờ,bệ thờ,án thờ
amaze,/əˈmeɪz/,(như) amazement,,
amazement,/əˈmeɪzmənt/,sự kinh ngạc,sự sửng sốt,sự hết sức ngạc nhiên
amazingly,/əˈmeɪzɪŋɫi/,đáng kinh ngạc,đến không ngờ,
ambassador,/æmˈbæsədɝ/,đại sứ,,
ammonia,/əˈmoʊnjə/,Amoniac,,
amongst,/əˈməŋst/,giữa,ở giữa,
amplify,/ˈæmpɫəˌfaɪ/,mở rộng,,
amuse,/əmˈjuz/,làm vui,làm thích thú,làm buồn cười
anchorage,/ˈæŋkɝədʒ/,sự thả neo,sự bỏ neo,sự đạu
animate,/ˈænəˌmeɪt/,có sinh khí,có sức sống,
antiaircraft,/ˌæntaɪˈɛɹˌkɹæft/,phòng không,chống máy bay,
apostrophe,/əˈpɑstɹəˌfi/,hô ngữ,,
appreciative,/əˈpɹiʃiˌeɪtɪv/,biết đánh giá,biết thưởng thức,
archaeologist,/ˌɑɹkiˈɑɫədʒɪst/,nhà khảo cổ,,
arctic,/ˈɑɹktɪk/,bắc cực,(thuộc) phương bắc,
arena,/ɝˈinə/,trường đấu (ở La mã),,
aristocracy,/ˌɛɹəˈstɑkɹəsi/,tầng lớp quý tộc,,
arouse,/ɝˈaʊz/,đánh thức,,
arrogant,/ˈɛɹəɡənt/,kiêu ngạo,kiêu căng,ngạo mạn
articulate,/ɑɹˈtɪkjəˌɫeɪt/,có khớp,có đốt,
artificially,/ˌɑɹtəˈfɪʃəɫi/,giả tạo,không tự nhiên,gượng gạo
artistry,/ˈɑɹtɪstɹi/,nghệ thuật,tính chất nghệ thuật,
ash,/ˈæʃ/,số nhiều) tro,tàn (thuốc lá),
aspiration,/ˌæspɝˈeɪʃən/,nguyện vọng,khát vọng,
aspire,/əˈspaɪɹ/,thiết tha,mong mỏi,khao khát
assemble,/əˈsɛmbəɫ/,tập hợp,tụ tập,nhóm họp
astonish,/əˈstɑnɪʃ/,làm ngạc nhiên,,
astonished,/əˈstɑnɪʃt/,ngạc nhiên,kinh ngạc,
astonishing,/əˈstɑnɪʃɪŋ/,làm ngạc nhiên,lạ lùng,kinh dị
astonishment,/əˈstɑnɪʃmənt/,sự ngạc nhiên,,
astronomy,/əˈstɹɑnəmi/,thiên văn học,,
athletics,/æθˈɫɛtɪks/,điền kinh,thể thao,
attainable,/əˈteɪnəbəɫ/,có thể đạt tới được,,
attentive,/əˈtɛntɪv/,chăm chú,,
attentively,/əˈtɛntɪvɫi/,chăm chú,,
attractiveness,/əˈtɹæktɪvnəs/,sự hút,,
atypical,/ˌeɪˈtɪpɪkəɫ/,không đúng kiểu,không điển hình,
aubergine,/ˈɔbɝˌdʒin/,cà tím,,
audit,/ˈɔdɪt/,sự kiểm tra (sổ sách),,
audition,/ɑˈdɪʃən/,sức nghe,sự nghe,thính giác
authoritative,/əˈθɔɹəˌteɪtɪv/,hống hách,hách dịch,mệnh lệnh
await,/əˈweɪt/,đợi,chờ đợi,
awe,/ˈɑ/,sự sợ hãi,nỗi kinh sợ,
ax,/ˈæks/,cái rìu,,
backyard,/ˈbækˌjɑɹd/,sân sau,,
badge,/ˈbædʒ/,huy hiệu,phù hiệu,quân hàm
balky,/ˈbɔki/,bướng bỉnh (động vật),,
ballad,/ˈbæɫəd/,khúc balat,bài ca balat,
ballet,/bæˈɫeɪ/,ba lê,kịch múa,
ban,/ˈbæn/,cấm,cấm chỉ,
banker,/ˈbæŋkɝ/,chủ ngân hàng,giám đốc ngân hàng,
bankrupt,/ˈbæŋkɹəpt/,người vỡ nợ,người phá sản,
barley,/ˈbɑɹɫi/,lúa mạch,,
barn,/ˈbɑɹn/,kho thóc,,
barometer,/bɝˈɑmɪtɝ/,phong vũ biểu,cái đo khí áp,
barren,/ˈbæɹən/,cằn cỗi (đất),,
bartender,/ˈbɑɹˌtɛndɝ/,người phục vụ ở quầy rượu,,
battlefield,/ˈbætəɫˌfiɫd/,chiến trường,,
beagle,/ˈbiɡəɫ/,chó săn thỏ,,
beak,/ˈbik/,mỏ (chim),,
beautify,/ˈbjutɪˌfaɪ/,làm đẹp,tô điểm,
bellow,/ˈbɛɫoʊ/,tiếng bò rống,,
belongings,/bɪˈɫɔŋɪŋz/,của cải,đồ dùng,đồ đạc
benevolence,/bəˈnɛvəɫəns/,lòng nhân từ,lòng nhân đức,lòng từ thiện
benevolent,/bəˈnɛvəɫənt/,nhân từ,nhân đức,từ thiện
berry,/ˈbɛɹi/,quả mọng,,
bestow,/bɪˈstoʊ/,bestow on,upon tặng cho,ban cho
betray,/bɪˈtɹeɪ/,bội phản đem nộp cho,bội phản đem giao cho,
bewilder,/bɪˈwɪɫdɝ/,làm bối rối,làm hoang mang,làm lúng túng
bewilderment,/bɪˈwɪɫdɝmənt/,sự bối rôi,sự hoang mang,
bidding,/ˈbɪdɪŋ/,sự đặt giá,,
bikini,/bɪˈkini/,áo tắm hai mảnh,,
billion,/ˈbɪɫjən/,nghìn tỉ,,
biotechnology,/ˌbaɪoʊˌtɛkˈnɑɫədʒi/,công nghệ sinh học,,
birthplace,/ˈbɝθˌpɫeɪs/,nơi sinh,sinh quán,
bitterly,/ˈbɪtɝɫi/,bitter,,
bizarre,/bəˈzɑɹ/,kỳ quái,kỳ lạ,kỳ dị
blaze,/ˈbɫeɪz/,ngọn lửa,,
blindly,/ˈbɫaɪndɫi/,mù,mù quáng,
blindness,/ˈbɫaɪndnəs/,sự đui mù,,
blink,/ˈbɫɪŋk/,cái nháy mắt,cái chớp mắt,
bloodstream,/ˈbɫədˌstɹim/,dòng máu trong cơ thể,,
blooming,/ˈbɫumɪŋ/,đang nở hoa,,
blossom,/ˈbɫɑsəm/,hoa (của cây ăn quả),,
blur,/ˈbɫɝ/,cảnh mờ,dáng mập mờ,trạng thái mập mờ
blurt,/ˈbɫɝt/,thốt ra,nói buột ra,
boiling,/ˈbɔɪɫɪŋ/,sự sôi,,
bombard,/bɑmˈbɑɹd/,bắn phá,ném bom,oanh tạc
bomber,/ˈbɑmɝ/,máy bay ném bom,,
bombing,/ˈbɑmɪŋ/,việc ném bom,,
bony,/ˈboʊni/,nhiều xương,,
bookish,/ˈbʊkɪʃ/,ham đọc sách,,
boost,/ˈbust/,sự quảng cáo rùm beng (cho ai),,
bossy,/ˈbɔsi/,có bướu lồi ra,,
botany,/ˈbɑtəni/,thực vật học,,
bothersome,/ˈbɑðɝsəm/,làm khó chịu,gây phiền,quấy rầy
bourbon,/ˈbɝbən/,kẻ phản động,,
boxer,/ˈbɑksɝ/,võ sĩ quyền Anh,,
bracket,/ˈbɹækɪt/,côngxon,rầm chia,
brag,/ˈbɹæɡ/,sự khoe khoang khoác lác,,
bravery,/ˈbɹeɪvɝi/,tính gan dạ,tính can đảm,sự dũng cảm
breakable,/ˈbɹeɪkəbəɫ/,dễ vỡ,dễ gãy,có thể bẻ gãy
breathtaking,/ˈbɹɛθˌteɪkɪŋ/,hấp dẫn,ngoạn mục,
breezy,/ˈbɹizi/,có gió hiu hiu,,
brewery,/ˈbɹuɝi/,nhà máy bia,nơi ủ rượu bia,
brilliantly,/ˈbɹɪɫjəntɫi/,vẻ vang,sáng chói,rực rỡ
broaden,/ˈbɹɔdən/,mở rộng,nới rộng,làm rộng ra*  nội động từ
brochure,/bɹoʊˈʃʊɹ/,cuốn sách mỏng,,
brother-in-law,/ˈbɹəðɝɪnˌɫɔ/,in,,
browse,/ˈbɹaʊz/,cành non,chồi non,
bruise,/ˈbɹuz/,làm thâm tím (mình mẩy),làm cho thâm lại (hoa quả),
bud,/ˈbəd/,chồi,nụ,lộc
bulimia,/bjuˈɫɪmiə/,chứng cuồng ăn vô độ,chứng háu ăn,
bully,/ˈbʊɫi/,(như) bully_beef*  danh từ,,
bum,/ˈbəm/,phía sau,đằng sau,
bumper,/ˈbəmpɝ/,người va mạnh,,
bun,/ˈbən/,bánh bao nhân nho,bánh sữa nhỏ,
burdensome,/ˈbɝdənsəm/,đè nặng,nặng nề,là gánh nặng cho
bureaucracy,/bjʊˈɹɑkɹəsi/,quan lại,công chức (nói chung),bọn quan liêu
burglary,/ˈbɝɡɫɝi/,ăn trộm đêm,ăn trộm bẻ khoá,ăn trộm đào ngạch
bustle,/ˈbəsəɫ/,(từ lóng) cái khác thường,cái kỳ lạ,
buzz,/ˈbəz/,tin đồn,,
calmly,/ˈkɑɫmɫi/,yên lặng,êm ả,êm đềm
caption,/ˈkæpʃən/,đầu đề (một chương mục,một bài báo...),
captive,/ˈkæptɪv/,bị bắt giữ,bị giam cầm,
caravan,/ˈkæɹəˌvæn/,xe lớn,xe moóc (dùng làm nơi ở),nhà lưu động
cardboard,/ˈkɑɹdˌbɔɹd/,bìa cưng,giấy bồi,các tông
cardigan,/ˈkɑɹdɪɡən/,áo len đan (có hoặc không tay),,
carefree,/ˈkɛɹˌfɹi/,vô tư lự,thảnh thơi,
caring,/ˈkɛɹɪŋ/,chu đáo* tính từ,,
carnival,/ˈkɑɹnəvəɫ/,ngày hội (trước trai giới),,
carve,/ˈkɑɹv/,khắc,tạc,chạm
cascade,/kæˈskeɪd/,thác nước,,
casually,/ˈkæʒəwəɫi/,tình cờ,ngẫu nhiên,
catastrophe,/kəˈtæstɹəfi/,tai ương,tai biến,thảm hoạ
catastrophic,/ˌkætəˈstɹɑfɪk/,thảm hoạ,thê thảm,
catchy,/ˈkæˌtʃi/,hấp dẫn,lôi cuốn,quyến rũ
cellar,/ˈsɛɫɝ/,hầm chứa (thức ăn,rượu...),
cellist,/ˈtʃɛɫəst/,người chơi viôlôngxen,người chơi xelô,
cello,/ˈtʃɛɫoʊ/,đàn viôlôngxen,xelô,
centigrade,/ˈsɛntəˌɡɹeɪd/,chia trăm độ,bách phân,
certify,/ˈsɝtəˌfaɪ/,chứng nhận,nhận thực,chứng thực
chaotic,/keɪˈɑtɪk/,hỗn độn,hỗn loạn,lộn xộn
cheat,/ˈtʃit/,trò lừa đảo,trò lừa bịp,trò gian lận
cheeky,/ˈtʃiki/,vô lễ,hỗn xược,
cheerfully,/ˈtʃɪɹfəɫi/,vui vẻ,phấn khởi,
cheerfulness,/ˈtʃɪɹfəɫnəs/,sự hoan hỉ,sự hân hoan,sự vui mừng
chemotherapy,/ˌkimoʊˈθɛɹəpi/,phép chữa hoá học,,
cherry,/ˈtʃɛɹi/,đỏ màu anh đào,,
chew,/ˈtʃu/,sự nhai,,
childish,/ˈtʃaɪɫdɪʃ/,của trẻ con,như trẻ con,hợp với trẻ con
chimney,/ˈtʃɪmni/,ống khói,,
chop,/ˈtʃɑp/,chap,,
chunk,/ˈtʃəŋk/,khúc (gỗ),khoanh (bánh,phó mát...)
clam,/ˈkɫæm/,con trai (Bắc,,
clap,/ˈkɫæp/,tiếng vỗ,tiếng kêu vang,tiếng nổ vang (sét đánh)
clearness,/ˈkɫɪɹnəs/,sự trong trẻo (nước,không khí...),
clog,/ˈkɫɑɡ/,sự cản trở,điều trở ngại,vật chướng ngại
clumsy,/ˈkɫəmzi/,vụng,vụng về,lóng ngóng
coastline,/ˈkoʊstˌɫaɪn/,bờ biển,hình dáng bờ biển,
cocktail,/ˈkɑkˌteɪɫ/,rượu cốctay,,
cocoa,/ˈkoʊkoʊ/,cây dừa,,
coconut,/ˈkoʊkəˌnət/,quả dừa,,
coherence,/koʊˈhɪɹəns/,tính mạch lạc,tính chặt chẽ,
coincide,/ˌkoʊɪnˈsaɪd/,xảy ra đồng thời,trùng với,
coincidence,/koʊˈɪnsɪdəns/,sự trùng khớp,sự trùng nhau,
collocation,/kɑɫəˈkeɪʃən/,sự sắp xếp vào một chỗ,sự sắp đặt theo thứ tự,
colon,/ˈkoʊɫən/,dấu hai chấm,,
coma,/ˈkoʊmə/,sự hôn mê*  danh từ,số nhiều comae,
comfortably,/ˈkəmfɝtəbɫi/,tiện lợi,đủ tiện nghi,ấm cúng
commemorate,/kəˈmɛmɝˌeɪt/,kỷ niệm,tưởng nhớ,
communicative,/kəmˈjunəkətɪv/,dễ truyền đi,hay lan truyền,
commute,/kəmˈjut/,thay thế,thay đổi nhau,đổi nhau
compassionate,/kəmˈpæʃənət/,thương hại,thương xót,động lòng thương
compile,/kəmˈpaɪɫ/,biên soạn,sưu tập tài liệu,
complexion,/kəmˈpɫɛkʃən/,nước da,,
compress,/ˈkɑmpɹɛs/,gạc*  ngoại động từ,,
conceal,/kənˈsiɫ/,giấu giếm,giấu,che đậy
concede,/kənˈsid/,nhận,thừa nhận,
conceit,/kənˈsit/,tính tự phụ,tính kiêu ngạo,tính tự cao tự đại
conceive,/kənˈsiv/,nghĩ,hiểu,quan điểm được
condemn,/kənˈdɛm/,kết án,kết tội,xử
confess,/kənˈfɛs/,thú tội,thú nhận,
confidently,/ˈkɑnfədəntɫi/,tự tin,,
confine,/kənˈfaɪn/,giam giữ,giam hãm,giam cầm
confront,/kənˈfɹənt/,đối chất,,
consolation,/ˌkɑnsəˈɫeɪʃən/,sự an ủi,sự giải khuây,
console,/ˈkɑnsoʊɫ/,an ủi,giải khuây*  danh từ,
contaminate,/kənˈtæməˌneɪt/,làm bẩn,làm ô uế,
contradictory,/ˌkɑntɹəˈdɪktɝi/,mâu thuẫn,trái ngược,
conveniently,/kənˈvinjəntɫi/,tiện lợi,thuận tiện,
converse,/ˈkɑnvɝs/,nói chuyện,chuyện trò* danh từ,
coral,/ˈkɔɹəɫ/,san hô,,
cornet,/kɔɹˈnɛt/,kèn coonê,,
corona,/kɝˈoʊnə/,tán mặt trăng,mặt trời),
corporal,/ˈkɔɹpɝəɫ/,khăn thánh,,
correctness,/kɝˈɛktnəs/,sự đúng đắn,sự chính xác,
corrupt,/kɝˈəpt/,bị đút lót,bị mua chuộc,ăn hối lộ
costume,/ˈkɑstum/,quần áo,y phục,
countryman,/ˈkəntɹimən/,người nông thôn,,
coward,/ˈkaʊɝd/,nhát gan,nhút nhát,hèn nhát
cowardly,/ˈkaʊɝdɫi/,nhát gan,nhút nhát,hèn nhát
cozy,/ˈkoʊzi/,ấm cúng,thoải mái dễ chịu,
crab,/ˈkɹæb/,người hay gắt gỏng,người hay càu nhàu,
craftsman,/ˈkɹæfsmən/,thợ thủ công,,
crater,/ˈkɹeɪtɝ/,miệng núi lửa,,
crawl,/ˈkɹɔɫ/,ao nuôi cá,,
crease,/ˈkɹis/,nếp nhăn,nếp gấp*  ngoại động từ,
creatively,/kɹiˈeɪtɪvɫi/,sáng tạo,,
creek,/ˈkɹik/,vùng,lạch,
creepy,/ˈkɹipi/,bò,leo,
cripple,/ˈkɹɪpəɫ/,người què,,
critically,/ˈkɹɪtɪkəɫi/,chỉ trích,trách cứ,
crocodile,/ˈkɹɑkəˌdaɪɫ/,cá sấu Châu phi,cá sấu,
cruelty,/ˈkɹuəɫti/,hành động tàn ác,,
crystallize,/ˈkɹɪstəˌɫaɪz/,kết tinh,,
cube,/ˈkjub/,hình lập phương,hình khối,
cubism,/ˈkjubɪzəm/,xu hướng lập thể,,
cuff,/ˈkəf/,cổ tay áo (sơ mi,vét),cổ tay áo giả
culmination,/ˌkəɫməˈneɪʃən/,điểm cao nhất,cực điểm,tột độ
culturally,/ˈkəɫtʃɝəˌɫi/,về phương diện văn hoá,,
curl,/ˈkɝɫ/,món tóc quăn,,
cyclist,/ˈsaɪkəɫɪst/,người đi xe đạp,,
daft,/ˈdæft/,cốt),,
damn,/ˈdæm/,lời nguyền rủa,lời chửi rủa,
dandelion,/ˈdændəˌɫaɪən/,cây bồ công anh Trung quốc,,
darling,/ˈdɑɹɫɪŋ/,người yêu,,
dash,/ˈdæʃ/,sự va chạm,sự đụng mạnh,
daughter-in-law,/ˈdɔtɝɪnˌɫɔ/,in,,
dawn,/ˈdɔn/,bình minh,rạng đông,lúc sáng tinh mơ
daytime,/ˈdeɪˌtaɪm/,ban ngày,,
dearly,/ˈdɪɹɫi/,thân,thân yêu,thân mến
debit,/ˈdɛbɪt/,sự ghi nợ,,
decay,/dɪˈkeɪ/,tình trạng đổ nát,,
deceive,/dɪˈsiv/,lừa dối,đánh lừa,lừa đảo
deceptive,/dɪˈsɛptɪv/,dối trá,lừa dối,lừa bịp
decorate,/ˈdɛkɝˌeɪt/,trang hoàng,trang trí,
decorative,/ˈdɛkɹətɪv/,để trang hoàng,,
deduce,/dɪˈdus/,suy ra,luận ra,suy luận
deem,/ˈdim/,tưởng rằng,nghĩ rằng,cho rằng
deforestation,/dɪˌfɔɹɪˈsteɪʃən/,sự phá rừng,sự phát quang,
defy,/dɪˈfaɪ/,thách,thách thức,thách đố
delicacy,/ˈdɛɫəkəsi/,sự duyên dáng,sự thanh nhã,sự thanh tao
delicately,/ˈdɛɫəkətɫi/,công phu,tinh vi,sắc sảo
demolish,/dɪˈmɑɫɪʃ/,phá huỷ,đánh đổ,
denim,/ˈdɛnəm/,vải bông chéo,,
densely,/ˈdɛnsɫi/,dày đặc,rậm rạp,
dependable,/dɪˈpɛndəbəɫ/,có thể tin được,đáng tin cậy,có căn cứ
descend,/dɪˈsɛnd/,xuống,dốc xuống,rơi xuống
desolation,/ˌdɛsəˈɫeɪʃən/,sự tàn phá,sự làm tan hoang,
desperately,/ˈdɛspɝətɫi/,liều lĩnh,liều mạng,
desperation,/ˌdɛspɝˈeɪʃən/,sự liều lĩnh tuyệt vọng,,
despise,/dɪˈspaɪz/,xem thường,coi khinh,khinh miệt
detach,/ˈdɪˌtætʃ/,gỡ ra,tháo ra,tách ra
detachment,/diˈtætʃmənt/,sự gỡ ra,sự tháo rời,sự tách ra
devil,/ˈdɛvəɫ/,ma,quỷ,
dictator,/ˈdɪkteɪtɝ/,người đọc chính tả,,
dignify,/ˈdɪɡnəˌfaɪ/,làm cho xứng,làm cho xứng đáng,
dime,/ˈdaɪm/,một hào (1 qoành 0 đô la),,
diphtheria,/dɪfˈθɪɹiɑ/,<y> bệnh bạch hầu,,
diploma,/dɪˈpɫoʊmɑ/,văn kiện chính thức,văn thư công,
diplomat,/ˈdɪpɫəˌmæt/,nhà ngoại giao,,
disappearance,/ˌdɪsəˈpiɹəns/,sự biến đi,sự biến mất,
disapproval,/dɪsəˈpɹuvəɫ/,sự không tán thành,sự phản đối,sự chê
disapprove,/ˌdɪsəˈpɹuv/,không tán thành,phản đối,chê
disciple,/dɪˈsaɪpəɫ/,môn đồ,môn đệ,học trò
disconnect,/dɪskəˈnɛkt/,làm rời ra,cắt rời ra,tháo rời ra
discredit,/dɪsˈkɹɛdət/,sự nghi ngờ,sự thiếu tin tưởng,
discriminate,/dɪsˈkɹɪməˌneɪt/,phân biệt,,
disgrace,/dɪsˈɡɹeɪs/,ghét bỏ,ruồng bỏ,không sủng ái
disguise,/dɪsˈɡaɪz/,sự trá hình,sự cải trang,
dishonesty,/dɪˈsɑnəsti/,tính không lương thiện,tính bất lương,
disillusion,/ˌdɪsɪˈɫuʒən/,sự vỡ mộng,sự tan vỡ ảo tưởng,tâm trạng vỡ mộng
disorderly,/dɪˈsɔɹdɝɫi/,bừa bãi,lộn xộn,
disorganized,/dɪˈsɔɹɡəˌnaɪzd/,thiếu tổ chức,,
dispensable,/dɪˈspɛnsəbəɫ/,có thể miễn trừ,có thể tha cho,
displace,/dɪsˈpɫeɪs/,đổi chỗ,dời chỗ,chuyển chỗ
displeasure,/dɪsˈpɫɛʒɝ/,điều khó chịu,điều bực mình*  ngoại động từ,
disqualify,/dɪsˈkwɑɫəˌfaɪ/,tuyên bố không đủ tư cách,,
disrupt,/dɪsˈɹəpt/,đập gãy,đập vỗ,phá vỡ
dissatisfied,/dɪˈsætəsˌfaɪd/,không bằng lòng,không hài lòng,không thoả mãn
dissident,/ˈdɪsədənt/,dissenter,,
distract,/dɪˈstɹækt/,làm sao lãng,làm lãng đi,làm lãng trí
distraction,/dɪˈstɹækʃən/,sự giải trí,sự tiêu khiển,trò giải trí
distressing,/dɪˈstɹɛsɪŋ/,làm đau buồn,làm đau khổ,làm đau đớn
divert,/daɪˈvɝt/,làm trệch đi,làm trệch hướng,
donate,/ˈdoʊˌneɪt/,tặng,cho,biếu
donation,/doʊˈneɪʃən/,sự tặng,sự cho,sự biếu
donkey,/ˈdɑŋki/,con lừa,,
doom,/ˈdum/,số mệnh,số phận (thường không may,bất hạnh)
dorm,/ˈdɔɹm/,phòng ngủ tập thể,,
dormitory,/ˈdɔɹməˌtɔɹi/,phòng ngủ (tập thể...),,
doubly,/ˈdəbɫi/,gấp đôi,gấp hai,
dove,/ˈdəv/,chim bồ câu,,
downfall,/ˈdaʊnˌfɔɫ/,sự trút xuống,sự đổ xuống (mưa...),trận mưa như trút nước
dowry,/ˈdaʊɹi/,của hồi môn,,
drapery,/ˈdɹeɪpɝi/,vải vóc,,
dread,/ˈdɹɛd/,sự kinh sợ,sự kinh hãi,sự khiếp sợ
dreadful,/ˈdɹɛdfəɫ/,dễ sợ,khiếp,kinh khiếp
dreamy,/ˈdɹimi/,hay mơ màng,hay mơ mộng vẩn vơ,không thực tế
drinkable,/ˈdɹɪnkəbəɫ/,có thể uống được*  danh từ,(thường) số nhiều,
droop,/ˈdɹup/,dáng gục xuống,dáng cuối xuống,dáng rũ xuống
duel,/ˈduəɫ/,đọ kiếm tay đôi,đọ súng tay đôi,
dumb,/ˈdəm/,câm,không nói,
duplicate,/ˈdupɫəˌkeɪt/,bản sao,,
duplication,/ˌdjupɫəˈkeɪʃən/,sự sao lại,sự sao lục,sự làm thành hai bản
dwarf,/ˈdwɔɹf/,lùn,lùn tịt,nhỏ xíu
dye,/ˈdaɪ/,thuốc nhuộm,,
eagerly,/ˈiɡɝɫi/,hăm hở,hăng hái,thiết tha
eastward,/ˈistwɝd/,hướng đông*  tính từ & phó từ,,
ecologically,/ɛkəˈɫɑdʒɪkɫi/,về phương diện sinh thái,,
ecologist,/iˈkɑɫədʒɪst/,nhà sinh thái học,,
ecstatic,/ɛkˈstætɪk/,ở trạng thái mê ly,làm mê ly,dễ bị làm mê ly
edit,/ˈɛdət/,thu nhập và diễn giải,,
educator,/ˈɛdʒəˌkeɪtɝ/,thầy dạy,,
elective,/ɪˈɫɛktɪv/,do chọn lọc bằng bầu cử,,
electrician,/ɪɫɛkˈtɹɪʃən/,thợ lắp điện,thợ điện,
elegantly,/ˈɛɫɪɡəntˌɫi/,thanh lịch,tao nhã,
elemental,/ˌɛɫəˈmɛnəɫ/,bốn nguyên tố,(thuộc) sức mạnh thiên nhiên,
eloquence,/ˈɛɫəkwəns/,tài hùng biện,,
eloquent,/ˈɛɫəkwənt/,hùng biện,hùng hồn,
embassy,/ˈɛmbəsi/,sứ mệnh,,
emphatically,/ɛmˈfætɪkəɫi/,nhấn mạnh,,
endeavor,/ɪnˈdɛvɝ/,(như) endeavour,,
endlessly,/ˈɛndɫəsɫi/,không ngừng,liên tu bất tận,
endorse,/ɛnˈdɔɹs/,chuyển nhượng (hối phiếu...),,
endurance,/ˈɛndɝəns/,sự chịu đựng,,
enduring,/ɛnˈdjʊɹɪŋ/,lâu dài,vĩnh viễn,
engulf,/ɪnˈɡəɫf/,nhận chìm,nhận sâu (xuống vực thẳm...),
enroll,/ɛnˈɹoʊɫ/,tuyển (quân...),,
entertaining,/ˌɛnɝˈteɪnɪŋ/,giải trí,vui thú,thú vị
enthusiastically,/ɪnˌθuziˈæstɪkɫi/,phấn khởi,hăng hái,nồng nhiệt
entitle,/ɛnˈtaɪtəɫ/,cho đầu đề,cho tên (sách...),
environmentally,/ɪnˌvaɪɹənˈmɛnəɫi/,về phương diện môi trường,,
equip,/ɪˈkwɪp/,trang bị (cho ai... cái gì),,
erect,/ɪˈɹɛkt/,thẳng,đứng thẳng,
erupt,/ˈiɹəpt/,phun (núi lửa),,
eruption,/ˌiˈɹəpʃən/,sự phun (núi lửa),,
essayist,/ˈɛˌseɪɪst/,nhà văn tiểu luận,,
eternally,/iˈtɝnəɫi/,đời đời,vĩnh viễn,bất diệt
ethic,/ˈɛθɪk/,đạo đức,(thuộc) luân thường đạo lý,
evacuate,/iˈvækjəˌeɪt/,rút khỏi (nơi nào...),,
evacuation,/iˈvækjəˈweɪʃən/,sự rút khỏi (một nơi nào...),,
everlasting,/ˌɛvɝˈɫæstɪŋ/,vĩnh viễn,mãi mãi,đời đời
evolve,/iˈvɑɫv/,rút ra,suy ra,luận ra
exaggeration,/ɪɡˌzædʒɝˈeɪʃən/,sự thổi phồng,sự phóng đại,sự cường điệu
exalt,/ɪɡˈzɔɫt/,đề cao,đưa lên địa vị cao,tâng bốc
excel,/ɪkˈsɛɫ/,hơn,,
exclaim,/ɪkˈskɫeɪm/,kêu lên,la lên,
excursion,/ɪkˈskɝʒən/,(quân sự) cuộc đánh thọc ra,,
exhausting,/ɪɡˈzɔstɪŋ/,làm kiệt sức,làm mệt lử,
exhaustion,/ɪɡˈzɔstʃən/,sự hút,sự hút hết,sự làm chân không
exotic,/ɪɡˈzɑtɪk/,ở nước ngoài đưa vào,ngoại lai (cây cỏ,từ
explode,/ɪksˈpɫoʊd/,làm nổ,,
exploit,/ˈɛksˌpɫɔɪt/,kỳ công,,
explorer,/ɪksˈpɫɔɹɝ/,người thăm dò,người thám hiểm,
expressive,/ɪksˈpɹɛsɪv/,có ý nghĩa,,
exquisite,/ˈɛkskwəzət/,thanh,thanh tú,
extraordinarily,/ɛkˌstɹɔɹdəˈnɛɹəɫi/,lạ thường,phi thường,
exultant,/ɪɡˈzəɫtənt/,hân hoan,hoan hỉ,hớn hở
eyebrow,/ˈaɪˌbɹaʊ/,lông mày,,
eyelid,/ˈaɪˌɫɪd/,mi mắt,,
fabulous,/ˈfæbjəɫəs/,thần thoại,(thuộc) truyện cổ tích,bịa đặt
falter,/ˈfɔɫtɝ/,dao động,nản chí,chùn bước
familiarize,/fəˈmɪɫjɝˌaɪz/,phổ biến (một vấn đề),,
fantastically,/fænˈtæstɪkɫi/,cừ,chiến,tuyệt vời
fascination,/ˌfæsəˈneɪʃən/,sự thôi miên,sự làm mê,
father-in-law,/ˈfɑðɝɪnˌɫɔ/,in,,
faulty,/ˈfɔɫti/,có thiếu sót,mắc khuyết điểm,
fearsome,/ˈfɪɹsəm/,sợ,sợ hãi,sợ sệt
feat,/ˈfit/,kỳ công,chiến công,
fictional,/ˈfɪkʃənəɫ/,hư cấu,tưởng tượng,
figurative,/ˈfɪɡjɝətɪv/,bóng,bóng bảy,
filial,/ˈfɪɫiəɫ/,con cái,(thuộc) đạo làm con,
financially,/ˌfaɪˈnænʃəɫi/,về phương diện tài chính,về mặt tài chính,
fingernail,/ˈfɪŋɡɝˌneɪɫ/,móng tay,,
firearm,/ˈfaɪˌɹɑɹm/,súng lục...),,
firmness,/ˈfɝmnəs/,sự vững chắc,,
firstly,/ˈfɝstɫi/,thứ nhất,đầu tiên là,
flap,/ˈfɫæp/,nắp (túi,phong bì,mang cá...)
flaw,/ˈfɫɔ/,cơn gió mạnh,,
flawless,/ˈfɫɔɫəs/,không có vết,không rạn nứt,
flax,/ˈfɫæks/,cây lanh,,
flee,/ˈfɫi/,chạy trốn,bỏ chạy,lẩn trốn
flexibly,/ˈfɫɛksəbɫi/,linh hoạt,linh động,
flip,/ˈfɫɪp/,cái búng,,
fluency,/ˈfɫuənsi/,sự lưu loát,sự trôi chảy,
flutter,/ˈfɫətɝ/,sự vẫy,sự vỗ (cánh),
follower,/ˈfɑɫoʊɝ/,người theo,người theo dõi,người theo (đảng
fondly,/ˈfɑndɫi/,trìu mến,âu yếm,
foolishly,/ˈfuɫɪʃɫi/,điên rồ,rồ dại,
footnote,/ˈfʊtˌnoʊt/,chú thích ở cuối trang,,
forcefully,/ˈfɔɹsfəɫi/,mạnh mẽ,sinh động,
foreman,/ˈfɔɹmən/,quản đốc,đốc công,
foresee,/fɔɹˈsi/,nhìn thấy trước,dự kiến trước,đoán trước
formidable,/ˈfɔɹmədəbəɫ/,dữ dội,ghê gớm,kinh khủng
foul,/ˈfaʊɫ/,hôi hám,hôi thối,
fox,/ˈfɑks/,con cáo,,
fragrance,/ˈfɹeɪɡɹəns/,mùi thơm phưng phức,hương thơm ngát,
frantically,/ˈfɹænəkəɫi/,điên cuồng,điên rồ,
freak,/ˈfɹik/,tính đồng bóng,tính hay thay đổi,
frigate,/ˈfɹɪɡət/,tàu khu trục nhỏ,,
frontier,/fɹənˈtɪɹ/,biên giới,,
frugal,/ˈfɹuɡəɫ/,căn cơ,tiết kiệm,
fume,/ˈfjum/,khói,hơi khói,hơi bốc
funk,/ˈfəŋk/,sự kinh sợ,,
funky,/ˈfəŋki/,khiếp đảm,nhút nhát,
furious,/ˈfjʊɹiəs/,giận dữ,diên tiết,
furiously,/ˈfjʊɹiəsɫi/,điên tiết,cáu tiết,
gambling,/ˈɡæmbəɫɪŋ/,trò cờ bạc,,
gangster,/ˈɡæŋstɝ/,kẻ cướp,găngxtơ,
gardener,/ˈɡɑɹdənɝ/,người làm vườn,,
gasp,/ˈɡæsp/,sự thở hổn hển,,
gaudy,/ˈɡɔdi/,loè loẹt,hoa hoè hoa sói,
generalization,/ˌdʒɛnɝəɫɪˈzeɪʃən/,sự tổng quát hoá,sự tổng hợp,sự khái quát
generalize,/ˈdʒɛnɝəˌɫaɪz/,tổng quát hoá,khái quát hoá,
generosity,/ˌdʒɛnɝˈɑsəti/,tính rộng rãi,tính hào phóng,
generously,/ˈdʒɛnɝəsɫi/,rộng lượng,hào hiệp,hào phóng
genuinely,/ˈdʒɛnˈjuˌwaɪnɫi/,thành thật,chân thật,
germ,/ˈdʒɝm/,mộng,mầm,thai
getaway,/ˈɡɛtəˌweɪ/,sự chạy trốn,sự trốn thoát (kẻ trộm),
glacis,/ˈɡɫeɪsəs/,dốc thoai thoải trước pháo đài,,
glamorous,/ˈɡɫæmɝəs/,đẹp say đắm,đẹp quyến r,
glare,/ˈɡɫɛɹ/,ánh sáng,ánh chói,
gleam,/ˈɡɫim/,tia sáng yếu ớt,ánh lập loè,
glee,/ˈɡɫi/,niềm hân hoan,niềm vui sướng,
globally,/ˈɡɫoʊbəɫi/,toàn bộ,tổng thể,
gloomy,/ˈɡɫumi/,tối tăm,u ám,ảm đạm
glorify,/ˈɡɫɔɹəˌfaɪ/,tuyên dương,ca ngợi,
goat,/ˈɡoʊt/,con dê,,
godly,/ˈɡɑdɫi/,sùng đạo,ngoan đạo,
gook,/ˈɡʊk/,người da nâu hay da vàng,,
gorge,/ˈɡɔɹdʒ/,những cái đã ăn vào bụng,,
graphically,/ˈɡɹæfɪkɫi/,bằng đồ thị,,
grasp,/ˈɡɹæsp/,sự túm lấy,sự níu lấy,sự ôm ghì
gravestone,/ˈɡɹeɪvˌstoʊn/,bia,mộ chí,
gravitation,/ˌɡɹævɪˈteɪʃən/,sự hút,sự hấp dẫn,
greatness,/ˈɡɹeɪtnəs/,sự to lớn,,
grieve,/ˈɡɹiv/,gây đau buồn,làm đau lòng,
grim,/ˈɡɹɪm/,dữ tợn,tàn nhẫn,nhẫn tâm
grin,/ˈɡɹɪn/,cái nhăn mặt nhe cả răng ra,,
grown-up,/ˈɡɹoʊˌnəp/,đã lớn,đã trưởng thành*  danh từ,
guerrilla,/ɡɝˈɪɫə/,du kích,quân du kích,
gulp,/ˈɡəɫp/,ngụm (chất lỏng),động tác nuốt* ngoại động từ,
gum,/ˈɡəm/,chất gôm,,
gunshot,/ˈɡənˌʃɑt/,phát súng,,
gymnastic,/dʒɪmˈnæstɪk/,thể dục*  danh từ,,
hail,/ˈheɪɫ/,mưa đá,,
hairy,/ˈhɛɹi/,có tóc,có lông,rậm tóc
handicap,/ˈhændiˌkæp/,điều chấp (trong một cuộc thi),,
handicraft,/ˈhændiˌkɹæft/,chấp (trong một cuộc thi),,
handout,/ˈhænˌdaʊt/,của bố thí cho ăn mày,,
handrail,/ˈhænˌdɹeɪɫ/,tay vịn,lan can (ở cầu thang...),
harmless,/ˈhɑɹmɫəs/,không có hại,vô hại,không độc
harrow,/ˈhæɹoʊ/,cái bừa,,
haste,/ˈheɪst/,sự vội vàng,sự vội vã,sự gấp rút
hastily,/ˈheɪstəɫi/,vội vàng,hấp tấp,
hatching,/ˈhætʃɪŋ/,đường gạch bóng trên hình vẽ,,
heap,/ˈhip/,đống,,
hedge,/ˈhɛdʒ/,hàng rào,bờ giậu,
helicopter,/ˈhɛɫɪˌkɑptɝ/,máy bay lên thẳng,,
helper,/ˈhɛɫpɝ/,người giúp đỡ,,
hemp,/ˈhɛmp/,cây gai dầu,,
herb,/ˈɝb/,cỏ,cây thảo,
hesitation,/ˌhɛzəˈteɪʃən/,hesitance,,
high-tech,/ˌhaɪˈtɛk/,sản xuất theo công nghệ cao,,
hilarious,/hɪˈɫɛɹiəs/,vui vẻ,vui nhộn,
holocaust,/ˈhɑɫəˌkɔst/,sự huỷ diệt hàng loạt,sự tàn sát khủng khiếp,
homeward,/ˈhoʊmwɝd/,trở về nhà,trở về tổ quốc,trở về nước
hone,/ˈhoʊn/,đá mài,,
hospice,/ˈhɑspəs/,nhà tế bần,,
hospitable,/ˈhɑˈspɪtəbəɫ/,mến khách,,
hospitality,/ˌhɑspəˈtæɫəti/,lòng mến khách,,
hospitalize,/ˈhɔˌspɪtəˌɫaɪz/,đưa vào bệnh viện,nằm bệnh viện,
housekeeper,/ˈhaʊˌskipɝ/,bà quản gia,,
housewife,/ˈhaʊˌswaɪf/,bà chủ nhà,bà nội trợ,
hover,/ˈhəvɝ/,sự bay lượn,sự bay liệng,sự trôi lơ lửng
hugely,/ˈhjudʒɫi/,rất đỗi,hết sức,
humane,/hjuˈmeɪn/,nhân đạo,nhân đức,
humanist,/ˈhjumənɪst/,nhà nghiên cứu văn hoá Hy,,
humanize,/ˈhjuməˌnaɪz/,làm cho có lòng nhân đạo,,
humbug,/ˈhəmˌbəɡ/,trò bịp bợm,trò đánh lừa,lời nói bịp bợm
humiliate,/hjuˈmɪɫiˌeɪt/,làm nhục,làm bẽ mặt,
humiliating,/hjuˈmɪɫiˌeɪtɪŋ/,làm nhục,làm bẽ mặt,
humiliation,/hjuˌmɪɫiˈeɪʃən/,sự làm nhục,sự làm bẽ mặt,
hush,/ˈhəʃ/,sự im lặng,,
hyperbole,/haɪˈpɝbəˌɫi/,phép ngoa dụ,,
hyphen,/ˈhaɪfən/,dấu nối,,
iceman,/ˈaɪsmæn/,người giỏi đi băng,người tài leo núi băng,
icon,/ˈaɪkɑn/,tượng,hình tượng,thần tượng
icy,/ˈaɪsi/,đóng băng,,
ideally,/aɪˈdiɫi/,lý tưởng,đúng như lý tưởng,
idiot,/ˈɪˌdiət/,thằng ngốc,,
idolize,/ˈaɪdəˌɫaɪz/,idolise*  danh từ,,
immerse,/ˌɪˈmɝs/,nhúng,nhận chìm,ngâm
immigrant,/ˈɪməɡɹənt/,nhập cư (dân...)*  danh từ,,
immoral,/ˌɪˈmɔɹəɫ/,trái đạo đức,trái luân lý,đồi bại
immortal,/ˌɪˈmɔɹtəɫ/,bất tử,bất diệt,bất hủ
immortality,/ˌɪmɔɹˈtæɫɪti/,tính bất tử,tính bất diệt,tính bất hủ
impartial,/ˌɪmˈpɑɹʃəɫ/,công bằng,không thiên vị,vô tư
impatiently,/ˌɪmˈpeɪʃəntɫi/,nóng lòng,nôn nóng,sốt ruột
imperative,/ˌɪmˈpɛɹətɪv/,cấp bách,khẩn thiết,
impolite,/ˌɪmpəˈɫaɪt/,vô lễ,,
impossibility,/ˌɪmˌpɔsɪˈbɪɫɪti/,impossibleness,,
impractical,/ˌɪmˈpɹæktəkəɫ/,không thực tế,,
impressionism,/ˌɪmˈpɹɛʃəˌnɪzəm/,chủ nghĩa ấn tượng,,
imprison,/ˌɪmˈpɹɪzən/,bỏ tù,tống giam,giam cầm
improperly,/ˌɪmˈpɹɑpɝɫi/,không thích hợp,không đúng cách,
impulsive,/ˌɪmˈpəɫsɪv/,đẩy tới,đẩy mạnh,
inaccurate,/ˌɪˈnækjɝət/,không đúng,sai,trật
inanimate,/ˌɪˈnænəmət/,vô sinh,không có sinh khí,vô tri vô giác
inborn,/ˈɪnˌbɔɹn/,bẩm sinh,,
incense,/ˈɪnˌsɛns/,nhang,hương,trầm
incur,/ˌɪnˈkɝ/,chịu,gánh,mắc
indent,/ˌɪnˈdɛnt/,vết lõm,khía răng cưa,vết mẻ
indescribable,/ˌɪndɪsˈkɹaɪbəbəɫ/,không thể tả được,không sao kể xiết,
indifferent,/ˌɪnˈdɪfɝənt/,trung lập,không thiên vị,
indignity,/ˌɪnˈdɪɡnəˌti/,sự sỉ nhục,sự làm nhục,
indulge,/ˌɪnˈdəɫdʒ/,nuông chiều,chiều theo,
indulgent,/ˌɪnˈdəɫdʒənt/,hay nuông chiều,hay chiều theo,
industrialize,/ˌɪnˈdəstɹiəˌɫaɪz/,công nghiệp hoá,,
ineffective,/ˌɪnɪˈfɛktɪv/,không có hiệu quả,,
inert,/ˌɪˈnɝt/,(hoá học) trơ,,
inexperienced,/ɪnɪkˈspɪɹiənst/,thiếu kinh nghiệm,,
infect,/ˌɪnˈfɛkt/,nhiễm,làm nhiễm độc,làm nhiễm trùng
infer,/ˌɪnˈfɝ/,suy ra,luận ra,kết luận
inflate,/ɪnˈfɫeɪt/,thổi phồng,bơm phồng,
influenza,/ˌɪnfɫuˈɛnzə/,bệnh cúm,,
infringement,/ˌɪnˈfɹɪndʒmənt/,sự vi phạm,sự xâm phạm,
inhabit,/ˌɪnˈhæbət/,ở,,
inherit,/ˌɪnˈhɛɹət/,hưởng,thừa hưởng,thừa kế*  nội động từ
innate,/ˌɪˈneɪt/,bẩm sinh,,
innocently,/ˈɪnəsəntɫi/,ngây thơ,vô tội,
inquire,/ˌɪnˈkwaɪɹ/,+ into) điều tra,thẩm tra,
inspirational,/ˌɪnspɝˈeɪʃənəɫ/,sự cảm hứng,do cảm hứng,
instill,/ˌɪnˈstɪɫ/,truyền dẫn (ý nghĩ,tình cảm...) cho,làm cho thấm nhuần dần
instruct,/ˌɪnˈstɹəkt/,chỉ dẫn,chỉ thị cho,
insult,/ˈɪnˌsəɫt/,sự chấn thương,,
interpersonal,/ˌɪntɝˈpɝsənəɫ/,giữa cá nhân với nhau,,
interpreter,/ˌɪnˈtɝpɹətɝ/,người giải thích,người làm sáng tỏ,
interruption,/ˌɪntɝˈəpʃən/,sự gián đoạn,sự bị gián đoạn,sự đứt quãng
intravenous,/ˌɪntɹəˈvinəs/,trong tĩnh mạch,,
intrude,/ˌɪnˈtɹud/,ấn bừa,tống ấn,đưa bừa
intruder,/ˌɪnˈtɹudɝ/,người vào bừa,,
intrusion,/ˌɪnˈtɹuʒən/,sự xâm phạm,sự xâm nhập,
invariable,/ˌɪnˈvɛɹiəbəɫ/,không thay đổi,cố định,
inventor,/ˌɪnˈvɛntɝ/,người phát minh,người sáng chế,người sáng tạo
invoke,/ˌɪnˈvoʊk/,cầu khẩn,,
ironically,/aɪˈɹɑnɪkɫi/,mỉa mai,trớ trêu,
irrational,/ˌɪˈɹæʃənəɫ/,không hợp lý,phi lý,
irresistible,/ˌɪɹɪˈzɪstəbəɫ/,người hấp dẫn mạnh mẽ,vật hấp dẫn mạnh mẽ,
irresistibly,/ˌɪɹɪˈzɪstəbɫi/,không cưỡng lại được,,
irresponsible,/ˌɪɹəˈspɑnsəbəɫ/,thiếu tinh thần trách nhiệm,,
irritated,/ˈɪɹəˌteɪtəd/,tức tối,cáu,
irritating,/ˈɪɹəˌteɪtɪŋ/,làm phát cáu,chọc tức,
irritation,/ˌɪɹɪˈteɪʃən/,sự kích thích,,
islander,/ˈaɪɫəndɝ/,người ở đảo,,
itch,/ˈɪtʃ/,sự ngứa,bệnh ngứa,bệnh ghẻ
jealously,/ˈdʒɛɫəsɫi/,ganh tị,đố kỵ,
jeopardize,/ˈdʒɛpɝˌdaɪz/,nguy hại,gây nguy hiểm,liều (mạng)
judo,/ˈdʒuˌdoʊ/,võ juddô (võ Nhật),,
juror,/ˈdʒʊɹɝ/,hội thẩm,bồi thẩm,
kangaroo,/ˌkæŋɡɝˈu/,con canguru,,
keeper,/ˈkipɝ/,người giữ,người gác,
kerosene,/ˈkɛɹəˌsin/,dầu lửa,,
kneel,/ˈniɫ/,quỳ,,
knot,/ˈnɑt/,nút,nơ,
knowingly,/ˈnoʊɪŋɫi/,chủ tâm,cố ý,có dụng ý
lame,/ˈɫeɪm/,què,khập khiễng,
lance,/ˈɫæns/,giáo,thương,trường thương
landlady,/ˈɫændˌɫeɪdi/,bà chủ nhà (nhà cho thuê),,
landslide,/ˈɫænˌsɫaɪd/,sự lở đất,,
lark,/ˈɫɑɹk/,chim chiền chiện,,
lastly,/ˈɫæstɫi/,cuối cùng,sau cùng,sau rốt
lava,/ˈɫɑvə/,Lava,dung nham,
lawmaker,/ˈɫɔˌmeɪkɝ/,người lập pháp,người làm luật,
lawn,/ˈɫɔn/,bãi c,,
lawsuit,/ˈɫɔˌsut/,việc kiện cáo,việc tố tụng,
leaflet,/ˈɫifɫət/,lá non,,
leak,/ˈɫik/,lỗ thủng,lỗ rò,khe hở
leash,/ˈɫiʃ/,dây buộc chó săn,xích chó săn,
leek,/ˈɫik/,tỏi tây,,
legendary,/ˈɫɛdʒənˌdɛɹi/,truyện cổ tích,,
legislate,/ˈɫɛdʒɪˌsɫeɪt/,làm luật,lập pháp,
legislator,/ˈɫɛdʒəˌsɫeɪtɝ/,người làm luật,người lập pháp,thành viên có quan lập pháp
leisurely,/ˈɫizɝɫi/,làm trong lúc rảnh rang,làm ung dung*  phó từ,
lengthen,/ˈɫɛŋkθən/,làm dài ra*  nội động từ,,
leopard,/ˈɫɛpɝd/,con báo,,
lest,/ˈɫɛst/,rằng,(sợ) rằng,
lick,/ˈɫɪk/,cái liềm,,
lifeless,/ˈɫaɪfɫəs/,không có sự sống,,
lighten,/ˈɫaɪtən/,chiếu sáng,rọi sáng,soi sáng*  nội động từ
linen,/ˈɫɪnən/,vải lanh,,
liner,/ˈɫaɪnɝ/,tàu khách,có chuyến),
ling,/ˈɫɪŋ/,cây thạch nam*  danh từ,,
linger,/ˈɫɪŋɝ/,nấn ná,lần lữa,chần chừ
listener,/ˈɫɪsənɝ/,người nghe,thính giả,
literal,/ˈɫɪtɝəɫ/,chữ,bằng chữ,theo nghĩa của chữ
litter,/ˈɫɪtɝ/,rác rưởi bừa bãi,,
lobby,/ˈɫɑbi/,hành lang,,
loneliness,/ˈɫoʊnɫinəs/,sự vắng vẻ,sự hiu quạnh,
long-distance,/ˌɫɔŋˈdistəns/,đường dài,,
long-term,/ˈɫɔŋˈtɝm/,dài hạn,dài ngày,lâu dài
loosely,/ˈɫusɫi/,lỏng,lỏng lẻo,lòng thòng
lousy,/ˈɫaʊzi/,có rận,có chấy,
lowland,/ˈɫoʊˌɫænd/,vùng đất thấp,,
lucrative,/ˈɫukɹətɪv/,có lợi,sinh lợi,
lush,/ˈɫəʃ/,tươi tốt,sum sê,
luxurious,/ɫəɡˈʒɝiəs/,sang trọng,lộng lẫy,xa hoa
madam,/ˈmædəm/,bà,phu nhân,quý phu nhân
madness,/ˈmædnəs/,chứng điên,chứng rồ dại,sự mất trí
magnify,/ˈmæɡnəˌfaɪ/,làm to ra,phóng to,mở rộng
malady,/ˈmæɫədi/,bệnh tật,,
malaria,/məˈɫɛɹiə/,bệnh sốt rét,,
mango,/ˈmæŋɡoʊ/,quả xoài,,
mansion,/ˈmænʃən/,lâu đài,,
manual,/ˈmænjuəɫ/,tay,làm bằng tay,
marathon,/ˈmɛɹəˌθɑn/,in,,
massacre,/ˈmæsəkɝ/,sự giết chóc,sự tàn sát,
massage,/məˈsɑʒ/,sự xoa bóp*  ngoại động từ,,
masterpiece,/ˈmæstɝˌpis/,kiệt tác,tác phẩm lớn,
mastery,/ˈmæstɝi/,quyền lực,quyền làm chủ,
mausoleum,/ˌmɔsəˈɫiəm/,lăng,lăng tẩm,
mechanize,/ˈmɛkəˌnaɪz/,cơ khí hoá,,
mediocre,/ˌmidiˈoʊkɝ/,xoàng,thường,
melody,/ˈmɛɫədi/,giai điệu,,
mentor,/ˈmɛnˌtɔɹ/,người thầy thông thái,người cố vấn dày kinh nghiệm,
merge,/ˈmɝdʒ/,hoà vào,hoà hợp,kết hợp
messenger,/ˈmɛsəndʒɝ/,người đưa tin,sứ giả,
microbe,/ˈmaɪˌkɹoʊb/,vi trùng,vi khuẩn,
micrometer,/maɪˈkɹɑmətɝ/,cái đo vi,trắc vi kế,
microorganism,/ˌmaɪkɹoʊˈɔɹɡəˌnɪzəm/,vi sinh vật,,
microphone,/ˈmaɪkɹəˌfoʊn/,micrô ((thông tục) mike),,
microscopy,/maɪˈkɹəskəpi/,sự dùng kính hiển vi,sự soi kính hiển vi,
millionaire,/ˌmɪɫjəˈnɛɹ/,nhà triệu phú,người giàu bạc triệu,
mimic,/ˈmɪmɪk/,bắt chước*  ngoại động từ,,
miniature,/ˈmɪniəˌtʃʊɹ/,bức tiểu hoạ,,
misconception,/mɪskənˈsɛpʃən/,sự quan niệm sai,sự nhận thức sai,sự hiểu sai
misfortune,/mɪsˈfɔɹtʃən/,sự rủi ro,sự bất hạnh,
mist,/ˈmɪst/,sương mù,,
mistreat,/mɪˈstɹit/,ngược đãi,,
mistrustful,/mɪˈstɹəsfəɫ/,không tin,nghi ngờ,ngờ vực
misunderstand,/ˌmɪsəndɝˈstænd/,hiểu lầm,hiểu sai,
mock,/ˈmɑk/,sự chế nhạo,sự nhạo báng,sự chế giễu
modernize,/ˈmɑdɝˌnaɪz/,hiện đại hoá,đổi mới*  nội động từ,
mogul,/ˈmoʊɡəɫ/,Mogul thuộc Mông,,
mold,/ˈmoʊɫd/,(như) mould,,
monastery,/ˈmɑnəˌstɛɹi/,tu viện,,
moody,/ˈmudi/,buồn rầu,ủ r,
moonlight,/ˈmunˌɫaɪt/,ánh trăng,ánh sáng trăng,
morally,/ˈmɔɹəɫi/,một cách có đạo đức,,
mortal,/ˈmɔɹtəɫ/,chết,có chết,
mortar,/ˈmɔɹtɝ/,vữa,hồ,
mortify,/ˈmɔɹtɪˌfaɪ/,hành xác,,
mother-in-law,/ˈməðɝɪnˌɫɔ/,mẹ chồng,mẹ v,
motorbike,/ˈmoʊtɝˌbaɪk/,xe môtô hạng nhẹ,,
motorist,/ˈmoʊtɝɪst/,người lái xe ô tô,người chơi xe ô tô,
mournful,/ˈmɔɹnfəɫ/,buồn rầu,ảm đạm,tang tóc
mover,/ˈmuvɝ/,động cơ,động lực,
muddy,/ˈmədi/,lầy bùn,lấy lội,
multiply,/ˈməɫtəˌpɫaɪ/,nhân lên,làm bội lên,làm tăng lên nhiều lần
mumble,/ˈməmbəɫ/,tiếng nói lầm bầm*  động từ,,
murmur,/ˈmɝmɝ/,tiếng rì rầm,tiếng rì rào,tiếng xì xào
muse,/ˈmjuz/,Muse thần nàng thơ,,
mustache,/ˈməsˌtæʃ/,râu mép,ria ((từ Mỹ,nghĩa Mỹ) (cũng) mustache)
mutable,/ˈmjutəbəɫ/,có thể đổi,có thể biến đổi,
mutter,/ˈmətɝ/,sự thì thầm,tiếng thì thầm,
mutton,/ˈmətən/,thịt cừu,,
mystify,/ˈmɪstəˌfaɪ/,làm bối rối,làm hoang mang,
narcissistic,/ˌnɑɹsɪˈsɪstɪk/,tự yêu mình,quá chú ý đến vẻ đẹp của mình,
narrator,/ˈnɛɹeɪtɝ/,người chuyện kể,người tường thuật,
narrowly,/ˈnɛɹoʊɫi/,chật hẹp,,
nationwide,/ˈneɪʃənˈwaɪd/,khắp cả nước,toàn quốc,
naughty,/ˈnɔti/,hư,hư đốn,nghịch ngợm
navigate,/ˈnævəˌɡeɪt/,lái (tàu,thuyền,máy bay...)
navy,/ˈneɪvi/,hải quân,,
needless,/ˈnidɫəs/,không cần thiết,thừa,vô ích
needy,/ˈnidi/,nghèo túng,,
nerve,/ˈnɝv/,dây thần kinh,,
nervously,/ˈnɝvəsɫi/,bồn chồn,lo lắng,
neurosis,/nʊˈɹoʊsəs/,chứng loạn thần kinh chức năng,,
newscaster,/ˈnuzˌkæstɝ/,người phát thanh bản tin ở đài,,
newsworthy,/ˈnuzˌwɝði/,đáng đưa thành tin,đáng đưa lên mặt báo,
nicely,/ˈnaɪsɫi/,thú vị,dễ chịu,hay hay
nightmare,/ˈnaɪtˌmɛɹ/,cơn ác mộng,,
nobility,/noʊˈbɪɫəti/,tính cao quý,tính cao thượng,tính cao nhã
nobleman,/ˈnoʊbəɫmən/,người quý tộc,người quý phái,
nomad,/ˈnoʊˌmæd/,dân du cư,,
nominee,/ˌnɑməˈni/,người được giới thiệu,người được đề cử (ra ứng cử),
northward,/ˈnɔɹθwɝd/,hướng bắc*  tính từ & phó từ,,
nostril,/ˈnɑstɹɪɫ/,lỗ mũi,,
nourish,/ˈnɝɪʃ/,nuôi,nuôi nấng,nuôi dưỡng
nourishment,/ˈnɝɪʃmənt/,sự nuôi,sự nuôi dưỡng,
novelty,/ˈnɑvəɫti/,tính mới,tính mới lạ,tính lạ thường
nut,/ˈnət/,quả hạch,,
nutshell,/ˈnətˌʃɛɫ/,bỏ quả hạch,,
oath,/ˈoʊθ/,lời thề,lời tuyên thệ,
obedient,/oʊˈbidiənt/,biết nghe lời,biết vâng lời,dễ bảo
obituary,/oʊˈbɪtʃuˌɛɹi/,lời cáo phó,,
observer,/əbˈzɝvɝ/,người theo dõi,người quan sát,
obsess,/əbˈsɛs/,ám ảnh,,
obsession,/əbˈsɛʃən/,sự ảm ảnh,tình trạng bị ám ảnh,
obsessive,/əbˈsɛsɪv/,ám ảnh,,
offend,/əˈfɛnd/,làm chướng (tai),làm gai (mắt)*  nội động từ,
offender,/əˈfɛndɝ/,người phạm tội,người phạm lỗi,
offhand,/ˈɔfˈhænd/,quá tự nhiên,lấc cấc,không khách sáo
offshore,/ˈɔfˈʃɔɹ/,xa bờ biển,ở ngoài khơi,
ointment,/ˈɔɪntmənt/,thuốc mỡ,,
olympiad,/oʊˈɫɪmpiˌæd/,lim,,
optimism,/ˈɑptəˌmɪzəm/,sự lạc quang,tính lạc quan,
optimist,/ˈɑptəmɪst/,người lạc quan*  tính từ,,
optimistic,/ˌɑptəˈmɪstɪk/,lạc quan chủ nghĩa,,
orator,/ˈɔɹətɝ/,người diễn thuyết,nhà hùng biện,
orchestral,/ɔɹˈkɛstɹəɫ/,dàn nhạc,dành cho dàn nhạc,
orchid,/ˈɔɹkɪd/,cây lan,cây phong lan ((cũng) orchis),
organizer,/ˈɔɹɡəˌnaɪzɝ/,người tổ chức,,
originality,/ɝˌɪdʒəˈnæɫɪti/,tính chất gốc,tính chất nguồn gốc,tính chất căn nguyên
originate,/ɝˈɪdʒəˌneɪt/,bắt đầu,khởi đầu,
ornament,/ˈɔɹnəmənt/,đồ trang hoàng,đồ trang trí,đồ trang sức
ounce,/ˈaʊns/,oz,,
outback,/ˈaʊtˌbæk/,xa xôi hẻo lánh,,
outdistance,/ˈaʊtˈdɪstəns/,vượt xa (đối thủ),,
outdo,/ˌaʊtˈdu/,vượt,hơn hẳn,
outfit,/ˈaʊtˌfɪt/,đồ trang bị,quần áo giày mũ...,bộ đồ nghề
outgrow,/ˌaʊtˈɡɹoʊ/,lớn hơn,mọc cao hơn,mọc mau hơn
outing,/ˈaʊtɪŋ/,cuộc đi chơi,cuộc đi nghỉ hè (xa nhà),
outlive,/ˌaʊtˈɫɪv/,sống lâu hơn,,
outpatient,/ˈaʊtˌpeɪʃənt/,người bệnh ở ngoài,người bệnh ngoại trú,
outrage,/ˈaʊˌtɹeɪdʒ/,sự lăng nhục,sự sỉ nhục,
outrageous,/aʊˈtɹeɪdʒəs/,xúc phạm,làm tổn thương,
outshine,/ˈaʊˌtʃaɪn/,sáng,chiếu sáng*  ngoại động từ,
outsider,/aʊtˈsaɪdɝ/,người ngoài cuộc,người không thể cho nhập bọn,
outskirts,/ˈaʊtˌskɝts/,vùng ngoài (một tỉnh...),ngoại ô,vùng ngoại ô
outwardly,/ˈaʊtwɝdɫi/,bề ngoài,,
oval,/ˈoʊvəɫ/,có hình trái xoan*  danh từ,,
overboard,/ˈoʊvɝˌbɔɹd/,qua mạn tàu,từ trên mạm tàu xuống biển,xuống biển
overbook,/ˈoʊvɝˌbʊk/,đăng ký trước quá nhiều,,
overcoat,/ˈoʊvɝˌkoʊt/,áo khoác ngoài,,
overestimate,/ˌoʊvɝˈɛstəˌmeɪt/,đánh giá quá cao,,
overhear,/ˈoʊvɝˈhiɹ/,nghe lỏm,nghe trộm,
overlap,/ˈoʊvɝˌɫæp/,sự gối lên nhau,,
overlook,/ˈoʊvɝˌɫʊk/,không nhận thấy,không chú ý tới,
overly,/ˈoʊvɝɫi/,quá,thái quá,quá mức
overshadow,/ˈoʊvɝˈʃædoʊ/,che bóng,che mắt,
oversize,/ˌoʊvɝˈsaɪz/,vật ngoại khổ,,
overstep,/ˈoʊvɝˌstɛp/,đi quá (giới hạn,,
overtake,/ˈoʊvɝˌteɪk/,bắt kịp,vượt,
overthrow,/ˈoʊvɝˌθɹoʊ/,sự lật đổ,sự phá đổ,sự đạp đổ
overturn,/ˈoʊvɝˌtɝn/,sự lật đổ,sự đảo lộn[,ouvə'tə:n]*  ngoại động từ
ow,/ˈaʊ/,ối,đau,
owl,/ˈaʊɫ/,con cú,,
ox,/ˈɑks/,con bò,con bò đực thiến,
ozone,/ˈoʊˌzoʊn/,Ozon,,
pa,/ˈpɑ/,(viết tắt) của papa ba,bố,
paintbrush,/ˈpeɪntˌbɹəʃ/,chổi sơn,bút vẽ,
pajamas,/pəˈdʒæməz/,pijama,quần áo ngủ,
pallet,/ˈpæɫət/,ổ rơm,nệm rơm,
pancake,/ˈpænˌkeɪk/,bánh kếp (giống như bánh đa),,
pandemic,/pænˈdɛmɪk/,dịch lớn,,
papaya,/pəˈpaɪə/,cây đu đủ,,
paperwork,/ˈpeɪpɝˌwɝk/,công việc giấy tờ,,
parade,/pɝˈeɪd/,sự phô trương,,
paralysis,/pɝˈæɫəsəs/,chứng liệt,,
paratrooper,/ˈpɛɹəˌtɹupɝ/,lính nhảy dù,,
partisan,/ˈpɑɹtəzən/,người theo một đảng phái,đảng viên,
passionate,/ˈpæʃənət/,sôi nổi,say sưa,say đắm
passionately,/ˈpæʃənətɫi/,một cách say đắm,nhiệt tình,nồng nhiệt
pastoral,/ˈpæstɝəɫ/,người chăn súc vật,(thuộc) mục đồng,
patriot,/ˈpeɪtɹiət/,người yêu nước,,
patriotism,/ˈpeɪtɹiəˌtɪzəm/,lòng yêu nước,,
patron,/ˈpeɪtɹən/,người bảo trợ,người đỡ đầu,ông chủ
pave,/ˈpeɪv/,lát (đường,sàn...),
paw,/ˈpɔ/,chân (có vuốt của mèo,hổ...),
pawnshop,/ˈpɔnˌʃɑp/,hiệu cầm đồ,,
peacefully,/ˈpisfəɫi/,hoà bình,thái bình,
peach,/ˈpitʃ/,quả đào,,
pearl,/ˈpɝɫ/,hạt trai,ngọc trai,
pebble,/ˈpɛbəɫ/,đá cuội,sỏi,
pedal,/ˈpɛdəɫ/,bàn đạp (xe đạp,đàn pianô),
pedantic,/pəˈdæntɪk/,thông thái rởm,,
pedestrian,/pəˈdɛstɹiən/,bằng chân,bộ,
pee,/ˈpi/,sự đi đái,sự đi giải,sự đi tiểu*  nội động từ
peel,/ˈpiɫ/,tháp vuông (ở Ê,,
peep,/ˈpip/,kêu chít chít,kêu chim chiếp (chuột,chim...)*  danh từ
peg,/ˈpɛɡ/,cái chốt,cái ngạc,
penalize,/ˈpɛnəˌɫaɪz/,trừng trị,trừng phạt,
penetrate,/ˈpɛnəˌtɹeɪt/,thâm nhập,lọt vào,nhìn xuyên qua
penguin,/ˈpɛŋɡwən/,chim cụt,,
penicillin,/ˌpɛnəˈsɪɫən/,Pênixilin,,
pentagon,/ˈpɛnɪˌɡɑn/,hình năm cạnh,,
permanence,/ˈpɝmənəns/,cái lâu bền,cái thường xuyên,cái cố định
permeate,/ˈpɝmiˌeɪt/,thấm vào,thấm qua,
perseverance,/ˌpɝsəˈvɪɹəns/,tính kiên nhẫn,tính kiên trì,sự bền gan
persist,/pɝˈsɪst/,kiên gan,bền bỉ,
persistence,/pɝˈsɪstəns/,tính kiên gan,tính bền bỉ,
personification,/pɝˌsɑnəfəˈkeɪʃən/,sự nhân cách hoá,trường hợp nhân cách hoá,
personify,/pɝˈsɑnəˌfaɪ/,nhân cách hoá,nhân hình hoá (tư tưởng,phẩm chất )
perspiration,/ˌpɝspɝˈeɪʃən/,sự đổ mồ hôi,,
persuasion,/pɝˈsweɪʒən/,sự làm cho tin,sự thuyết phục,
pessimist,/ˈpɛsəməst/,kẻ bi quan,kẻ yếm thế,
pessimistic,/ˌpɛsəˈmɪstɪk/,bi quan,yếm thế,
petty,/ˈpɛˌti/,nhỏ mọn,lặt vặt,tầm thường
ph,/ˈpiˈeɪtʃ/,độ pH,,
pharmacist,/ˈfɑɹməsɪst/,dược sĩ,người buôn dược phẩm,
pi,/ˈpaɪ/,Pi,,
pickle,/ˈpɪkəɫ/,nước giầm (như giấm,,
picky,/ˈpɪki/,kiểu cách),,
picturesque,/ˈpɪktʃɝəsk/,đẹp,đẹp như tranh,
pint,/ˈpaɪnt/,Panh (đơn vị đo lường bằng 0,57 lít ở Mỹ),
piracy,/ˈpaɪɹəsi/,nghề cướp biển,nghề ăn cướp,
pirate,/ˈpaɪɹət/,kẻ cướp biển,kẻ cướp,
plague,/ˈpɫeɪɡ/,bệnh dịch,,
playmate,/ˈpɫeɪˌmeɪt/,bạn đồng đội,,
playwright,/ˈpɫeɪˌɹaɪt/,nhà soạn kịch,nhà soạn tuồng hát,
plead,/ˈpɫid/,bào chữa,biện hộ,cãi
pluck,/ˈpɫək/,sự giật,sự kéo,cái giật
plum,/ˈpɫəm/,quả mận,,
plumber,/ˈpɫəmɝ/,thợ hàn chì,,
pointless,/ˈpɔɪntɫəs/,cùn,không nhọn,
polio,/ˈpoʊɫiˌoʊ/,(viết tắt) của poliomyelitis,,
politeness,/pəˈɫaɪtnəs/,sự lễ phép,sự lễ độ,sự lịch sự
polity,/ˈpɑɫəti/,chính thể,tổ chức nhà nước,
polo,/ˈpoʊɫoʊ/,môn pôlô,,
ponder,/ˈpɑndɝ/,+ on,upon,over) suy nghĩ
popularize,/ˈpɑpjəɫɝˌaɪz/,đại chúng hoá,,
posh,/ˈpɑʃ/,chiến,cừ,sang trọng
postpone,/poʊˈspoʊn/,hoãn lại,,
powerfully,/ˈpaʊɝfɫi/,hùng mạnh,hùng cường,có sức mạnh lớn (động cơ )
practicality,/ˌpɹæktɪˈkæɫəti/,vấn đề thực tế,,
prance,/ˈpɹæns/,sự nhảy dựng lên,động tác nhảy dựng lên,
prawn,/ˈpɹɔn/,tôm panđan*  nội động từ,,
predicament,/pɹiˈdɪkəmənt/,mười phạm trù của A,,
predicate,/ˈpɹɛdəˌkeɪt/,vị ngữ,,
predictable,/pɹiˈdɪktəbəɫ/,có thể nói trước,có thể đoán trước,có thể dự đoán
predictive,/pɹiˈdɪktɪv/,nói trước,đoán trước,dự đoán
predictor,/pɹɪˈdɪktɝ/,người nói trước,người đoán trước,nhà tiên tri
prefect,/ˈpɹiˌfɛkt/,quận trưởng,,
preferable,/ˈpɹɛfɝəbəɫ/,đáng thích hơn,đáng ưa hơn,
prehistoric,/ˌpɹihɪˈstɔɹɪk/,tiền s,,
preoccupy,/pɹiˈɑkjəˌpaɪ/,làm bận tâm,làm bận trí,làm lo lắng
prestige,/pɹɛˈstiʒ/,uy tín,thanh thế,
prestigious,/pɝˈstidʒəs/,có uy tín,có thanh thế,đem lại uy tín
priceless,/ˈpɹaɪsɫəs/,vô giá,không định giá được,
prick,/ˈpɹɪk/,sự châm,sự chích,sự chọc
prominence,/ˈpɹɑmənəns/,sự chú ý đặc biệt,sự nổi bật,
proponent,/pɹəˈpoʊnənt/,đề nghị,đề xuất,đề xướng*  danh từ
prosecute,/ˈpɹɑsəkˌjut/,khởi tố,kiện,
prosper,/ˈpɹɑspɝ/,thịnh vượng,phồn vinh,thành công*  ngoại động từ
proudly,/ˈpɹaʊdɫi/,kiêu ngạo,kiêu căng,kiêu hãnh
psychologically,/ˌsaɪkəˈɫɑdʒɪkɫi/,tâm lý,,
publicize,/ˈpəbɫɪˌsaɪz/,đưa ra công khai,làm cho thiên hạ biết đến,
pudding,/ˈpʊdɪŋ/,bánh putđinh,,
pumpkin,/ˈpəmkɪn/,quả bí ngô,quả bí,
punch,/ˈpəntʃ/,cú đấm,cú thoi,cú thụi
punctual,/ˈpəŋktʃuəɫ/,điểm,như một điểm,
punctuality,/ˌpəŋktʃuˈæɫɪti/,tính đúng giờ (không chậm trễ),,
purposeful,/ˈpɝpəsfəɫ/,có mục đích,có ý định,
puzzled,/ˈpəzəɫd/,không hiểu được,lúng túng,bối rối
quantify,/ˈkwɑntɪˌfaɪ/,xác định số lượng,,
quarantine,/ˈkwɔɹənˌtin/,cách ly,giữ để kiểm dịch,
quarrel,/ˈkwɔɹəɫ/,sự câi nhau,sự gây chuyện,sự sinh sự
quarrelsome,/ˈkwɔɹəɫsəm/,hay câi nhau,hay gây gỗ,hay sinh sự
queer,/ˈkwɪɹ/,lạ lùng,kỳ quặc,
quotable,/ˈkwoʊtəbəɫ/,có thể trích dẫn,đáng trích dẫn,
racism,/ˈɹeɪˌsɪzəm/,chủ nghĩa phân biệt chủng tộc,,
racist,/ˈɹeɪsɪst/,người phân biệt chủng tộc,,
rack,/ˈɹæk/,những đám mây trôi giạt,,
radiate,/ˈɹeɪdiˌeɪt/,toả ra,xoè ra*  động từ,
radically,/ˈɹædɪkɫi/,căn bản,tận gốc,hoàn toàn triệt để
radium,/ˈɹeɪdiəm/,Rađi,,
rafter,/ˈɹæftɝ/,raftsman,,
rag,/ˈɹæɡ/,giẻ,giẻ rách,
rainbow,/ˈɹeɪnˌboʊ/,cầu vồng,,
rally,/ˈɹæɫi/,sự tập hợp lại,,
ram,/ˈɹæm/,cừu đực (chưa thiến),,
ramp,/ˈɹæmp/,dốc,bờ dốc,đoạn đường thoai thoải
ranger,/ˈɹeɪndʒɝ/,người hay đi lang thang,,
rash,/ˈɹæʃ/,chứng phát ban*  tính từ,,
rattle,/ˈɹætəɫ/,cái trống lắc,cái lúc lắc (đồ chơi trẻ con),
ravage,/ˈɹævɪdʒ/,sự tàn phá,,
rebel,/ˈɹɛbəɫ/,người nổi loạn,người phiến loạn,
rebellious,/ɹəˈbɛɫjəs/,nổi loạn,phiến loạn,
recipe,/ˈɹɛsəpi/,công thức (bánh,món ăn,thuốc pha chế)
reckon,/ˈɹɛkən/,tính,đếm,
recollect,/ˌɹɛkəˈɫɛkt/,nhớ lại,hồi tưởng lại,
recollection,/ˌɹɛkəˈɫɛkʃən/,sự nhớ lại,sự hồi tưởng lại,ký ức
recruit,/ɹəˈkɹut/,lính mới,,
redo,/ɹiˈdu/,làm lại (cái gì),,
redundant,/ɹɪˈdəndənt/,thừa,dư,
reed,/ˈɹid/,sậy,,
reflective,/ɹɪˈfɫɛktɪv/,phản chiếu (nhất là ánh sáng),,
refrain,/ɹɪˈfɹeɪn/,đoạn điệp*  động từ,,
refresh,/ɹɪˈfɹɛʃ/,làm nhớ lại,nhắc nhớ lại,
refuge,/ˈɹɛfjudʒ/,nơi trốn tránh,nơi ẩn náu,nơi trú ẩn
refugee,/ˈɹɛfjudʒi/,người lánh nạn,người tị nạn,
refute,/ɹɪfˈjut/,bác,bẻ lại,
regrettably,/ɹɪˈɡɹɛtəbɫi/,một cách đáng tiếc,,
rehearsal,/ɹiˈhɝsəɫ/,sự kể lại,sự nhắc lại,
reinforce,/ˌɹiɪnˈfɔɹs/,tăng cường,củng cố,tăng viện
rejoin,/ɹiˈdʒɔɪn/,đáp lại,trả lời lại,cãi lại
relativity,/ˌɹɛɫəˈtɪvəti/,tính tương đối,,
relay,/ˈɹiˌɫeɪ/,ca,kíp (thợ),
relic,/ˈɹɛɫɪk/,thành tích,,
reminder,/ɹiˈmaɪndɝ/,cái nhắc nhở,cái làm nhớ lại (một điều gì),
reorganize,/ɹiˈɔɹɡəˌnaɪz/,tổ chức lại,cải tổ lại,
repaint,/ɹiˈpeɪnt/,sơn lại,,
replica,/ˈɹɛpɫɪkə/,bản sao (của bức tranh,bức tượng),
repress,/ɹiˈpɹɛs/,dẹp,đàn áp,trấn áp
repression,/ɹiˈpɹɛʃən/,sự dẹp,sự đàn áp,sự trấn áp
reprint,/ɹiˈpɹɪnt/,sự in lại,sự tái bản,
resign,/ɹiˈsaɪn/,ký tên lại[ri'zain]*  động từ,,
resonant,/ˈɹɛzənənt/,âm vang,dội tiếng,
respectably,/ɹiˈspɛktəbɫi/,một cách đáng trọng,một cách đáng kính,
respiration,/ˌɹɛspɝˈeɪʃən/,sự thở,sự hô hấp,
resume,/ˈɹɛzəˌmeɪ/,lấy lại,chiếm lại,hồi phục lại
retailer,/ˈɹiˌteɪɫɝ/,người bán lẻ,,
retard,/ɹiˈtɑɹd/,sự chậm trễ,sự đến trễ*  ngoại động từ,
retina,/ˈɹɛtənə/,màng lưới,võng mạc (mắt),
retrieve,/ɹiˈtɹiv/,bù đắp được (sự mất mát,tổn thất),sửa chữa được (lỗi lầm)
revenge,/ɹiˈvɛndʒ/,sự trả thù,hành động trả thù,ý muốn trả thù
reverence,/ˈɹɛvɝəns/,sự tôn kính,lòng sùng kính,lòng kính trọng
revive,/ɹiˈvaɪv/,làm sống lại,làm tỉnh lại,
revolutionize,/ˌɹɛvəˈɫuʃəˌnaɪz/,cách mạng hoá,,
revolve,/ɹiˈvɑɫv/,suy đi xét lại,,
rhinoceros,/ɹaɪˈnɑsɝəs/,con tê giác ((viết tắt) rhino),,
rhyme,/ˈɹaɪm/,văn,,
rhythmic,/ˈɹɪðmɪk/,có nhịp điệu,,
rib,/ˈɹɪb/,xương sườn,,
rider,/ˈɹaɪdɝ/,người đi xe (xe buýt,xe điện,xe lửa...)
ridge,/ˈɹɪdʒ/,chóp,chỏm,ngọn
righteousness,/ˈɹaɪtʃəsnəs/,tính ngay thẳng đạo đức,sự công bằng,
rim,/ˈɹɪm/,vành (bánh xe),,
rip,/ˈɹɪp/,con ngựa còm,con ngựa xấu,
risky,/ˈɹɪski/,liều,mạo hiểm,
rite,/ˈɹaɪt/,lễ,lễ nghi,nghi thức
roam,/ˈɹoʊm/,cuộc đi chơi rong,,
roar,/ˈɹɔɹ/,tiếng gầm,tiếng rống,
roommate,/ˈɹuˌmeɪt/,bạn chung phòng,,
rosy,/ˈɹoʊzi/,hồng,hồng hào,
rub,/ˈɹəb/,sự cọ xát,sự chà xát,
rubble,/ˈɹəbəɫ/,gạch vụn bỏ đi,,
rug,/ˈɹəɡ/,thảm (trải bậc cửa,nền nhà...),
ruinous,/ˈɹuənəs/,đổ nát,,
rusty,/ˈɹəsti/,gỉ,han,
sack,/ˈsæk/,bao tải,,
sag,/ˈsæɡ/,sự lún xuống,sự võng xuống,sự cong xuống
sage,/ˈseɪdʒ/,sage,,
sail,/ˈseɪɫ/,buồm,,
salesmanship,/ˈseɪɫzmənˌʃɪp/,nghệ thuật bán hàng,,
salesperson,/ˈseɪɫzˌpɝsən/,người bán hàng,,
saleswoman,/ˈseɪɫzˌwʊmən/,chị bán hàng,,
salon,/səˈɫɑn/,phòng tiếp khách,,
salty,/ˈsɔɫti/,muối,có muối,mặn
sandstone,/ˈsænˌstoʊn/,đá cát kết,sa thạch,
scandal,/ˈskændəɫ/,sự gièm pha,sự nói xấu,sự nói sau lưng
scar,/ˈskɑɹ/,scaur,,
scarlet,/ˈskɑɹɫət/,đỏ tươi*  danh từ,,
scent,/ˈsɛnt/,mùi,mùi thơm,hương thơm
schoolgirl,/ˈskuɫˌɡɝɫ/,học sinh gái,nữ sinh,
scientifically,/ˌsaɪənˈtɪfɪkəɫi/,khoa học,có tính khoa học,
scramble,/ˈskɹæmbəɫ/,sự bò,sự toài,
scribble,/ˈskɹɪbəɫ/,tác phẩm văm học viết xoàng,bài báo xoàng*  động từ,
scrooge,/ˈskɹudʒ/,người bần tiện,người bủn xỉn,
scuba,/ˈskubə/,bình khí ép (của thợ lặn),,
scythe,/ˈsaɪθ/,cái hái hớt cỏ,cái phồ*  ngoại động từ,
seesaw,/ˈsiˌsɔ/,trò chơi bập bênh,,
self-confidence,/ˌsɛɫfˈkɑnfədəns/,sự tự tin,lòng tự tin,
self-confident,/ˌsɛɫfˈkɑnfədənt/,tự tin,,
selfless,/ˈsɛɫfɫəs/,không ích kỷ,quên mình,vị tha
seminar,/ˈsɛməˌnɑɹ/,Xêmina,hội nghị chuyên đề,
serene,/sɝˈin/,trong,sáng sủa,quang tạnh (trời)
sexy,/ˈsɛksi/,khiêu dâm,gợi tình,
shabby,/ˈʃæbi/,mòn,sờn,hư
shaken,/ˈʃeɪkən/,sự rung,sự lắc,sự giũ
shakespearean,/ˌʃeɪkˈspɪɹiən/,Sếch,,
shaky,/ˈʃeɪki/,run,yếu,
shatter,/ˈʃætɝ/,làm vỡ,làm gãy,
shipwreck,/ˈʃɪpɹɛk/,nạn đắm tàu,,
shopkeeper,/ˈʃɑpˌkipɝ/,người chủ hiệu,,
shoplifter,/ˈʃɑˌpɫɪftɝ/,kẻ cắp giả làm khách mua hàng,,
shortness,/ˈʃɔɹtnəs/,sự ngắn gọn,,
short-term,/ˌʃɔɹtˈtɝm/,ngắn kỳ (tiền cho vay...),,
shrink,/ˈʃɹɪŋk/,co lại,rút lại,ngắn lại
shrug,/ˈʃɹəɡ/,nhún vai,,
signify,/ˈsɪɡnəˌfaɪ/,biểu thị,biểu hiện,báo hiệu
silverware,/ˈsɪɫvɝˌwɛɹ/,đồ làm bằng bạc,,
simplification,/ˌsɪmpɫəfɪˈkeɪʃən/,sự đơn giản hoá,,
sister-in-law,/ˈsɪstɝɪnˌɫɔ/,in,,
skateboard,/ˈskeɪtˌbɔɹd/,ván trượt (hẹp,dài khoảng 50 cm,có gắn bánh xe trượt)
skim,/ˈskɪm/,hớt bọt,hớt váng,
skip,/ˈskɪp/,đội trưởng,thủ quân,
skylark,/ˈskaɪˌɫɑɹk/,chim chiền chiện*  nội động từ,,
skyward,/ˈskaɪwɝd/,lên trời,về phía bầu trời,hướng lên
slam,/ˈsɫæm/,tiếng cửa đóng sầm,,
slang,/ˈsɫæŋ/,tiếng lóng,,
slap,/ˈsɫæp/,cái vỗ,cái đập (bằng bàn tay),
slash,/ˈsɫæʃ/,vết chém,vết rạch,vết cắt
sliver,/ˈsɫɪvɝ/,miếng,mảnh (gỗ),
sloppy,/ˈsɫɑpi/,ướt át,lõng bõng,đầy nước
smash,/ˈsmæʃ/,sự vỡ ra từng mảnh,sự đập vỡ ra từng mảnh,tiếng vỡ xoảng
snap,/ˈsnæp/,sự cắn (chó),sự táp,sự đớp
sneak,/ˈsnik/,(từ lóng) đứa hớt lẻo,đức mách lẻo,
sneer,/ˈsnɪɹ/,cười khinh bỉ,cười chế nhạo,
sniff,/ˈsnɪf/,sự hít,tiếng hít vào,
snore,/ˈsnɔɹ/,tiếng ngáy*  động từ,,
snowball,/ˈsnoʊˌbɔɫ/,hòn tuyết,nắm tuyết (để ném nhau),
soak,/ˈsoʊk/,sự ngâm,sự thấm nước,sự nhúng nước
soaked,/ˈsoʊkt/,hoàn toàn ướt,ướt đẫm,
soaking,/ˈsoʊkɪŋ/,rất ướt,ướt đẫm như* danh từ,
soar,/ˈsɔɹ/,sự bay vút lên,,
sob,/ˈsɑb/,sự khóc thổn thức,,
so-called,/ˈsoʊˈkɔɫd/,cái gọi là,,
sociable,/ˈsoʊʃəbəɫ/,dễ gần,dễ chan hoà,
socialize,/ˈsoʊʃəˌɫaɪz/,xã hội hoá,,
softness,/ˈsɔfnəs/,tính mềm dẻo,,
solidity,/səˈɫɪdəti/,sự vững chắc,sự rắn chắc,sự kiên cố
soliloquy,/səˈɫɪɫəkwi/,câu nói một mình,,
solo,/ˈsoʊˌɫoʊ/,lối chơi bài xôlô,,
son-in-law,/ˈsənɪnˌɫɔ/,in,,
sonnet,/ˈsɑnɪt/,bài thơ xonê,bài thơ 14 câu,
southward,/ˈsaʊθwɝd/,hướng nam*  tính từ & phó từ,,
spa,/ˈspɑ/,suối khoáng,,
sparkling,/ˈspɑɹkəɫɪŋ/,lấp lánh,lóng lánh,
sparrow,/ˈspɛɹoʊ/,chim sẻ,,
spectacle,/ˈspɛktəkəɫ/,cảnh tượng,quang cảnh,
speeder,/ˈspidɝ/,bộ điều tốc,,
spellbound,/ˈspɛɫˌbaʊnd/,mê,say mê,
spite,/ˈspaɪt/,sự giận,sự không bằng lòng,
splatter,/ˈspɫætɝ/,kêu lộp độp,,
spokesman,/ˈspoʊksmən/,người phát ngôn,,
spokeswoman,/ˈspoʊkˌswʊmən/,nữ phát ngôn,,
spreadsheet,/ˈspɹɛdˌʃit/,bảng tính (trong máy tính),,
sprint,/ˈspɹɪnt/,sự chạy nhanh,sự chạy nước rút,nước rút*  động từ
spur,/ˈspɝ/,đinh thúc ngựa,,
squad,/ˈskwɑd/,tổ,đội,
squash,/ˈskwɑʃ/,quả bí,,
squeeze,/ˈskwiz/,sự ép,sự vắt,sự siết
stab,/ˈstæb/,điều làm cho đau lòng,điều xúc phạm đến tình cảm,
stack,/ˈstæk/,cây rơm,đụn rơm,
stagger,/ˈstæɡɝ/,sự lảo đảo,bước đi loạng choạng,
stain,/ˈsteɪn/,sự biến màu,vết bẩn,
stammer,/ˈstæmɝ/,sự nói lắp,,
standby,/ˈstændˈbaɪ/,số nhiều standbys,,
standstill,/ˈstændˌstɪɫ/,sự ngừng lại,sự đứng lại,
stanza,/ˈstænzə/,đoạn thơ,khổ thơ,
startle,/ˈstɑɹtəɫ/,sự giật mình,cái giật mình,
starvation,/stɑɹˈveɪʃən/,sự đói,sự thiếu ăn,
starve,/ˈstɑɹv/,chết đói,,
statesman,/ˈsteɪtsmən/,chính khách,,
statewide,/ˈsteɪtˌwaɪd/,khắp nước,,
steely,/ˈstiɫi/,làm bằng thép,,
steer,/ˈstɪɹ/,lái (tàu thuỷ,ô tô),
stepfather,/ˈstɛpˌfɑðɝ/,bố dượng,,
stepmother,/ˈstɛpˌməðɝ/,người mẹ cay nghiệt,người mẹ ghẻ lạnh,
stereotype,/ˈstɛɹiəˌtaɪp/,bản in đúc,,
stern,/ˈstɝn/,nghiêm nghị,nghiêm khắc,
stew,/ˈstu/,nhà thổ ((thường) the stews),,
stimulant,/ˈstɪmjəɫənt/,kích thích*  danh từ,,
stingy,/ˈstɪndʒi/,keo kiệt,bủn xỉn,
stink,/ˈstɪŋk/,mùi hôi thối,,
stitch,/ˈstɪtʃ/,mẫu khâu,mũi đan,mũi thêu
stockpile,/ˈstɑkˌpaɪɫ/,kho dữ trữ*  ngoại động từ,,
stool,/ˈstuɫ/,ghế đẩu,,
straighten,/ˈstɹeɪtən/,làm cho thẳng,,
straightforward,/ˈstɹeɪtˈfɔɹwɝd/,thành thật,thẳng thắn,cởi mở
strait,/ˈstɹeɪt/,hẹp,chật hẹp,
strand,/ˈstɹænd/,(văn học) bờ (biển,sông,hồ)*  ngoại động từ
strangle,/ˈstɹæŋɡəɫ/,bóp cổ,bóp họng,
stride,/ˈstɹaɪd/,bước dài,,
strive,/ˈstɹaɪv/,cố gắng,phấn đấu,
stubbornly,/ˈstəbɝnɫi/,bướng bỉnh,ương ngạnh,ngoan cố
stylist,/ˈstaɪɫɪst/,người viết chú ý về văn phong,người chú trọng văn phong,
subcontinent,/səbˈkɑntɪnənt/,lục địa nhỏ,,
subplot,/ˈsəbpɫɑt/,âm mưu phụ (trong kịch),,
subside,/səbˈsaɪd/,rút xuống,rút bớt (nước lụt...),
subtitle,/ˈsəbˌtaɪtəɫ/,tiểu đề,,
subtract,/səbˈtɹækt/,trừ,,
suburb,/ˈsəbɝb/,ngoại ô,,
suck,/ˈsək/,sự mút,sự bú,sự hút
sue,/ˈsu/,kiện,,
suitably,/ˈsutəbɫi/,hợp,phù hợp,thích hợp với
sunbeam,/ˈsənˌbim/,tia nắng,,
superb,/sʊˈpɝb/,nguy nga,tráng lệ,oai hùng
supernatural,/ˌsupɝˈnætʃɝəɫ/,siêu tự nhiên,,
supervise,/ˈsupɝˌvaɪz/,giám sát,,
suppress,/səˈpɹɛs/,chặn (bệnh),triệt (tiếng ồn),
surge,/ˈsɝdʒ/,sóng,sóng cồn,
suspend,/səˈspɛnd/,treo lơ lửng,,
suspiciously,/səˈspɪʃəsɫi/,có sự nghi ngờ,tỏ ra có sự nghi ngờ,
swan,/ˈswɑn/,con thiên nga,,
sweep,/ˈswip/,sự quét,,
swift,/ˈswɪft/,mau,nhanh,
swing,/ˈswɪŋ/,sự đua đưa,sự lúc lắc,độ đu đưa
syllable,/ˈsɪɫəbəɫ/,âm tiết,,
sympathize,/ˈsɪmpəˌθaɪz/,có thiện cảm,tỏ cảm tình (với ai),
synonym,/ˈsɪnəˌnɪm/,từ đồng nghĩa,,
tabloid,/ˈtæbɫɔɪd/,viên thuốc,,
tack,/ˈtæk/,đồ ăn,,
tackle,/ˈtækəɫ/,đồ dùng,dụng cụ,
tactile,/ˈtækˌtaɪɫ/,xúc giác,,
tag,/ˈtæɡ/,sắt bịt đầu (dây giày...),,
tame,/ˈteɪm/,đã thuần hoá,đã dạy thuần,
tan,/ˈtæn/,vỏ dà,vỏ thuộc da,
tatter,/ˈtætɝ/,miếng,mảnh (vải,giấy)
tattoo,/ˌtæˈtu/,hiệu trống tập trung buổi tối,,
taunt,/ˈtɔnt/,rất cao (cột buồm)*  danh từ,,
technically,/ˈtɛknɪkəɫi/,một cách nghiêm túc,,
telescope,/ˈtɛɫəˌskoʊp/,kính thiên văn*  nội động từ,,
temperate,/ˈtɛmpɝət/,có chừng mực,vừa phải,điều độ
tender,/ˈtɛndɝ/,mềm,,
tenderly,/ˈtɛndɝɫi/,mềm,dễ nhai,không dai (thịt)
tenderness,/ˈtɛndɝnəs/,tính chất mềm (của thịt...),,
theorist,/ˈθiɝɪst/,nhà lý luận,,
thermometer,/θɝˈmɑmətɝ/,cái đo nhiệt,nhiệt biểu,
thigh,/ˈθaɪ/,bắp đùi,bắp vế,
thinker,/ˈθɪŋkɝ/,người suy nghĩ,,
thirdly,/ˈθɝdɫi/,ba là,,
thoughtful,/ˈθɔtfəɫ/,ngẫm nghĩ,trầm tư,tư lự
thoughtless,/ˈθɔtɫəs/,không suy nghĩ,vô tư lự,
threaten,/ˈθɹɛtən/,doạ,đe doạ,
thrill,/ˈθɹɪɫ/,sự run,tiếng run (của tim,phổi)
thrilling,/ˈθɹɪɫɪŋ/,làm rùng mình,cảm động,xúc động
tickle,/ˈtɪkəɫ/,sự cù,sự làm cho buồn buồn,
timeless,/ˈtaɪmɫəs/,vô tận,,
timeliness,/ˈtaɪmɫinəs/,tính chất đúng lúc,tính chất hợp thời,
tiptoe,/ˈtɪpˌtoʊ/,đầu ngón chân,,
tiredness,/ˈtaɪɝdnɪs/,sự mệt nhọc,sự mệt mỏi,
tiresome,/ˈtaɪɝsəm/,mệt nhọc,làm mệt,
toenail,/ˈtoʊˌneɪɫ/,móng chân (người),,
toil,/ˈtɔɪɫ/,làm việc khó nhọc,làm việc vất vả,làm việc cực nhọc
tolerant,/ˈtɑɫɝənt/,khoan dung,hay tha thứ,
tolerate,/ˈtɑɫɝˌeɪt/,tha thứ,khoan thứ,
toll,/ˈtoʊɫ/,lấy đi mất một phần lớn,tiêu diệt mất một phần lớn,
tomb,/ˈtum/,mồ,mộ,mả
torch,/ˈtɔɹtʃ/,đèn,,
torture,/ˈtɔɹtʃɝ/,sự tra tấn,sự tra khảo,
trader,/ˈtɹeɪdɝ/,nhà buôn,thương gia,
trainee,/ˈtɹeɪˈni/,thực tập sinh,,
trainer,/ˈtɹeɪnɝ/,người dạy (súc vật),,
trait,/ˈtɹeɪt/,nét,điểm,
traitor,/ˈtɹeɪtɝ/,kẻ phản bội,,
tramp,/ˈtɹæmp/,tiếng đi nặng nề,,
trample,/ˈtɹæmpəɫ/,sự giậm (chân),tiếng giậm (chân),
transfusion,/tɹænsˈfjuʒən/,sự rót sang,sự đổ sang,
transistor,/tɹænˈzɪstɝ/,Tranzito,bóng bán dẫn,
translator,/tɹænˈsɫeɪtɝ/,người dịch,,
traverse,/ˈtɹævɝs/,sự đi ngang qua,,
tray,/ˈtɹeɪ/,khay,mâm,
tread,/ˈtɹɛd/,bước đi,cách đi,dáng đi
trek,/ˈtɹɛk/,đoạn đường (đi bằng xe bò),,
tremendously,/tɹəˈmɛndəsɫi/,ghê gớm,kinh khủng,khủng khiếp
tremor,/ˈtɹɛmɝ/,sự run,,
tricky,/ˈtɹɪki/,xảo quyệt,lắm thủ đoạn,mưu mẹo
trio,/ˈtɹiˌoʊ/,bộ ba,,
trivial,/ˈtɹɪviəɫ/,không có tài cán gì,tầm thường,vô giá trị (người)
trolley,/ˈtɹɑɫi/,xe hai bánh đẩy tay,,
troop,/ˈtɹup/,đoàn,lũ,đàn
trophy,/ˈtɹoʊfi/,đồ trần thiết ở tường,,
tropic,/ˈtɹɑpɪk/,chí tuyến,,
troublesome,/ˈtɹəbəɫsəm/,quấy rầy,khó chịu,
trusty,/ˈtɹəsti/,đáng tin cậy*  danh từ,,
truthful,/ˈtɹuθfəɫ/,thực,đúng sự thực,
truthfulness,/ˈtɹuθfəɫnəs/,tính đúng đắn,tính đúng sự thực,
tub,/ˈtəb/,chậu,bồn,
tug,/ˈtəɡ/,sự kéo mạnh,sự giật mạnh,
tulip,/ˈtuɫəp/,cây uất kim hương,,
turbulent,/ˈtɝbjəɫənt/,hỗn loạn,náo động,
tutor,/ˈtutɝ/,gia sư,thầy giáo kèm riêng,
twinkle,/ˈtwɪŋkəɫ/,sự lấp lánh,ánh sáng lấp lánh,
typhoid,/ˈtaɪfɔɪd/,(thuộc) bệnh thương hàn,,
tyranny,/ˈtɪɹəni/,sự bạo ngược,sự chuyên chế,
tyrant,/ˈtaɪɹənt/,bạo chúa,kẻo bạo ngược,
unacceptable,/ˌənækˈsɛptəbəɫ/,không thể nhận,không chấp nhận được,
unashamedly,/ˌənəˈʃeɪmədɫi/,không xấu hổ,không hổ thẹn,không ngượng
unattractive,/ˌənəˈtɹæktɪv/,ít hấp dẫn,không lôi cuốn,không quyến rũ
unauthorized,/əˈnɔθɝˌaɪzd/,không được phép,trái phép,
unavailable,/ˌənəˈveɪɫəbəɫ/,không sẵn sàng để dùng,không dùng được,
unaware,/ˌənəˈwɛɹ/,không biết,không hay,
unbearable,/ənˈbɛɹəbəɫ/,không thể chịu nổi,,
unbeatable,/ˌənˈbitəbəɫ/,không thể thắng nổi,không thể đánh bại được,
uncharacteristic,/ˌənˌkɛɹɪktɝˈɪstɪk/,không đặc biệt,không điển hình,
uncomfortably,/ənˈkəmftəbɫi/,không dễ chịu,không thoải mái,
unconcerned,/ˌənkənˈsɝnd/,lãnh đạm,vô tình,hờ hững
underestimate,/ˈəndɝˈɛstəˌmeɪt/,đánh giá thấp,,
undersea,/ˌəndɝˈsi/,ʌndə'si:z/,,
understandable,/ˌəndɝˈstændəbəɫ/,có thể hiểu được,,
underwear,/ˈəndɝˌwɛɹ/,quần áo trong,quần áo lót,
undressed,/ənˈdɹɛst/,đã cởi quần áo,đã lột áo quần,
uneasily,/əˈnizəɫi/,không dễ dàng,khó khăn,
unenthusiastic,/ənɪnˌθuziˈæstɪk/,không hăng hái,không nhiệt tình,
uneven,/əˈnivən/,không phẳng,gồ ghề,gập ghềnh (đường
unfamiliar,/ˌənfəˈmɪɫjɝ/,không quen,không biết,lạ
unfashionable,/ənˈfæʃənəbəɫ/,không đúng mốt,không hợp thời trang,
unforeseen,/ˌənfɔɹˈsin/,không biết trước,không dự kiến,bất ngờ
ungodly,/ənˈɡɔdɫi/,không tôn giáo,không tín ngưỡng,
unhappiness,/ənˈhæpinɪs/,tình trạng khổ sở,tình trạng khốn khó,
unimaginable,/ˌənɪˈmædʒɪnəbəɫ/,không thể tưởng tượng được,kỳ quái,phi thường
unjustly,/ənˈdʒəstɫi/,không công bằng,bất công,không xứng đáng
unkind,/ənˈkaɪnd/,không tử tế,không tốt,
unload,/ənˈɫoʊd/,cất gánh nặng,dỡ hàng,
unlock,/ənˈɫɑk/,mở,mở khoá,
unmistakable,/ˌənmɪˈsteɪkəbəɫ/,không thể lầm lẫn được,không thể hiểu lầm được,rõ ràng
unnatural,/ənˈnætʃɝəɫ/,trái với thiên nhiên,,
unofficial,/ˌənəˈfɪʃəɫ/,không chính thức,không được chính thức xác minh,
unpopular,/ˌənˈpɑpjəɫɝ/,không có tính chất quần chúng,,
unrealistic,/ənˌɹiˈɫɪstɪk/,không chân thật,phi hiện thực,
unrest,/ənˈɹɛst/,tình trạng không yên ổn,tình trạng náo động,
unsafe,/ənˈseɪf/,không an toàn,không chắc chắn,nguy hiểm
unstoppable,/ənˈstɑpəbəɫ/,<thgt> không thể chặn lại,không thể ngăn ngừa được,
unsuitable,/ənˈsutəbəɫ/,không phù hợp,không thích hợp,
unsure,/ənˈʃʊɹ/,không chắc chắn,,
untie,/ənˈtaɪ/,cởi dây,tháo dây,cởi nút
unto,/ˈəntu/,(th ca) (xem) to,,
untreated,/ənˈtɹitɪd/,chưa gia công,,
unwise,/ənˈwaɪz/,không khôn ngoan,khờ,dại dột
upbringing,/ˈəpˌbɹɪŋɪŋ/,sự giáo dục,sự dạy dỗ (trẻ con),
upgrade,/ˈəpˈɡɹeɪd/,đưa lên cấp bậc cao hn,nâng cấp,
upright,/ˈəˌpɹaɪt/,đứng thẳng,đứng,thẳng đứng
usher,/ˈəʃɝ/,rạp chiếu bóng),,
utter,/ˈətɝ/,hoàn toàn,,
vanish,/ˈvænɪʃ/,triệt tiêu,biến mất*  danh từ,
vanity,/ˈvænəti/,tính hư ảo,cái hư ảo,
venue,/ˈvɛnju/,nơi lập toà xử án,,
verbally,/vɝˈbæɫi/,bằng miệng,bằng lời nói,
verse,/ˈvɝs/,câu thơ,,
versus,/ˈvɝsəs/,chống,chống lại,đấu với
veteran,/ˈvɛtɝən/,người kỳ cựu,,
vibrate,/ˈvaɪbɹeɪt/,rung,rung động,
viewer,/ˈvjuɝ/,người xem,,
vigor,/ˈvɪɡɝ/,(như) vigour,,
vigorously,/ˈvɪɡɝəsɫi/,sôi nổi,mãnh liệt,mạnh mẽ
villa,/ˈvɪɫə/,biệt thự,biệt thự ở ngoại ô,
villager,/ˈvɪɫɪdʒɝ/,dân làng,dân nông thôn,
vinegar,/ˈvɪnəɡɝ/,giấm,,
visibly,/ˈvɪzəbɫi/,rõ ràng,rõ rệt,hiển nhiên
vocalist,/ˈvoʊkəɫɪst/,người hát,,
vomit,/ˈvɑmət/,chất nôn mửa ra,,
voter,/ˈvoʊtɝ/,người bỏ phiếu,người bầu cử,
vow,/ˈvaʊ/,lời thề,lời nguyền,
wallboard,/ˈwɔɫˌbɔɹd/,ván lát tường,,
walnut,/ˈwɔɫˌnət/,quả óc chó,,
warship,/ˈwɔɹˌʃɪp/,tàu chiến,,
wasp,/ˈwɑsp/,ong bắp cày,,
waterproof,/ˈwɔtɝˌpɹuf/,không thấm nước*  danh từ,,
weaken,/ˈwikən/,làm yếu đi,làm nhụt*  nội động từ,
weakly,/ˈwikɫi/,yếu,yếu ớt,ốm yếu*  phó từ
wearisome,/ˈwɪɹisəm/,mệt,mệt nhọc,làm mệt
weary,/ˈwɪɹi/,mệt,mệt mỏi,rã rời
weave,/ˈwiv/,kiểu,dệt*  ngoại động từ wove,woven
wed,/ˈwɛd/,g chồng,cưới vợ cho,kết hôn với
whereas,/hwɛˈɹæz/,nhưng trái lại,trong khi mà,còn
whip,/ˈhwɪp/,roi,roi da,
whiskey,/ˈhwɪski/,rượu uytky,,
widen,/ˈwaɪdən/,làm cho rộng ra,nới rộng ra,mở rộng
willingly,/ˈwɪɫɪŋɫi/,sẵn lòng,vui lòng,
windshield,/ˈwɪndˌʃiɫd/,<Mỹ> kính chắn gió xe hơi,,
wink,/ˈwɪŋk/,sự nháy mắt,,
wipe,/ˈwaɪp/,sự lau,sự chùi,
wit,/ˈwɪt/,trí,trí thông minh,trí sáng suốt
witty,/ˈwɪti/,dí dỏm,tế nhị,
wondrous,/ˈwəndɹəs/,(văn học) kỳ lạ,phi thường,kỳ diệu
workman,/ˈwɝkmən/,công nhân,người thợ,
worldly,/ˈwɝɫdɫi/,trên thế gian,(thuộc) thế gian,
worm,/ˈwɝm/,giun,sâu,trùng
worrying,/ˈwɝiɪŋ/,gây ra lo lắng cho ai,gây lo nghĩ,
worsen,/ˈwɝsən/,làm cho xấu hơn,làm cho tồi hơn,làm cho tệ hơn
worthless,/ˈwɝθɫəs/,không có giá trị,vô dụng,không ra gì
wreck,/ˈɹɛk/,sự phá hỏng,sự tàn phá,sự phá hoại
wrongly,/ˈɹɔŋɫi/,không đúng,sai,sai lầm
x-ray,/ˈɛksˌɹeɪ/,tia X,tia Rơngen,
yacht,/ˈjɑt/,đi chơi bằng thuyền buồm,,
yawn,/ˈjɔn/,ngáp (người),,
yearn,/ˈjɝn/,mong mỏi,ao ước,khao khát
youthful,/ˈjuθfəɫ/,trẻ,trẻ tuổi,
yummy,/ˈjəmi/,(thông tục) ngon tuyệt,,
zebra,/ˈzibɹə/,ngựa vằn,,
zip,/ˈzɪp/,tiếng rít (của đạn bay),tiếng xé vải,
zoom,/ˈzum/,sự làm cho bay vọt lên,sự bay vọt lên*  nội động từ,
