word,pronunciation,meaning1,meaning2,meaning3
aggregate,/ˈæɡrɪɡət/,tổng hợp,tổng số,gộp lại
ambiguity,/ˌæmbɪˈɡjuːəti/,sự mơ hồ,sự không rõ ràng,tính đa nghĩa
arbitrary,/ˈɑːrbɪtreri/,tùy tiện,độc đoán,ngẫu hứng
coherent,/koʊˈhɪərənt/,mạch lạc,nhất quán,có logic
compelling,/kəmˈpelɪŋ/,thuyết phục,hấp dẫn,khó cưỡng lại
comprehensive,/ˌkɒmprɪˈhensɪv/,toàn diện,bao quát,đầy đủ
contemplate,/ˈkɒntəmpleɪt/,suy ngẫm,cân nhắc,trầm tư
discrepancy,/dɪˈskrepənsi/,sự khác biệt,sự mâu thuẫn,sự chênh lệch
distinguish,/dɪˈstɪŋɡwɪʃ/,phân biệt,phân định,nhận biết khác nhau
elaborate,/ɪˈlæbəreɪt/,trình bày chi tiết,diễn giải kỹ,làm rõ thêm
empirical,/ɪmˈpɪrɪkl/,thực nghiệm,dựa trên bằng chứng,thực chứng
explicit,/ɪkˈsplɪsɪt/,rõ ràng,minh bạch,tường minh
implicit,/ɪmˈplɪsɪt/,ngầm hiểu,hàm ý,ẩn ý
inherent,/ɪnˈhɪərənt/,vốn có,cố hữu,bẩm sinh
innovative,/ˈɪnəveɪtɪv/,sáng tạo,đổi mới,cách tân
integral,/ˈɪntɪɡrəl/,thiết yếu,không thể tách rời,cấu thành
intrinsic,/ɪnˈtrɪnsɪk/,vốn có,nội tại,bản chất
notion,/ˈnoʊʃn/,khái niệm,quan niệm,ý niệm
paradox,/ˈpærədɒks/,nghịch lý,điều mâu thuẫn,sự trái ngược
plausible,/ˈplɔːzəbl/,hợp lý,có vẻ đúng,đáng tin
presumably,/prɪˈzuːməbli/,có lẽ,giả sử là,chắc là
rigorous,/ˈrɪɡərəs/,nghiêm ngặt,chặt chẽ,khắt khe
scrutinize,/ˈskruːtənaɪz/,xem xét kỹ lưỡng,soi xét,rà soát
skeptical,/ˈskeptɪkl/,hoài nghi,nghi ngờ,không tin ngay
subsequent,/ˈsʌbsɪkwənt/,tiếp theo,sau đó,kế tiếp
substantial,/səbˈstænʃl/,đáng kể,to lớn,quan trọng
underlying,/ˌʌndərˈlaɪɪŋ/,tiềm ẩn,cơ bản,sâu xa
unprecedented,/ʌnˈpresɪdentɪd/,chưa từng có,chưa có tiền lệ,chưa từng xảy ra
viable,/ˈvaɪəbl/,khả thi,có thể thực hiện,khả dụng
volatile,/ˈvɒlətaɪl/,biến động,dễ thay đổi,bất ổn
premises,,"ngôi nhà hoặc các toà nhà khác có nhà phụ, đất đai...; cơ ngơi",business premises,cơ ngơi kinh doanh
isolated,'aisəleitid,cô lập,(y học) cách ly,(điện học) cách
disposed,,sẵn sàng,có khuynh hướng tình cảm,
compelled,,"bị ép buộc, bị cưỡng bách",,
polymer,'pɔlimə,"(hoá học) chất trùng hợp,  polime",,
dwelling,'dweliɳ,"sự ở, sự ngụ ở; chỗ ở, nhà ở","sự dừng lại (ở...), sự chăm chú (vào...); sự nhấn lâu (vào...), sự day đi day lại (một vấn đề gì...)",sự đứng chững lại (trước khi vượt rào) (ngựa...)
welding,'weldi,sự hàn; kỹ thuật hàn,,
diminished,di'miniʃt,"bị bớt đi, được giảm đi; được giảm bớt; được thu nhỏ",che giấu cái quyền hành đã bị giảm bớt; xấu hổ,(âm nhạc) khoảng năm phút
seizure,'si:ʤə,"sự chiếm lấy, sự chiếm đoạt, sự cướp lấy, sự nắm lấy","sự tóm, sự bắt",sự kẹt (máy)
probate,probate,(pháp lý) sự nhận thực một di chúc,bản sao di chúc có chứng thực,thuế di sản
canvas,'kænvəs,vải bạt,lều; buồm (làm bằng vải bạt),vải căng để vẽ; bức vẽ
chromosome,'krouməsoum,"(sinh vật học) nhiễm thể, thể nhiễm sắc",,
humidity,hju:'miditi,sự ẩm ướt,độ ẩm,
ammunition,",æmju'niʃn",đạn dược,(thuộc) đạn dược,"(nghĩa bóng) lý lẽ, sự kiện (để công kích hay bào chữa)"
spectral,'spektrəl,(thuộc) bóng ma; như bóng ma,(vật lý) (thuộc) quang phổ,
automation,",ɔ:tə'meiʃn",sự tự động hoá; kỹ thuật tự động,,
instructional,in'strʌkʃənl,(thuộc) sự dạy,"(thuộc) kiến thức truyền cho; có tính chất tin tức cung cấp cho, có tính chất là tài liệu cung cấp cho","có tính chất chỉ thị, có tính chất là lời hướng dẫn"
demographic,",di:mə'græfik",(thuộc) nhân khẩu học,,
permissible,pə'misəbl,"cho phép được, chấp nhận được, dung được",,
heir,eə,"người thừa kế, người thừa tự",(nghĩa bóng) người thừa hưởng; người kế tục (sự nghiệp),
ted,ted,"giũ, trở (cỏ, để phơi khô)",,
plateau,'plætou,cao nguyên,đoạn bằng (của đô thị),"khay có trang trí, đĩa có trang trí"
seventeenth,'sevn'ti:nθ,thứ mười bảy,một phần mười bảy,người thứ mười bảy; vật thứ mười bảy; ngày mười bảy
uptake,' pteik,trí thông minh; sự hiểu,(kỹ thuật) ống thông hi,
trademark,,<vt>  TM nhãn hiệu đăng ký,đặc điểm phân biệt,
inappropriate,",inə'proupriit","không thích hợp, không thích đáng",,
facial,'feiʃəl,(thuộc) mặt,sự xoa bóp mặt,
esteem,is'ti:m,"sự kính mến, sự quý trọng","kính mến, quý trọng","coi là, cho là"
historically,,"về mặt lịch sử, về phương diện lịch sử",,
comprise,kəm'praiz,"gồm có, bao gồm",,
dispose,dis'pouz,"sắp đặt, sắp xếp, bó trí","làm cho có ý định, làm cho có khuynh hướng, làm cho có tâm trạng, làm cho có ý muốn",quyết định
irrelevant,i'relivənt,không thích đáng; không thích hợp,,
seismic,'saizməl,"(thuộc) động đất, (thuộc) địa chấn",,
satisfactorily,,một cách hài lòng,,
moist,mɔist,"ẩm; ẩm ướt, ướt lấp nhấp",(y học) chẩy m,
militia,mi'liʃə,dân quân,,
dosage,'dousidʤ,sự cho liều lượng (thuốc uống),liều lượng,
mistress,'mistris,bà chủ nhà,bà chủ (người đàn bà có quyền kiểm soát hoặc định đoạt),người đàn bà am hiểu (một vấn đề)
kinetic,kai'netik,(thuộc) động lực; do động lực,(thuộc) động lực học,
auction,'ɔ:kʃn,sự bán đấu giá,,
robust,rə'bʌst,"khoẻ mạnh, tráng kiện, cường tráng",làm mạnh khoẻ; đòi hỏi sức mạnh,"ngay thẳng, thiết thực (trí óc...)"
archaeology,",ɑ:ki'ɔlədʤi",khảo cổ học,,
semantic,si'mæntik,(thuộc) ngữ nghĩa học,,
autonomous,ɔ:'tɔnəməs,tự trị,,
scrap,skræp,"mảnh nhỏ, mảnh rời","(số nhiều) đầu thừa đuôi thẹo, mấu thừa","đoạn cắt, ảnh cắt (cắt ở báo để đóng thành tập)"
adaptive,,(Tech) mang tính thích nghi,,
pledge,pledʤ,"của đợ, của tin, của thế nợ, vật cầm cố; sự cầm cố, tình trạng bị cầm cố","vật bảo đảm, việc bảo đảm, bằng chứng; (nghĩa bóng) đứa con (vật bảo đảm cho tình yêu của đôi vợ chồng)","sự chuộc rượu mừng, sự nâng cốc mừng sức khoẻ"
prevalent,'prevələnt,"thường thấy, thịnh hành, đang lưu hành",,
paradigm,'pærədaim,mẫu,(ngôn ngữ học) hệ biến hoá,
fertile,'fə:tail,"tốt, màu mỡ (đất)",có khả năng sinh sản,
tensile,'tensail,"căng dãn ra, có thể căng dãn ra",,
zero,'ziərou,"(toán học); (vật lý) zêrô, số không",độ cao zêrô (máy bay),"trạng thái không, trạng thái hết hoàn toàn, trạng thái hết sạch; điểm thấp nhất"
terrain,'terein,"(quân sự),  (địa lý,địa chất) địa thế, địa hình địa vật",,
cult,kʌlt,"sự thờ cúng, sự cúng bái","sự tôn sùng, sự tôn kính, sự sùng bái; sự sính","(từ Mỹ,nghĩa Mỹ) giáo phái"
verify,'verifai,"thẩm tra, kiểm lại","xác minh (lời nói, sự kiện)","thực hiện (lời tiên đoán, lời hứa...)"
tangible,'tændʤəbl,"có thể sờ mó được, hữu hình","đích xác, xác thực, hiển nhiên, rõ ràng, không thể nghi ngờ được",
segregation,",segri'geiʃn","sự tách riêng, sự chia tách, sự phân ly, sự phân biệt",(số nhiều) sự phân ly,
intestinal,in'testinl,(thuộc) ruột; giống ruột,trong ruột,
cedar,'si:də,(thực vật học) cây tuyết tùng,,
dominance,'dɔminəns,"thế hơn, thế trội hơn, ưu thế","thế thống trị, địa vị; địa vị thống trị",
obscure,əb'skjuə,"tối, tối tăm, mờ, mờ mịt","không rõ nghĩa, tối nghĩa","không có tiếng tăm, ít người biết đến"
ammonium,ə'mounjəm,(hoá học) Amoni,(thuộc) amoni,
subsistence,səb'sistəns,sự tồn tại,"sự sống, sự sinh sống; sinh kế",
disciplinary,'disiplinəri,(thuộc) kỷ luật; để đưa vào kỷ luật,có tính chất rèn luyện trí óc; để rèn luyện trí óc,
permeability,",pə:mjə'biliti",tính thấm,(điện học) độ thấm từ,
hostility,hɔs'tiliti,sự thù địch; thái độ thù địch; hành vi thù địch,tình trạng chiến tranh,(số nhiều) hành động chiến tranh; chiến sự
complementary,",kɔmpli'mentəri","bù, bổ sung",,
intercourse,'intəkɔ:s,"sự giao thiệp, sự giao dịch, sự giao hữu","sự trao đổi ý nghĩ, sự trau đổi tình cảm","sự ăn nằm với nhau, sự giao cấu"
prototype,prototype,"người đầu tiên; vật đầu tiên; mẫu đầu tiên, nguyên mẫu",,
diffraction,di'frækʃn,(vật lý) sự nhiễu xạ,,
maid,meid,con gái; thiếu nữ,"đầy tớ gái, người hầu gái",
feminist,'feminist,người theo thuyết nam nữ bình quyền,người bênh vực bình quyền cho phụ nữ,
purification,",pjuərifi'keiʃn","sự làm sạch, sự lọc trong, sự tinh chế",(tôn giáo) lễ tẩy uế (đàn bà sau khi đẻ),lễ tẩy uế của Đức mẹ Ma-ri
treatise,'tri:tiz,"luận án, luận thuyết",,
sulfate,,"<hóa> Sunfat, muối của axit xunfuric",,
cite,sait,"dẫn, trích dẫn",(pháp lý) đòi ra toà,nêu gương
aerial,'eəriəl,"ở trên trời, trên không",(thuộc) không khí; nhẹ như không khí,"không thực, tưởng tượng"
wicked,'wikid,"xấu, hư, tệ, đồi bại, tội lỗi","ác, độc ác",nguy hại
undesirable,'ʌndi'zaiərəbl,"không ai ưa, không ai thích",người không ai ưa,
credibility,",kredi'biliti",sự tín nhiệm; sự đáng tin,,
muslim,,Cách viết khác : Moslem,,
duct,'dʌki,"ống, ống dẫn",,
illumination,"i,lju:mi'neiʃn","sự chiếu sáng, sự rọi sáng, sự soi sáng","sự treo đèn kết hoa; (số nhiều) đèn treo (để trang hoàng thành phố...), hoa đăng","sự sơn son thiếp vàng, sự tô màu rực rỡ (chữ đầu chương sách, bản cảo...); (số nhiều) chữ sơn son thiếp vàng, hình tô màu rực rỡ (để trang trí cho một cuốn sách, bản cảo...)"
mediation,",mi:di'eiʃn","sự điều đình, sự hoà giải, sự dàn xếp",,
latitude,'lætitju:d,độ vĩ; đường vĩ,"((thường) số nhiều) miền, vùng",bề rộng
adsorption,æd'sɔ:pʃn,(hoá học) sự hút bám,,
cosmic,'kɔzmik,(thuộc) vũ trụ,"rộng lơn, khổng lồ","có thứ tự, có trật tự, có tổ chức, hài hoà"
reconciliation,'rekənsailmənt,"sự hoà giải, sự giảng hoà","sự hoà hợp, sự điều hoà (những ý kiến bất đồng...); sự làm cho nhất trí (nguyên tắc với hành động...)",
yeast,ji:st,"men, men rượu, men bia","bọt (rượu lên men, sóng...)",
cholesterol,,"chất béo gây xơ cứng động mạch, Colextêrôn",,
hereinafter,'hiərin'ɑ:ftə,ở dưới đây,,
sludge,'slʌdʤ,"bùn đặc, bùn quánh","nước cống, nước rãnh, nước rác",tảng băng rôi
nutritional,,dinh dưỡng,,
omission,ou'miʃn,"sự bỏ sót, sự bỏ quên, sự bỏ đi","điều bỏ sót, điều bỏ quên, điều bỏ đi","sự không làm tròn, sự chểnh mảng"
chorus,'kɔ:rəs,"hợp xướng, đồng ca",cùng nói,
premature,",premə'tjuə","sớm, yểu non","hấp tấp, vội vã",sự nổ sớm (lựu đạn...)
orthodox,'ɔ:θədɔks,chính thống,,
mileage,'mailidʤ,tổng số dặm đã đi được,phụ cấp đi đường (tính theo dặm),cước phí (chuyên chở... tính theo dặm)
endowment,in'daumənt,sự cúng vốn cho (một tổ chức...); vốn cúng cho (một tổ chức...),"sự để vốn lại (cho vợ, con gái...); vốn để lại (cho vợ, con gái...)","tài năng, thiên tư"
spectroscopy,spek'trɔskəpi,"(vật lý) phổ học, quang phổ học",,
compel,kəm'pel,"buộc phải, bắt phải, bắt buộc, ép, thúc ép",,
reciprocal,ri'siprəkəl,"lẫn nhau, qua lại; có đi có lại, cả đôi bên","(toán học) đảo, thuận nghịch",(toán học) số đảo; hàm thuận nghịch
inasmuch,inəz'mʌtʃ,"vì, bởi vì","(từ cổ,nghĩa cổ) đến mức mà, đến trình độ mà",
commercially,,về phương diện thương mại,,
aeronautics,",eəreə'nɔ:tiks",hàng không học,,
supervisory,",sju:pə'vaizəri",giám sát,,
norwegian,nɔ:'wi:dʤən,(thuộc) Na-uy,người Na-uy,tiếng Na-uy
condemnation,",kɔndem'neiʃn","sự kết án, sự kết tội, sự xử phạt","sự chỉ trích, sự chê trách, sự lên án, sự quy tội",lý do để lên án
coordinator,,(Tech) điều hợp viên,,
thence,ðens,"từ đó, do đó, do đấy",,
shareholder,"'ʃeə,houldə",người có cổ phần,,
fundamentally,,về cơ bản,,
excise,ek'saiz,"thuế hàng hoá, thuế môn bài","sở thu thuế hàng hoá, sở thu thuế môn bài","đánh thuế hàng hoá, đánh thuế môn bài"
gel,dʤel,(hoá học) chất gien,,
pamphlet,'pæmflit,"Pamfơlê, cuốn sách nhỏ (bàn về một vấn đề thời sự...)",,
sterile,'sterail,"cằn cỗi, khô cằn","không sinh sản, không sinh đẻ, hiếm hoi","vô ích, không kết quả"
excavation,",ekskə'veiʃn",sự đào; hố đào,sự khai quật,
domination,",dɔmi'neiʃn",sự thống trị,"ưu thế, sự trội hơn; sức chi phối",
plaza,'plɑ:zə,quảng trường; nơi họp chợ (tại các thành phố ở Tây ban nha),,
prosecutor,prosecutor,"người khởi tố, bên nguyên",uỷ viên công tố,
saddle,'sædl,"yên ngựa, yên xe",đèo (giữa hai đỉnh núi),vật hình yên
cancellation,",kænse'leiʃn","sự bỏ, sự huỷ bỏ; sự xoá bỏ, sự bãi bỏ",dấu xoá bỏ,"(toán học) sự khử, sự ước lược"
theoretically,,về lý thuyết mà nói; về mặt lý thuyết,,
contend,kən'tend,"chiến đấu, đấu tranh","tranh giành, ganh đua","tranh cãi, tranh luận"
depletion,di'pli:ʃn,"sự tháo hết ra, sự rút hết ra, sự xả hết ra; sự làm rỗng không","sự làm suy yếu, sự làm kiệt (sức...)",(y học) sự tản máu; sự tiêu dịch
communal,'kɔmjunl,"công, chung, công cộng",(thuộc) công xã,(thuộc) các nhóm chủng tộc và tôn giáo đối lập ở một vùng (Ân-độ)
imposition,",impə'ziʃn",sự đánh thuế má,"sự bắt chịu, sự gánh vác; sự bắt theo; sự đòi hỏi quá đáng","sự lừa gạt, trò lừa gạt, trò bịp"
chronicle,'krɔnikl,sử biên niên; ký sự niên đại,"mục tin hằng ngày, mục tin thời sự (báo chí)",sự kiện lặt vặt; tin vặt (báo chí)
dissemination,"di,semi'neiʃn","sự gieo rắc, sự phổ biến",,
archbishop,'ɑ:tʃ'biʃəp,tổng giám mục,,
susceptibility,"sə,septə'biliti","tính nhạy cảm, tính dễ xúc cảm",(số nhiều) điểm dễ bị chạm nọc,
affinity,ə'finiti,"mối quan hệ, sự giống nhau về cấu trúc (giữa các loài vật, cây cỏ, ngôn ngữ)",sự giống nhau về tính tình,"quan hệ thân thuộc với họ nhà vợ, quan hệ thân thuộc với họ nhà chồng"
belgian,'beldʤn,(thuộc) Bỉ,người Bỉ,
durable,'djuərəbl,"bền, lâu bền",,
orchard,'ɔ:tʃəd,vườn cây ăn quả,,
compilation,",kɔmpi'leiʃn","sự biên soạn, sự sưu tập tài liệu","tài liệu biên soạn, tài liệu sưu tập",
plurality,pluə'ræliti,trạng thái nhiều,"số lớn, phần đông, đa số (phiếu bầu...)",sự kiêm nhiều chức vị; chức vị kiêm nhiệm
undue,'ʌn'dju:,"quá chừng, quá mức, thái quá","phi lý, trái lẽ","không đáng, không xứng đáng, không đáng được"
congressman,'kɔɳgresmən,"nghị sĩ (Mỹ,  Phi-líp-pin,  Châu mỹ la-tinh trừ Cu-ba)",,
modulation,,"sự uốn giọng, sự ngân nga, giọng lên xuống trầm bổng",<nhạc> sự chuyển giọng,<rađiô> sự điều biến
scrutiny,'skru:tini,"sự nhìn chăm chú, sự nhìn kỹ","sự xem xét kỹ lưỡng, sự nghiên cứu cẩn thận",sự kiểm tra lại phiếu (khi có sự sát nút hay nghi ngờ gian lận)
starch,'sta:tʃ,"bột, tinh bột",hố bột (để hồ vải),"(nghĩa bóng) sự cứng nhắc (tác phong, nghi thức...)"
spherical,'sferikəl,"cầu, (thuộc) hình cầu; có hình cầu",,
scottish,,(thuộc) xứ Xcốt-len; (thuộc) người Xcốt-len; (thuộc) phương ngữ tiếng Anh ở Xcốt-len,,
acetate,'æsitit,(hoá học) Axetat,,
appellate,ə'pelit,(pháp lý) (thuộc) chống án,,
bundle,'bʌndl,bó,"bọc, gói",(+ up) bó lại
chlorine,'klɔ:ri:n,(hoá học) clo,,
crystalline,'kristəlain,kết tinh,"bằng pha lê; giống pha lê, trong như pha lê",(giải phẫu) thể thuỷ tinh (mắt)
asphalt,'æsfælt,nhựa đường,rải nhựa đường,
agitation,",ædʤi'teiʃn","sự lay động, sự rung động, sự làm rung chuyển","sự khích động, sự xúc động, sự bối rối","sự suy đi tính lại, sự suy nghĩ lung (một vấn đề gì); sự thảo luận"
abolition,",æbə'liʃn","sự thủ tiêu, sự bãi bỏ, sự huỷ bỏ",,
hose,houz,(thương nghiệp) bít tất dài,(số nhiều) ống vòi,"lắp ống, lắp vòi"
fauna,fɔ:nə,hệ động vật,"danh sách động vật, động vật chí",
intellect,'intilekt,"khả năng hiểu biết, khả năng lập luận; trí tuệ, trí năng",sự hiểu biết,người hiểu biết; người tài trí
vocal,'voukəl,"(thuộc sự) phát âm, (thuộc) thanh âm",bằng miệng,"(thông tục) lớn tiếng, to tiếng, hay nói hay la"
solitary,'sɔlitəri,"một mình, cô độc, cô đơn; hiu quạnh, vắng vẻ","người ở ẩn, ẩn sĩ",
conclusive,kən'klu:siv,"cuối cùng, để kết thúc",để kết luận,"xác định, quyết định, thuyết phục được"
specificity,",spesi'fisiti","đặc trưng, nét riêng biệt",,
swedish,'swi:diʃ,(thuộc) Thuỵ điển,người Thuỵ điển,tiếng Thuỵ điển
inverse,'in'və:s,ngược lại,"(toán học) ngược, nghịch đảo",cái ngược lại; điều ngược lại
refined,ri'faind,nguyên chất (vàng),"đã lọc; đã tinh chế (đường, dầu)","lịch sự, tao nhã, tế nhị; có học thức (người)"
manifest,'mænifest,bản kê khai hàng hoá chở trên tàu (để nộp sở thuế quan),"rõ ràng, hiển nhiên","biểu lộ, biểu thị, bày tỏ, chứng tỏ"
otto,'ætə,tinh dầu hoa hồng,,
utmost,' tmoust,"xa nhất, cuối cùng","hết sức, vô cùng, tột bực, cực điểm","mức tối đa, cực điểm"
fetal,'fi:tl,"(thuộc) thai, (thuộc) bào thai",,
asbestos,æz'bestɔs,(khoáng chất) miăng,,
deficient,di'fiʃənt,"thiếu, thiếu hụt, không đầy đủ, không hoàn toàn","kém cỏi, bất tài, không đủ khả năng (làm công việc gì...)",
dragon,'drægən,con rồng,người canh giữ nghiêm ngặt (kho của báu...); bà đứng tuổi đi kèm trông nom các cô gái,"(kinh thánh) cá voi, cá kình, cá sấu, rắn"
hypothetical,,Cách viết khác : hypothetic,,
definitive,di'finitiv,cuối cùng; dứt khoát,,
brethren,'breðrin,anh em đồng ngũ; anh em đồng nghiệp; đồng bào,(tôn giáo) thầy dòng cùng môn phái,
thy,ðai,"(trước nguyên âm thine) (từ cổ,nghĩa cổ) của mày, của anh, của ngươi",,
preclude,pri'klu:d,"loại trừ, trừ bỏ; ngăn ngừa; đẩy xa",,
enlargement,in'lɑ:dʤmənt,"sự mở rộng, sự tăng lên, sự khuếch trương","phần mở rộng, phần thêm vào",ảnh phóng to
stance,stæns,"(thể dục,thể thao) thể đứng (đánh gôn,  crickê)","(từ Mỹ,nghĩa Mỹ) thái độ, lập trường",
elasticity,",elæs'tisiti","tính co giãn ((nghĩa đen) & (nghĩa bóng)), tính đàn hồi; tính mềm dẻo",tính nhún nhẩy,"tính bồng bột, tính bốc đồng"
aperture,'æpətjuə,"lỗ hổng, kẽ hở",lỗ ống kính (máy ảnh); độ mở,
cardinal,'kɑ:dinl,"chính, chủ yếu, cốt yếu",(ngôn ngữ học) (thuộc) số lượng,đỏ thắm
perpetual,pə'petjuəl,"vĩnh viễn, bất diệt",không ngừng,"suốt đời, chung thân"
appreciable,ə'pri:ʃəbl,có thể đánh giá được,thấy rõ được,
resemblance,ri'zembləns,sự giống nhau,,
practicable,'præktikəbl,"làm được, thực hiện được, thực hành được","dùng được, đi được, qua lại được (đường xá, bến phà)",(sân khấu) thực (cửa sổ...)
consequent,'kɔnsikwənt,"do ở, bởi ở, là hậu quả của, là kết quả của","hợp lý,  lôgíc","hậu quả tất nhiên, kết quả tất nhiên"
platinum,'plætinəm,"platin, bạch kim",,
coronary,'kɔrənəri,(giải phẫu) hình vành,,
indemnity,,sự bồi thường; tiền bồi thường,sự bảo đảm,sự miễn phạt
repeal,ri'pi:l,"sự huỷ bỏ, sự bâi bỏ (một đạo luật...)","huỷ bỏ, bâi bỏ (một đạo luật...)",
asylum,ə'sailəm,viện cứu tế,"nhà thương điên, bệnh viện tinh thần kinh ((cũng) clunatic asylum)","nơi trú ẩn, nơi ẩn náu; nơi nương náu"
foliage,'fouliidʤ,"(thực vật học) tán lá, bộ lá",hình trang trí hoa lá,
enlightenment,in'laitnmənt,"sự làm sáng tỏ, sự mở mắt",điều làm sáng tỏ,thời đại ánh sáng
cyclic,'saiklik,"tuần hoàn, theo chu kỳ",,
multitude,'mʌltitju:d,vô số,đám đông,"(the multitude) quần chúng, dân chúng"
crystal,'kristl,tinh thể,pha lê; đồ pha lê,"(thơ ca) vật trong suốt như pha lê (tuyết, nước, con mắt...)"
prone,prone,"úp, sấp; nằm sóng soài","ngả về, thiên về, có thiên hướng về","nghiêng, dốc (mặt đất...)"
chromatography,",kroumə'tɔgrəfi",phép ghi sắc,,
admissible,əb'misəbl,"có thể chấp nhận, có thể thừa nhận","có thể nhận, có thể thu nạp (vào chức vụ gì...); có thể kết nạp",
contingency,kən'tindʤənsi,"sự ngẫu nhiên, sự tình cờ; việc bất ngờ",món chi tiêu bất ngờ,
compartment,kəm'pɑ:tmənt,"gian, ngăn (nhà, toa xe lửa...)",(hàng hải) ngăn kín (nước không rỉ qua được) ((cũng) watertight compartment),(chính trị) một phần dự luật (để thảo luận trong một thời gian hạn định ở nghị viện Anh)
climatic,klai'mætik,"(thuộc) khí hậu, (thuộc) thời tiết",,
aforesaid,ə'fɔ:sed,"đã nói ở trên, đã nói đến trước đây",,
indicative,in'dikətiv,chỉ,"tỏ ra, ra ý, ngụ ý, biểu lộ, biểu thị",(ngôn ngữ học) indicative mood lối trình bày
continuance,kən'tinjuəns,"sự tiếp tục, sự tồn tại (một chủng tộc)","sự kéo dài, sự lâu dài",sự lưu lại lâu dài (ở một nơi nào); sự tiếp tục tình trạng
mobilization,",moubilai'zeiʃn","sự huy động, sự động viên",,
stationery,'steiʃnəri,đồ dùng văn phòng,,
acoustic,ə'ku:mitə,(thuộc) âm thanh; (thuộc) âm học,(thuộc) thính giác,
leakage,'li:kidʤ,"sự lọt qua, sự rỉ ra, sự rò ra, sự thoát ra","sự để lọt, sự để lộ",sự biến mất một cách phi pháp (tiền...)
forfeiture,'fɔ:fitʃə,"sự mất (vật gì vì bị tịch thu, quyền...)",sự tước,"cái bị mất, cái bị tước; tiền bạc"
fungi,'fʌɳgəs,nấm,cái mọc nhanh như nấm,(y học) nốt sùi
recurrent,ri'kʌrənt,"trở lại luôn, thường tái diễn, có định kỳ",(y học) hồi quy,
squadron,'skwɔdrən,(quân sự) đội kỵ binh,(hàng hải) đội tàu,(hàng không) đội máy bay
cam,kæm,(kỹ thuật) cam,,
explanatory,iks'plænətəri,"để giảng, để giảng giải, để giải nghĩa","để giải thích, để thanh minh",
revocation,",revə'keiʃn","sự huỷ bỏ, sự thủ tiêu (sắc lệnh, đạo luật...)",sự thu hồi (giấy phép),
geometric,dʤiə'metrik,(thuộc) hình học,,
plaster,'plɑ:stə,trát vữa (tường...); trát thạch cao,"phết đầy, dán đầy, bôi đầy, làm dính đầy","dán thuốc cao, đắp thuốc cao (một cái nhọt...); dán lên, đắp lên"
surety,'ʃuəti,người bảo đảm,"(từ hiếm,nghĩa hiếm) vật bảo đảm","(từ cổ,nghĩa cổ) sự chắc chắn"
aerospace,,không gian vũ trụ,,
viral,'vaiərəl,(thuộc) virut,,
lattice,'lætis,"lưới, rèm; hàng rào mắt cáo",,
imperialism,im'piəriəlizm,chủ nghĩa đế quốc,nước đế quốc,(sử học) sự thống trị của hoàng đế
speculative,'spekjulətiv,(thuộc) nghiên cứu; (thuộc) lý thuyết,"có tính chất suy đoán, có tính chất ức đoán",đầu cơ tích trữ
axial,'æksiəl,(thuộc) trục; quanh trục,,
universally,",ju:ni'və:səli","phổ thông, phổ biến","nhất trí, toàn thể",
flint,flint,đá lửa; viên đá lửa,vật cứng rắn,(xem) set
sanction,'sæɳkʃn,"sự phê chuẩn, sự thừa nhận; sự đồng ý",sự được phép của phong tục tập quán,"luật pháp, sắc lệnh"
resurrection,",rezə'rekʃn","sự làm sống lại, sự phục hồi lại (những phong tục cũ, những thói quen cũ...); sự phục hưng (nghệ thuật cũ...); sự gợi lại (kỷ niệm cũ...)",sự khai quật xác chết,(tôn giáo) (Resurrection) lễ Phục sinh
shit,ʃit,rác rưởi,suộc khuộng đi ỉa,
advantageous,",ædvən'teidʤəs","có lợi, thuận lợi",,
pollen,'pɔlin,(thực vật học) phấn hoa,"(thực vật học) cho thụ phấn, rắc phấn hoa",
epidemic,",epi'demik",dịch,bệnh dịch ((nghĩa đen) & (nghĩa bóng)),
workforce,,lực lượng lao động,,
rotor,'routə,"Rôto, khối quay (trong một máy phát điện)",cánh quạt (máy bay lên thẳng),
legitimacy,li'dʤitiməsi,tính hợp pháp,tính chính đáng; tính chính thống,
archaeological,",ɑ:kiə'lɔdʤikəl",(thuộc) khảo cổ học,,
unanimously,,"nhất trí, đồng lòng",,
saline,'seilain,"có muối; có tính chất như muối; mặn (nước, suối...)",(như) salina,"(y học) dung dịch muối, dung dịch muối đẳng trương"
apparel,ə'pærəl,đồ thêu trang trí trên áo thầy tu,"(từ cổ,nghĩa cổ) quần áo, y phục","(từ cổ,nghĩa cổ) đồ trang sức, đồ trang điểm"
deployment,di'plɔimənt,"(quân sự) sự dàn quân, sự triển khai",,
predecessor,'pri:disesə,"người đi trước, người đảm nhiệm trước, người phụ trách trước (công tác gì...)","bậc tiền bối, ông cha, tổ tiên",
exert,ig'zə:t,"dùng, sử dụng (sức mạnh, ảnh hưởng...)",,
austrian,'ɔstriən,(thuộc) nước Ao,người Ao,
arthritis,ɑ:'θraitis,(y học) viêm khớp,,
delinquency,di'liɳkwənsi,"tội, tội lỗi; sự phạm tội, sự phạm pháp","sự chểnh mảng, sự lơ là nhiệm vụ","(từ Mỹ,nghĩa Mỹ) món nợ không trả đúng kỳ hạn; món thuế không đúng kỳ hạn"
fluorescence,fluorescence,(vật lý) sự huỳnh quang; phát huỳnh quang,,
cervical,'sə:vikəl,(giải phẫu) (thuộc) cổ,,
affiliation,"ə,fili'eiʃn","sự nhập hội, sự nhập đoàn","sự sáp nhập, sự nhập vào, sự liên kết",(pháp lý) sự xác định tư cách làm bố (một đứa con hoang để có trách nhiệm nuôi)
neo,,tiền tố,mới; hiện đại; ở dạng mới hơn; tân,tiền tố
computational,,có sử dụng máy điện toán,,
tor,tɔ:,"núi đá nhọn; mỏm núi, ngọn núi",,
portuguese,",pɔ:tju'gi:z",(thuộc) Bồ-đào-nha,người Bồ-đào-nha,tiếng Bồ-đào-nha
solemn,'sɔləm,"theo nghi thức, trọng thể, long trọng; trang nghiêm","uy nghi, uy nghiêm","nghiêm trang, nghiêm nghị"
confinement,kən'fainmənt,"sự giam, sự giam hãm",sự hạn chế,"sự ở cữ, sự đẻ"
tribune,'tribju:n,(sử học) quan bảo dân,diễn đàn,khán đài
algebra,'ældʤibrə,đại số học,,
urinary,'ju rin ri,(thuộc) nước tiểu,,
intervene,",intə'vi:n","xen vào, can thiệp","ở giữa, xảy ra ở giữa",
feminine,'feminin,"(thuộc) đàn bà, như đàn bà; yểu điệu dịu dàng (như đàn bà)",(ngôn ngữ học) (thuộc) giống cái,"(từ hiếm,nghĩa hiếm) cái, mái"
arbitrator,'ɑ:bitreitə,"(pháp lý) người phân xử, trọng tài","quan toà, thẩm phán",
seminary,'seminəri,"trường dòng, trường đạo","(từ Mỹ,nghĩa Mỹ) trường nữ tư thục","(từ Mỹ,nghĩa Mỹ) lò, ổ"
diplomacy,di'plouməsi,thuật ngoại giao; ngành ngoại giao; khoa ngoại giao,"sự khéo léo trong giao thiệp, tài ngoại giao",
analytic,",ænə'litik",(thuộc) phân tích,(thuộc) giải tích,
impedance,im'pi:dəns,(điện học) trở kháng,,
ignition,ig'niʃn,"sự đốt cháy, sự bốc cháy","sự mồi lửa, sự đánh lửa","bộ phận mồi lửa, bộ phận đánh lửa (trong máy) ((viết tắt) ign)"
advocacy,'ædvəkəsi,nhiệm vụ luật sư,lời biện hộ của luật sư; sự bào chữa (cho ai),sự ủng hộ tích cực (một sự nghiệp)
enact,i'nækt,ban hành (đạo luật),"đóng, diễn (vai kịch... trên sân khấu, trong đời sống)",
ethanol,,(hoá học) ethanol,,
innocence,'inəsns,"tính vô tội, tính không có tội","(từ Mỹ,nghĩa Mỹ) tính trong trắng; sự còn trinh",tính ngây thơ
noteworthy,"'nout,wə:ði","đáng chú ý, đáng để ý; đáng ghi nh",,
postmaster,"'poust,mɑ:stə",giám đốc sở bưu điện; trưởng phòng bưu điện,,
incubation,",inkju'beiʃn",sự ấp trứng,(y học) thời kỳ ủ bệnh,
crust,krʌst,"vỏ bánh, cùi bánh; mẩu bán mì khô","vỏ cứng, vỏ (trái đất, cây...); mai (rùa...); lớp (băng tuyết); vảy cứng","(địa lý,địa chất) vỏ trái đất"
pest,pest,"người làm hại, vật làm hại",(nghĩa bóng) tai hoạ,"(từ hiếm,nghĩa hiếm),  (như) pestilence"
filtration,'filtreiʃn,sự lọc; cách lọc,,
mainstream,,xu hướng/xu thế chủ đạo,loại nhạc jaz chẳng phải truyền thống nhưng cũng chẳng hiện đại,
foam,foum,"bọt (nước biển, bia...)","bọt nước dãi, bọt mồ hôi (ở ngựa...)",(thơ ca) biển
linguistics,liɳ'gwistik,(thuộc) ngôn ngữ học,ngôn ngữ học,
felony,'feləni,"tội ác (giết người, đốt nhà, hãm hiếp...)",,
watershed,'wɔ:təʃed,đường phân nước,lưu vực sông,dốc có nước chảy
oriental,",ɔ:ri'entl",ở phương đông,người phương đông,"lóng lánh, óng ánh (ngọc trai)"
inclination,",inkli'neiʃn",(như) inclining,"sự nghiêng, sự cúi",dốc; độ nghiêng
confrontation,",kɔnfrʌn'teiʃn","sự chạm trán, sự đương đầu",sự đối chất,sự đối chiếu
continuum,,"số nhiều continua,  continuums",(triết học) thể liên tục,(toán học) continum
sociological,",sousiə'lɔdʤikəl",(thuộc) xã hội học,,
occupancy,'ɔkjupənsi,"sự chiếm đóng, sự chiếm giữ",thời gian chiếm đóng,
bulk,bʌlk,(hàng hải) trọng tải hàng hoá; hàng hoá,"phần lớn hơn, số lớn hơn",bốc hàng rời (không đóng bao...)
sufficiency,sə'fiʃənsi,"sự đủ, sự đầy đủ","(từ cổ,nghĩa cổ) khả năng; thẩm quyền",
sic,sik,đúng như nguyên văn ((thường) viết trong ngoặc đơn bên một câu trích dẫn tuy có chứa đựng sai sót hoặc vô lý nhưng vẫn được sao đúng nguyên văn),,
dilution,dai'lu:ʃn,"sự làm loãng, sự pha loãng","sự làm nhạt, sự làm phai (màu)",(nghĩa bóng) sự làm giảm bớt; sự làm mất chất
iodine,'aiədi:n,(hoá học) Iot,,
obsolete,'ɔbsəli:t,"không dùng nữa, cổ xưa, cũ; đã lỗi thời; đã quá hạn (vé xe...)",(sinh vật học) teo đi (cơ quan),người cổ
tidal,'taidl,"(thuộc) thuỷ triều, liên quan đến thuỷ triều, do thuỷ triều, chịu ảnh hưởng của thuỷ triều",xe lửa chở cá tươi,"sóng cồn, sóng triều dâng; (nghĩa bóng) phong trào, cao trào"
antiquity,æn'tikwiti,tình trạng cổ xưa,đời xưa,"người đời xưa, cổ nhân"
etc,,"nhiều hơn nữa, vân vân (khi liệt kê)",,
ditch,ditʃ,"hào, rãnh, mương",(the Ditch) (từ lóng) biển Măng-sơ; biển bắc,(từ lóng) biển
enclosure,in'klouʤə,sự rào lại (đất đai...),hàng rào vây quanh,đất có rào vây quanh
poll,poul,sự bầu cử; nơi bầu cử,"số phiếu bầu, số người bỏ phiếu",sự kiếm số cử tri
baseline,,"(Tech) đường gốc, đường không; đường quét",,
humanitarian,"hju:,mæni'teəriən",người theo chủ nghĩa nhân đạo,,
suffice,sə'fais,"đủ, đủ để","đủ cho, đáp ứng nhu cầu của",
homestead,'houmsted,nhà cửa vườn tược,"ấp, trại","(từ Mỹ,nghĩa Mỹ) đất cấp cho người di cư (với điều kiện phải ở đó và trồng trọt đất đó)"
excellency,'eksələnsi,ngài (xưng hô),phu nhân,
indefinite,in'definit,"mập mờ, không rõ ràng, không dứt khoát","không giới hạn, không hạn định",(ngôn ngữ học) bất định
capillary,kə'piləri,mao dẫn,"ống mao dẫn, mao quản",(giải phẫu) mao mạch
vertically,,trạng từ,xem vertical,
disruption,dis'rʌpʃn,"sự đập gãy, sự đập vỗ, sự phá vỡ; sự gẫy vỡ","tình trạng xâu xé, tình trạng chia rẽ",(điện học) sự đánh thủng
pact,pækt,"hiệp ước, công ước",hiệp ước hoà bình,
discriminatory,dis'kriminətəri,"phân biệt, biết phân biệt, có óc phán đoán, biết suy xét, sáng suốt",,
automotive,",ɔ:tə'moutiv",tự động,(thuộc) máy móc tự động,(thuộc) ô tô
solubility,",sɔlju'biliti",tính hoà tan được,,
cart,kɑ:t,"xe bò, xe ngựa (hai bánh để chở hàng)",(từ lóng) ở trong tình thế lúng túng khó khăn,"làm ngược, làm trái khoáy; lấy kết quả làm nguyên nhân"
allotment,ə'lɔtmənt,"sự phân công, sự giao việc (phần việc); sự định dùng (một số tiền vào việc gì)","sự chia phần, sự phân phối; sự định phần","phần được chia, phần được phân phối"
cellulose,'seljulous,(hoá học) xenluloza,,
urgency,' :d  nsi,"sự gấp rút, sự cần kíp, sự khẩn cấp, sự cấp bách","sự khẩn nài, sự năn nỉ",
nasal,'neizəl,(thuộc) mũi,âm mũi,
discretionary,dis'kreʃnəri,"được tự do làm theo ý mình, tuỳ ý mình",,
coupon,'ku:pɔn,"vé, cuống vé; phiếu (mua hàng, thực phẩm, vải...)",phiếu thưởng hiện vật; phiếu dự xổ số (kèm với hàng mua),
congestion,kən'dʤestʃn,"sự đông nghịt, sự tắt nghẽn (đường sá...)",(y học) sự sung huyết,
infrared,,(lý) hồng ngoại,,
sch,,trường học (school),,
ecclesiastical,"i,kli:zi'ætik","(tôn giáo) (từ hiếm,nghĩa hiếm) (thuộc) giáo hội; (thuộc) thầy tu",thầy tu,
prof,,giáo sư (đại học),"<Mỹ> giảng viên (đại học, cao đẳng)",<đùa> giáo sư
proprietor,proprietor,"chủ, người sở hữu",,
slab,slæb,phiến đá mỏng,tấm ván bìa,"thanh, tấm"
executor,ig'zekjutə,"người thực hiện, người thi hành; người thực hiện, người thi hành",(pháp lý) người thi hành di chúc,người phụ trách tác phẩm chưa in (của một nhà văn)
rotary,'routəri,quay,máy quay; máy in quay,"chỗ đường vòng (phải đường vòng qua bục công an... không đi thẳng được) ((cũng) roundabout,  traffic-circle)"
cocaine,kə'kein,côcain,,
swiss,swis,(thuộc) Thụy sĩ,người Thụy sĩ,
odor,'oudə,"(từ Mỹ,nghĩa Mỹ) (như) odour",,
tier,'taiə,"tầng, lớp","bậc (của một hội trường, một giảng đường)",bậc thang (trên một cao nguyên)
matrices,'meitriks,"(giải phẫu) tử cung, dạ con","(kỹ thuật) khuôn cối, khuôn dưới",(toán học) ma trận
electromagnetic,i'lektroumæg'neik,điện tử,,
ventral,'ventrəl,(giải phẫu); (động vật học) (thuộc) bụng; ở bụng; (thực vật học) ở mặt bụng,,
unequal,'ʌn'i:kwəl,"không bằng, không ngang, không đều",thật thường,không bình đẳng
hamlet,'hæmlit,"làng nhỏ; xóm, thôn",,
judaism,'dʤu:deiizm,đạo Do thái,,
buddhism,'budizm,đạo Phật,,
siege,si:dʤ,"sự bao vây, sự vây hãm","(từ Mỹ,nghĩa Mỹ),  (thông tục) thời kỳ khó khăn lâu dài, thời kỳ o bế lâu dài","(từ cổ,nghĩa cổ) bao vây, vây hãm"
mutation,mju:'teiʃn,"sự thay đổi, sự biến đổi","sự điều động đổi lẫn nhau, sự hoán chuyển",(sinh vật học) đột biến
shah,ʃɑ:,"vua Ba-tư, sa",,
meadow,'medou,"đồng cỏ, bãi cỏ",,
null,nʌl,"vô hiệu, không có hiệu lực","vô dụng, vô giá trị","không có cá tính, không biểu lộ tâm tính"
visibility,",vizi'biliti",tính chất có thể trông thấy được,"tính rõ ràng, tính rõ rệt, tính minh bạch",
counterpart,'kauntəpɑ:t,"bản sao, bản đối chiếu",người giống hệt (người khác); vật giống hệt (vật khác),"bộ phận tương ứng, tổ chức tương ứng, bên trong tương ứng; vật bổ sung, người bổ sung"
graphite,'græfait,Grafit,than chì,
lipid,'lipid,(hoá học) Lipit,,
helium,'hi:ljəm,(hoá học) heli,,
rec,,sân chơi (recreation ground),viết tắt,sân chơi (recreation ground)
grocery,'grousəri,việc buôn bán tạp phẩm,cửa hàng tạp phẩm,(số nhiều) hàng tạp hoá và thực phẩm phụ
recess,ri'ses,thời gian ngừng họp (quốc hội...),"(từ Mỹ,nghĩa Mỹ) kỳ nghỉ (trường trung học, đại học)","(từ Mỹ,nghĩa Mỹ) giờ giải lao, giờ ra chơi chính (trường học)"
topography,tə'pɔgrəfi,phép đo vẽ địa hình,"địa thế, địa hình",địa chỉ
homeland,'houmlænd,"quê hương, tổ quốc, xứ sở",,
lump,lʌmp,"cục, tảng, miếng","cái bướu, chỗ sưng u lên, chỗ u lồi lên","cả mớ, toàn bộ, toàn thể"
devise,di'vaiz,sự để lại (bằng chúc thư),di sản (bất động sản),"nghĩ ra, đặt (kế hoạch), sáng chế, phát minh"
porous,'pɔ:rəs,"rỗ, thủng tổ ong",xốp,
sanctuary,'sæɳktjuəri,"nơi tôn nghiêm (nhà thờ, chùa chiền)","nơi bí ẩn, chỗ thầm kín","nơi trú ẩn, nơi trốn tránh, nơi cư trú"
fuzzy,'fʌzi,"sờn, xơ","xoắn, xù (tóc)","mờ, mờ nhạt"
curvature,'kə:vətʃə,sự uốn cong; sự bị uốn cong; sự vẹo (xương),(toán học) độ cong,
digit,'didʤit,"ngón chân, ngón tay",ngón (bề ngang ngón tay dùng làm đơn vị đo),"(thiên văn học) ngón (một phần mười hai đường kính mặt trời hoặc mặt trăng để đo nhật thực, nguyệt thực)"
vulnerability,",vʌlnərə'biliti","tính chất có thể bị tổn thương; tính chất có thể bị tấn công, tính chất có thể công kích được ((nghĩa đen) & (nghĩa bóng))",,
mole,moul,đê chắn sóng,nốt ruồi,(động vật học) chuột chũi
adequacy,'ædikwəsi,"sự đủ, sự đầy đủ","sự tương xứng, sự đứng đáng; sự thích hợp, sự thích đáng, sự thoả đáng",
constable,'kʌnstəbl,"cảnh sát, công an","(sử học) nguyên soái; đốc quân, đốc hiệu",mang công mắc nợ
phi,fai,Fi (chữ cái Hy lạp),,
pathological,",pæθə'lɔdʤik",(thuộc) bệnh học; (thuộc) bệnh lý,,
deflection,di'flekʃn,"sự lệch, sự chệch hướng, sự trẹo đi; độ lệch",(toán học) sự đổi dạng,"(kỹ thuật) sự uốn xuống, sự võng xuống; độ uốn, độ võng"
tactical,'tæktikəl,(thuộc) chiến thuật,"(nghĩa bóng) khôn khéo, tài tình, nhiều mưu lược",
compass,'kʌmpəs,com-pa ((cũng) a pair of compasses),la bàn,"vòng điện, phạm vi, tầm"
pharmaceutical,",fɑ:mə'sju:tikəl",(thuộc) dược khoa,,
imaginative,i'mædʤinətiv,"tưởng tượng, không có thực","hay tưởng tượng, giàu tưởng tượng",có tài hư cấu
communion,kə'mju:njən,sự cùng chia sẻ,"sự giao thiệp, sự liên lạc; quan hệ; sự cảm thông",nhóm đạo (nhóm người cùng chung một tín ngưỡng)
eventual,i'ventjuəl,"ngộ xảy ra, có thể xảy ra","sẽ được dẫn tới, là kết quả của; cuối cùng",
condensation,",kɔnden'seiʃn",sự hoá đặc (chất nước); sự ngưng (hơi); sự tụ (ánh sáng),khối đặc lại,"sự cô đọng (lời, văn...)"
anesthesia,",ænis'θi:zjə",sự mất cảm giác,"(y học) sự gây mê, sự gây tê",
disarmament,dis'ɑ:məmənt,"sự giảm quân bị, sự giải trừ quân bị",,
aquatic,ə'kwætik,"sống ở nước, mọc ở nước","(thể dục,thể thao) chơi ở dưới nước (ví dụ bóng nước...)",
volcanic,vɔl'kænik,(thuộc) núi lửa,"nóng nảy, hung hăng, sục sôi (tính tình...)",
thyroid,'θairɔid,(giải phẫu) (thuộc) tuyến giáp,(giải phẫu) tuyến giáp,
unconstitutional,"'ʌn,kɔnsti'tju:ʃənl",trái hiến pháp,,
premise,'premis,(triết học) tiền đề,(số nhiều) những cái kể trên; (pháp lý) tài sản kể trên,"(số nhiều) sinh cơ, nhà cửa, vườn tược"
peat,pi:t,than bùn,"cục than bùn, tảng than bùn",(định ngữ) (thuộc) than bùn
victorian,,có những tính chất và quan điểm được gán cho người thuộc lớp trung lưu ở Anh vào thế kỷ 19,người sống dưới triều đại của Nữ hoàng Victoria,
prudent,prudent,"thận trọng, cẩn thận",khôn ngoan,
masonry,'meisnri,nghề thợ nề,"công trình nề, phần xây nề (trong một cái nhà)",
cognition,kɔg'niʃn,(triết học) nhận thức,trí thức hiểu biết,
famine,'fæmin,nạn đói kém,sự khan hiếm,
rupture,'rʌptʃə,"sự đoạn tuyệt, sự tuyệt giao, sự cắt đứt; sự gián đoạn","(y học) sự vỡ, sự đứt, sự gãy, sự nứt, sự rách, sự thủng (ruột)",(y học) sự thoát vị
locus,'loukəs,"địa điểm, nơi, chỗ",(toán học) quỹ tích,
stainless,'steinlis,"không vết dơ, trong trắng, trong sạch (tiếng tăm, tên tuổi)",không gỉ (kim loại),
endorsement,in'dɔ:smənt,"sự chứng thực đằng sau (séc...); lời viết đằng sau, lời ghi đằng sau (một văn kiện)",sự xác nhận; sự tán thành,
adherence,əd'hiərəns,"sự dính chặt, sự bám chặt","sự tham gia, sự gia nhập (đảng phái...)","sự tôn trọng triệt để; sự trung thành với, sự gắn bó với; sự giữ vững (ý kiến, lập trường...)"
chromium,'kroumjəm,(hoá học) crom,,
irony,'aiəni,"giống thép, giống gang","sự mỉa, sự mỉa mai, sự châm biếm",Socratic
autobiography,",ɔ:toubai'ɔgrəfi",sự viết tự truyện,tự truyện,
persecution,",pə:si'kju:ʃn","sự khủng bố, sự ngược đãi, sự hành hạ",chứng lo cuồng bị khủng bố ngược đãi,
brow,brau,"mày, lông mày",trán,bờ (dốc...); đỉnh (đồi...)
infancy,'infənsi,"tuổi còn ãm ngửa, tuổi thơ ấu",lúc còn trứng nước,(pháp lý) thời kỳ vị thành niên
setup,,cơ cấu của một tổ chức,mưu mô sắp đặt để lừa người,"cài đặt, thiết lập"
silt,silt,"bùn, phù sa (ở hải cảng, ở cửa sông...)","nghẽn bùn, đầy bùn","làm đầy bùn, làm ngẽn bùn"
deduct,di'dʌkt,"lấy đi, khấu đi, trừ đi","sự lấy đi, sự khấu đi, sự trừ đi","sự suy ra, sự luận ra, sự suy luận, sự suy diễn"
hepatic,hi'pætik,(thuộc) gan,bổ gan,màu gan
biochemical,'baiou'kemikəl,(thuộc) hoá sinh,,
diminish,di'miniʃ,"bớt, giảm, hạ bớt, giảm bớt; thu nhỏ",,
gastric,'gæstrik,(thuộc) dạ dày,,
rust,rʌst,"gỉ (sắt, kim loại)","(nghĩa bóng) sự cùn trí nhớ, sự kém trí nhớ",(thực vật học) bệnh gỉ sắt
remuneration,"ri,mju:nə'reiʃn","sự thưởng, sự trả công, sự đền đáp",tiền thù lao,
syntax,'sintæks,(ngôn ngữ học) cú pháp,,
congenital,kən'dʤenitl,bẩm sinh,,
dep,,"(vt của departed, departing, departure) ra đi, sự ra đi",,
nozzle,'nɔzl,"miệng, vòi (ấm)","(từ Mỹ,nghĩa Mỹ),  (từ lóng) mũi, mồm",
traumatic,trɔ:'mætik,(y học) (thuộc) chấn thương,,
bandwidth,,"(Tech) dải thông, bề rộng băng tần, dãy sóng",,
prerequisite,'pri:'rekwizit,"cần trước hết, đòi hỏi phải có trước hết","điều cần trước hết, điều kiện tiên quyết, điều kiện quyết định trước hết",
hispanic,,thuộc về Tây Ban Nha và Bồ Đào Nha,,
harmonic,hɑ:'mɔnik,"hài hoà, du dương",(toán học) điều hoà,(âm nhạc) hoà âm
recourse,ri'kɔ:s,"sự nhờ đến, sự cầu đến, sự trông cậy vào","(từ hiếm,nghĩa hiếm) người trông cậy",
inhibit,in'hibit,"ngăn chặn, hạn chế, kiềm chế","ngăn cấm, cấm",(hoá học) (tâm lý học); (sinh vật học) ức chế
lag,læg,người tù khổ sai,án tù khổ sai,bắt giam
observatory,əb'zə:vətri,đài thiên văn,"đài quan trắc, đài quan sát; tháp canh, chòi canh",
delinquent,di'liɳkwənt,"có tội, phạm tội, lỗi lầm","chểnh mảng, lơ là nhiệm vụ","(từ Mỹ,nghĩa Mỹ) không trả đúng kỳ hạn (nợ, thuế...)"
tho,,viết tắt của though,,
enrichment,in'ritʃmənt,"sự làm giàu, sự làm giàu thêm, sự làm phong phú","sự làm tốt thêm, sự làm màu mỡ thêm, cái làm phong phú thêm",(y học) sự cho vitamin vào (thức ăn...)
movable,'mu:vəbl,"di động, tính có thể di chuyển",,
relocation,,sự di chuyển tới; sự xây dựng lại,,
mitigation,",miti'geiʃn","sự làm nhẹ, sự làm dịu",,
misc,,"(viết tắt)tạp hoá linh tinh, pha tạp, hỗn hợp",,
maximize,'mæksimaiz,làm tăng lên đến tột độ,,
morrow,'mɔrou,(thơ ca) ngày hôm sau,"(từ cổ,nghĩa cổ) buổi sáng",
hydrolysis,hai'drɔlisis,(hoá học) sự thuỷ phân,,
modulus,,(Econ) Giá trị tuyệt đối.,,
veterinary,'vetərinəri,(thuộc) thú y,(như) veterinarian,
suction,'sʌkʃn,"sự mút, sự hút",,
monograph,'mɔnəgrɑ:f,chuyên khảo,,
infusion,in'fju:ʤn,sự pha; chất để pha,"nước pha, nước sắc","sự truyền, sự truyền cho"
allegiance,ə'li:dʤəns,lòng trung thành (nghĩa đen) & (nghĩa bóng)),"bổn phận đối với vua, bổn phận đối với chính phủ (của người dân)",
withstand,wi 'st nd,"chống lại, chống cự; chịu đựng",,
predominant,pri'dɔminənt,"chiếm ưu thế, trội hơn hẳn",,
hepatitis,",hepə'taitis",(y học) bệnh viêm gan,,
referendum,",refə'rendəm",cuộc trưng cầu ý dân,,
internally,,"bên trong, nội tại",,
monarchy,'mɔnəki,nền quân chủ; chế độ quân chủ,nước (theo chế độ) quân ch,
hydroxide,hai'drɔksaid,(hoá học) hyddroxyt,,
integer,'intidʤə,(toán học) số nguyên,"cái nguyên, vật trọn vẹn, tổng thể, toàn bộ",
alkaline,'ælkəlain,(hoá học) kiềm,,
remedial,ri'mi:djəl,"(thuộc) sự chữa bệnh, (thuộc) sự điều trị; để chữa bệnh, để điều trị",(thuộc) sự sửa chữa; để sửa chữa,
skeletal,'skelitl,(thuộc) bộ xương; có tính chất bộ xương,,
benign,bi'nain,lành; tốt; nhân từ,ôn hoà (khí hậu); tốt (đất đai); nhẹ (bệnh); lành (u),
benzene,'benzi:n,(hoá học) Benzen ((cũng) benzol),(thương nghiệp) (như) benzine,
ethyl,'eθil,(hoá học) Etyla,,
preacher,'pri:tʃə,"người thuyết giáo, người thuyết pháp","người hay thuyết, người hay lên mặt dạy đời",
metabolic,",metə'bɔlik",(sinh vật học) (thuộc) sự trao đổi vật chất,,
anemia,,<y> bệnh thiếu máu,,
fiduciary,fi'dju:ʃjəri,uỷ thác (di sản),tín dụng (tiền tệ),(pháp lý) người được uỷ thác
apprehension,",æpri'henʃn","sự sợ, sự e sợ","sự hiểu, sự lĩnh hội, sự tiếp thu, sự nắm được (ý nghĩa...)","sự bắt, sự nắm lấy, sự tóm lấy"
bureaucratic,",bjərou'krætik","(thuộc) quan lại, (thuộc) công chức",quan liêu,
fury,'fjuəri,"sự giận dữ, sự thịnh nộ, sự điên tiết","sự ham mê, sự cuồng nhiệt","sự ác liệt, sự mãnh liệt"
drastic,'dræstik,"tác động mạnh mẽ, quyết liệt","(y học) xổ mạnh, tẩy mạnh",
hereditary,hi'reditəri,"di truyền, cha truyền con nối",,
sac,sæk,"(sinh vật học); (y học) túi, bao",(như) sack,
hierarchical,",haiə'rɑ:kik","có thứ bậc, có tôn ti",,
concurrence,kən'kʌrəns,"sự trùng nhau, sự xảy ra đồng thời","sự hợp lực, sự góp vào","sự tán thành, sự đồng ý, sự nhất trí"
indefinitely,,mập mờ,"vô hạn định, không biết đến bao giờ",
baptism,'bæptizm,(tôn giáo) lễ rửa tội,sự thử thách đầu tiên,"sự đặt tên (cho tàu, chuông nhà thờ...)"
morphological,",mɔ:fə'lɔdʤik",(thuộc) hình thái học,,
ultra,'ʌltrə,"cực, cực đoan, quá khích","người cực đoan, người quá khích",
scarcity,'skeəsiti,"sự khan hiếm, sự thiếu thốn, sự khó tìm",,
interchange,'intə'tʃeindʤ,"sự trao đổi lẫn nhau, sự thay thế lẫn nhau",sự đổi chỗ cho nhau,sự xen kẽ nhau
dysfunction,,cũng disfunction,(y học) sự hoạt động khác thường của một cơ quan trong cơ thể,
slate,sleit,"đá bảng, đá",ngói đá đen,bảng đá (của học sinh)
technician,tek'niʃn,"nhà kỹ thuật, nhà chuyên môn",,
pesticide,'pestisaid,thuốc trừ vật hại (sâu chuột làm hại hoa màu),,
socioeconomic,,kinh tế xã hội,,
apportionment,ə'pɔ:ʃnmənt,"sự chia ra từng phần, sự chia thành lô",,
heterogeneous,",hetəroudʤi'njəs","hỗn tạp, khác thể, không đồng nhất",,
ceramics,si'ræmiks,thuật làm đồ gốm,,
fatty,'fæti,béo; như mỡ; có nhiều mỡ,phát phì,có đọng mỡ
propulsion,propulsion,"sự đẩy đi, sự đẩy tới",(nghĩa bóng) sự thúc đẩy; sức thúc đẩy,
retardation,",ri:tɑ:'deiʃn","sự chậm, sự trễ",,
excretion,eks'kri:ʃn,"sự bài tiết, sự thải ra",chất bài tiết,
concur,kən'kə:,"trùng nhau, xảy ra đồng thời","kết hợp lại, góp vào","đồng ý, tán thành, nhất trí"
cuban,'kju:bən,(thuộc) Cu-ba,người Cu-ba,
mob,mɔb,đám đông,"dân chúng, quần chúng, thường dân",đám đông hỗn tạp
deg,,"(vt, của degree) độ(nhiệt...)",,
reluctance,ri'lʌktəns,"sự miễn cưỡng, sự bất đắc dĩ, sự không thích, sự không sẵn lòng (làm việc gì)",(điện học) từ tr,
reversible,ri'və:səbl,phải trả lại,"không có mặt trái, hai mặt như nhau (vải)","(vật lý); (toán học) thuận nghịch, nghịch được"
preferential,",prefə'renʃəl","ưu đâi, dành ưu tiên cho; được ưu đâi, được ưu tiên",,
unilateral,'ju:ni'lætərəl,"ở về một phía, một bên","một bên, đơn phương",
groove,gru:v,"đường xoi, đường rânh (đục trên tấm ván; trên đĩa hát...), đường rạch khía (trong nòng súng...)","nếp sông đều đều, thói quen, thói cũ, đường mòn","(từ Mỹ,nghĩa Mỹ),  (thông tục) trơn tru, thông đồng, bén gót"
aromatic,",ærou'mætik",thơm,,
agreeable,ə'griəbl,"dễ chịu, dễ thương","vừa ý, thú, khoái","(thông tục) vui lòng, sẵn sàng, tán thành, sẵn sàng đồng ý"
psychotherapy,'saikou'θerəpi,(y học) phép chữa bằng tâm lý,,
recurrence,ri'kʌrəns,sự trở lại (một vấn đề...),sự trở lại trong trí nhớ,"sự tái diễn, sự diễn lại"
ordnance,'ɔ:dnəns,"pháo, súng lớn","ban quân nhu, ban hậu cần","(từ Mỹ,nghĩa Mỹ) súng ống đạn dược"
bowel,'bauəl,(giải phẫu) ruột,(số nhiều) lòng ((nghĩa đen) & (nghĩa bóng)),"(số nhiều) tình thương, lòng trắc ẩn"
shipbuilding,"'ʃip,bildiɳ",nghề đóng tàu,,
differentiate,",difə'renʃieit",phân biệt,(toán học) lấy vi phân,"trở thành khác biệt, khác biệt"
optics,'ɔptiks,quang học,,
feeble,'fi:bl,"yếu, yếu đuối","kém, nhu nhược","lờ mờ, không rõ"
hemorrhage,'heməridʤ,"(y học) sự chảy máu, sự xuất huyết",,
contour,'kɔntuə,"đường viền, đường quanh",đường nét,"(từ Mỹ,nghĩa Mỹ) sự thể, diễn biến của sự việc, tình huống, tình trạng"
sperm,spə:m,(sinh vật học) tinh dịch,(như) spermatozoon,(như) sperm-whale
mon,,thứ Hai (Monday),viết tắt,thứ Hai (Monday)
incoming,"'in,kʌmiɳ","sự vào, sự đến","(số nhiều) thu nhập, doanh thu, lợi tức","vào, mới đến"
fragile,'frædʤail,"dễ vỡ, dễ gây, dễ hỏng; mỏng mảnh, mỏng manh ((nghĩa đen) & (nghĩa bóng))","yếu ớt, mảnh dẻ",
cessation,se'seiʃn,"sự dừng, sự ngừng, sự đình, sự chấm dứt",,
assimilation,"ə,simi'leiʃn",sự tiêu hoá ((nghĩa đen) & (nghĩa bóng)),sự đồng hoá,
manifold,'mænifould,rất nhiều; nhiều vẻ,in thành nhiều bản,
incompatible,",inkəm'pætəbl","(+ with) không hợp với, không thích hợp với, không tương hợp với, kỵ nhau","xung khắc, không hợp nhau",
invaluable,in'væljuəbl,vô giá,,
venous,'vi:nəs,(thuộc) tĩnh mạch,(như) venose,
periphery,pə'rifəri,chu vi,"ngoại vi, ngoại biên",
terrestrial,ti'restriəl,"(thuộc) đất, (thuộc) trái đất","ở trên mặt đất, ở thế gian","(động vật học) ở cạn, sống trên mặt đất"
tubular,'tju:bjulə,hình ống,có ống,
optic,'ɔptik,(thuộc) mắt,(thuộc) thị giác,(đùa cợt) con mắt
deprivation,",depri'veiʃn",sự mất,"sự lấy đi, sự tước đoạt",sự cách chức (mục sư...)
infinitely,,"vô vàn, vô cùng, rất nhiều",,
dielectric,,(Tech) điện môi,,
masculine,'mɑ:skjulin,(thuộc) giống đực; (thuộc) đàn ông,có những đức tính như đàn ông,(ngôn ngữ học) (thuộc) giống đực
metaphysical,",metə'fizikəl",siêu hình,"lý thuyết suông, trừu tượng",
vicious,'viʃəs,"xấu xa, đồi bại","xấu, ác",giữ (ngựa)
symmetric,si'metrik,đối xứng,,
deductible,,"có thể trừ đi, có thể khấu trừ",,
insoluble,in'sɔljubl,không hoà tan được,không giải quyết được,
carbide,'kɑ:baid,(hoá học) cacbua,,
fungus,'fʌɳgəs,nấm,cái mọc nhanh như nấm,(y học) nốt sùi
ordination,",ɔ:di'neiʃn","sự sắp xếp, sự xếp loại","sự ban lệnh, sự định đoạt","(tôn giáo) lễ thụ chức, lễ tôn phong"
prognosis,prognosis,"(y học) dự đoán (về sự tiến triển của bệnh), tiên lượng",,
apprenticeship,ə'prentiʃip,"sự học việc, sư học nghề; thời gian học việc, thời gian học nghề",,
fission,'fiʃn,(sinh vật học) sự sinh sản phân đôi,(vật lý) sự phân hạt nhân,
distillation,",disti'leiʃn",(hoá học) sự cất,sản phẩm cất,
cleavage,'kli:vidʤ,"sự chẻ, sự bổ ra","(nghĩa bóng) sự phân ra, sự chia tách","(địa lý,địa chất) tính dễ tách"
wedge,wed,cái nêm,vật hình nêm,(quân sự) mũi nhọn
schizophrenia,,<y> bệnh tâm thần phân liệt,,
diaphragm,'daiəfræm,"màng chắn, màng ngăn",(giải phẫu) cơ hoành,
harassment,'hærəsmənt,"sự quấy rầy, sự phiền nhiễu; sự lo lắng ưu phiền",sự quấy rối (quân địch),
infiltration,",infil'treiʃn",sự rỉ qua; vật rỉ qua,(quân sự); (chính trị) sự xâm nhập từng tốp,"(từ Mỹ,nghĩa Mỹ),  (quân sự) sự chuyển vận (quân và xe cộ) từng tốp (để tránh máy bay địch)"
opium,'oupjəm,thuốc phiện ((nghĩa đen) & (nghĩa bóng)),điều trị bằng thuốc phiện; làm say bằng thuốc phiện,
dialect,'daiəlekt,"tiếng địa phương, phương ngôn",,
closet,'klɔzit,"buồng nhỏ, buồng riêng","(từ Mỹ,nghĩa Mỹ) phòng để đồ; phòng kho","(từ cổ,nghĩa cổ) phòng hội ý; phòng họp kín"
hawk,hɔ:k,"(động vật học) diều hâu, chim ưng","(từ Mỹ,nghĩa Mỹ),  (chính trị) kẻ hiếu chiến, diều hâu ((nghĩa bóng))",kẻ tham tàn
prophecy,prophecy,"tài đoán trước, tài tiên tri","lời đoán trước, lời tiên tri",
yearbook,,tài liệu xuất bản hàng năm và chứa đựng thông tin về năm trước đó; niên giám,"ấn bản do học viên lớp cuối khoá của một trường biên soạn, ghi lại các sự kiện trong năm học và thường có hình chụp các học viên và nhà trường; kỷ yếu",
laden,'leidn,"chất đầy, nặng trĩu",,
hydrocarbon,'haidrou'kɑ:bən,(hoá học) hyddrocacbon,,
emigration,",emi'greiʃn",sự di cư,,
template,'templit,"(kỹ thuật) mẫu, dưỡng",,
fir,fə:,(thực vật học) cây linh sam ((cũng) fir tree),gỗ linh sam,
aggregation,",ægri'geiʃn","sự tập hợp, sự kết hợp, sự tụ tập","khối tập hợp, khối kết tập, thể tụ tập",sự thu nạp (vào một tổ chức)
wrath,rɔ:θ,"sự tức giận, sự phẫn nộ",những kẻ sẽ bị trời tru đất diệt,
arid,'ærid,khô cằn (đất),"(nghĩa bóng) khô khan, vô vị",
routinely,,thông thường; thường lệ; thường làm đều đặn,,
triangular,trai'æɳgjulə,tam giác,"ba phe, ba bên",
intimacy,'intiməsi,"sự quen thân, sự thân mật, sự mật thiết, sự thân tình, sự quen thuộc","sự chung chăn chung gối; sự ăn nằm với (ai); sự gian dâm, sự thông dâm","sự riêng biệt, sự riêng tư"
clarification,",klærifi'keiʃn","sự lọc, sự gạn",sự làm cho sáng sủa dễ hiểu,
refrigeration,"ri,fridʤə'reiʃn","sự làm lạnh; sự ướp lạnh (thịt, hoa quả)",,
trajectory,trædʤikəri,đường đạn; quỹ đạo,,
shuttle,'ʃʌtl,con thoi,động từ,qua lại như con thoi; làm cho qua lại như con thoi
diffuse,di'fju:s,(vật lý) khuếch tán,"rườm rà, dài dòng (văn)","truyền, đồn (tin); truyền bá; phổ biến"
inertia,i'nə:ʃjə,"tính ì, quán tính","tính trì trệ, tính ì, tính chậm chạp",
cardiovascular,,(thuộc) tim và mạch máu; tim mạch,,
deity,'di:iti,tính thần,vị thần,"Chúa trời,  Thượng đế"
pragmatic,præg'mætik,(triết học) thực dụng,"hay dính vào chuyện người, hay chõ mõm","giáo điều, võ đoán"
mercantile,'mə:kəntail,"buôn, buôn bán","hám lợi, vụ lợi",thuyết duy tiền (cho tiền là của cải duy nhất)
reside,ri'zaid,"ở tại, trú ngụ, cư trú","(+ in) thuộc về (thẩm quyền, quyền hạn...)",
inversion,'in'və:ʃn,"sự lộn ngược, sự đảo ngược; sự bị lộn ngược, sự bị đảo ngược",(ngôn ngữ học) phép đảo (trật tự của từ),(hoá học) sự nghịch chuyển
spindle,'spindl,"mọc thẳng lên, mọc vút lên",làm thành hình con suốt,lắp con suối
fermentation,",fə:men'teiʃn",sự lên men,"sự khích động, sự vận động, sự xúi giục","sự xôn xao, sự sôi sục, sự náo động"
methodological,,(logic học) (thuộc) phương pháp luận,,
dent,dent,"hình rập nổi, vết lõm (do bị rập mạnh)",vết mẻ (ở lưỡi dao),rập hình nổi; làm cho có vết lõm
therefor,ðeə'fɔ:,"(từ cổ,nghĩa cổ) về việc đó",,
unduly,'ʌn'dju:li,"quá, quá mức, quá chừng, quá đáng","không đúng giờ, không đúng lúc",
intuition,",intju:'iʃn","trực giác, sự hiểu biết qua trực giác; khả năng trực giác",điều (hiểu qua) trực giác,
syphilis,'sifilis,(y học) bệnh giang mai,,
conciliation,"kən,sili'eiʃn",sự hoà giải,,
flask,flɑ:sk,túi đựng thuốc súng,bình thót cổ (dùng trong phòng thí nghiệm),"chai bẹt, lọ bẹt (đựng rượu để trong bao da, bỏ túi được)"
negligent,'neglidʤənt,"cẩu thả, lơ đễnh",,
banquet,'bæɳkwit,tiệc lớn,thết tiệc lớn,"ăn tiệc, dự tiệc"
triple,'tripl,"có ba cái, gồm ba phần","ba lần, gấp ba","gấp ba, nhân ba, tăng lên ba lần"
abrupt,ə'brʌpt,"bất ngờ, đột ngột; vội vã","cộc lốc, lấc cấc, thô lỗ","dốc đứng, hiểm trở, gian nan"
concord,'kɔɳkɔ:d,"sự hoà hợp, sự hoà thuận","thoả ước, hiệp ước",(ngôn ngữ học) sự tương hợp (về giống và số)
highlands,,miền núi tây bắc Xcôtlân,,
twelfth,twelfθ,thứ mười hai,một phần mười hai,người thứ mười hai; vật thứ mười hai; ngày mười hai
obesity,ou'bi:siti,"sự béo phị, sự trệ",,
dissociation,"di,sousi'eiʃn","sự phân ra, sự tách ra","(hoá học) sự phân tích, sự phân ly",
suffrage,'sʌfridʤ,"sự bỏ phiếu; sự bỏ phiếu tán thành, sự bỏ phiếu đồng ý",quyền đi bầu,sự thích hơn; sự tán thành
decidedly,di'saididli,"kiên quyết, dứt khoát","rõ ràng, không cãi được",
competitiveness,kəm'petitivnis,"tính cạnh tranh, tính đua tranh",,
palestinian,",pæləs'tiniən",(thuộc) Pa-le-xtin,người Pa-le-xtin,
stipulation,",stipju'leiʃn",sự quy định (thành điều khoản); điều quy định (thành điều khoản),,
subscriber,səb'skraibə,người góp (tiền),người mua (báo) dài hạn; người đặt mua,(the subscriber) những người ký tên dưới đây
intimately,'intimitli,"thân mật, mật thiết","tường tận, sâu sắc",
exchequer,iks'tʃekə,(the Exchequer) Bộ Tài chính Anh,"kho bạc quốc gia, ngân khố quốc gia",tiền riêng
undermine,",ʌndə'main",đào dưới chân; xói mòn chân,"làm hao mòn, phá ngầm, phá hoại, đục khoét",
dislocation,",dislə'keiʃn","sự làm trật khớp; sự trật khớp, sự sai khớp (chân tay, máy móc...)","sự làm hỏng, sự làm trục trặc (kế hoạch, công việc)","(địa lý,địa chất) sự biến vị, sự dời chỗ, sự chuyển chỗ"
increment,'inkrimənt,sự lớn lên (của cây cối); độ lớn lên,"tiền lãi, tiền lời","(toán học) lượng gia, số gia"
involuntary,in'vɔləntəri,"không cố ý, không chủ tâm, vô tình",(sinh vật học) không tuỳ ý,
supremacy,sju'preməsi,quyền tối cao,"thế hơn, ưu thế",
brutal,'bru:tl,đầy thú tính; cục súc,"hung ác, tàn bạo",
fist,fist,nắm tay; quả đấm,(đùa cợt) bàn tay,(đùa cợt) chữ viết
jealousy,'dʤeləsi,"lòng ghen tị, lòng ghen ghét; tính đố kỵ; thái độ ghen tị; thái độ ghen ghét","máu ghen, thái độ ghen tuông",sự bo bo giữ chặt; sự hết sức giữ gìn
carbohydrate,'kɑ:bə'neiʃəs,(hoá học) hyđat-cacbon,,
beverage,'bəvəridʤ,đồ uống,,
lithium,'liθiəm,(hoá học) Lithi,,
extremity,iks'tremiti,"đầu, mũi",sự bất hạnh tột độ; cảnh túng quẫn cùng cực; bước đường cùng,((thường) số nhiều) biện pháp khắc nghiệt; biện pháp cực đoan
negro,'ni:grou,người da đen,"đen, (thuộc) người da đen",
viability,",vaiə'biliti","khả năng sống được (của thai nhi, cây cối...)",khả năng nảy mầm được (hạt giống),khả năng thành tựu được (kế hoạch)
porcelain,'pɔ:slin,sứ,đồ sứ,"(định ngữ) sứ, bằng sứ; (nghĩa bóng) mỏng manh, dễ vỡ"
kindergarten,"'kində,gɑ:tn","lớp mẫu giáo, vườn trẻ",,
cortical,'kɔ:tikəl,(sinh vật học) (thuộc) vỏ,(giải phẫu) (thuộc) vỏ não,
adhesion,əd'hi:ʤn,"sự dính chặt vào, sự bám chặt vào","sự tham gia, sự gia nhập (một đảng phái)",sự trung thành với; sự giữ vững (ý kiến lập trường...)
rugged,'rʌgid,"gồ ghề, lởm chởm, xù xì","thô lỗ, thô kệch, không đều (nét mặt)","nghiêm khắc, hay gắt, hay quàu quạu"
emancipation,"i,mænsi'peiʃn",sự giải phóng,,
biographical,",baiou'græfik",(thuộc) tiểu sử,,
epithelium,",epi'θ:ljəm",(sinh vật học) biểu mô,,
coup,ku:,việc làm táo bạo; hành động phi thường,,
contemplation,",kɔntem'pleiʃn","sự ngắm, sự thưởng ngoạn","sự trầm ngâm, sự lặng ngắm","sự dự tính, sự dự định, sự liệu trước, sự chờ đợi (một việc gì)"
proximal,proximal,(giải phẫu) ở đầu gần,,
adolescence,",ædou'lesns",thời thanh niên,,
requisite,'rekwizit,cần thiết,"điều kiện tất yếu, điều kiện cần thiết","vật cần thiết, đồ dùng cần thiết"
shrine,ʃrain,hòm đựng thánh cốt,"lăng, mộ","điện thờ, miếu thờ"
unification,",ju:nifi'keiʃn","sự thống nhất, sự hợp nhất",,
agrarian,ə'greəriən,(thuộc) ruộng đất,(thuộc) đất trồng trọt,
inception,in'sepʃn,"sự khởi đầu, sự bắt đầu","sự bắt đầu thi tốt nghiệp (cử nhân hoặc tiến sĩ, ở trường đại học Căm-brít)",
intensely,,"mãnh liệt, dữ dội",,
liberalism,'libərəlizm,chủ nghĩa tự do,,
sequential,'si:kwənt,"liên tục, liên tiếp","theo sau, tiếp sau (ảnh hưởng...)","(toán học) dãy, theo dãy"
pillar,'pilə,"cột, trụ","(nghĩa bóng) cột trụ, rường cột","cột (nước, khói...)"
observance,əb'zə:vəns,"sự tuân theo, sự tuân thủ",sự làm lễ; lễ kỷ niệm,"(từ cổ,nghĩa cổ) sự cung kính, sự kính trọng, sự tôn kính ((cũng) observancy)"
climax,'klaimæks,(văn học) phép tiến dần,"điểm cao nhất (kịch, truyện)","(địa lý,địa chất) cao đỉnh"
constituency,kən'stitjuənsi,"các cử tri, những người đi bỏ phiếu (của một khu vực bầu cử)",khu vực bầu cử,(thực vật học) khách hàng
adjudication,"ə,dʤu:di'keiʃn",sự xét xử,"sự tuyên án, quyết định của quan toà",
hub,hʌb,"trục bánh xe,  moayơ",(nghĩa bóng) trung tâm,(như) hubby
wrought,rɔ:t,đã rèn (sắt); đã thuộc (da); đã bào kỹ (gỗ); chạm trổ (đồ bằng bạc),,
psychic,'saikik,bà đồng; ông đồng,,
conduit,'kɔndit,máng nước,ống cách điện,
oblique,ə'bli:k,"xiên, chéo, chếch","cạnh khoé, quanh co, không thẳng thắn","(thực vật học) không đối xứng, không cân (lá)"
finnish,'finiʃ,(thuộc) Phần-lan,tiếng Phần-lan,
mag,mæg,(từ lóng) đồng nửa xu (Anh),(viết tắt) của magneto,
societal,,thuộc xã hội,,
folklore,'flouklɔ:,văn học dân gian; truyền thống dân gian,khoa nghiên cứu văn học dân gian; khoa nghiên cứu truyền thống dân gian,
restless,'restlis,"không nghỉ, không ngừng","không yên, luôn luôn động đậy, hiếu động","không nghỉ được, không ngủ được, thao thức; bồn chồn, áy náy"
clement,'klemənt,"khoan dung, nhân từ",ôn hoà (khí hậu),
germination,",dʤə:mi'neiʃn","sự mọc mộng, sự nảy mầm",,
nausea,'nɔ:sjə,sự buồn nôn; sự lộn mửa,"sự kinh tởm, sự tởm",
abatement,ə'beitmənt,"sự dịu đi, sự yếu đi, sự nhụt đi, sự giảm bớt, sự đỡ, sự ngớt","sự hạ (giá), sự bớt (giá)","sự chấm dứt, sự thanh toán"
entitlement,,"quyền, sự được phép làm",,
secrecy,'si:krisi,tính kín đáo; sự giữ bí mật,"sự giấu giếm, sự bí mật",
freshwater,"'freʃ,wɔ:tə",(thuộc) nước ngọt; ở nước ngọt,quen đi sông hồ (không quen đi biển),"(từ Mỹ,nghĩa Mỹ) non nớt, ít kinh nghiệm"
graft,grɑ:ft,cành ghép; sự ghép cây; chỗ ghép cây,(y học) mô ghép; sự ghép mô; chỗ ghép mô,"(từ Mỹ,nghĩa Mỹ) (thông tục) sự ăn hối lộ; sự đút lót, sự hối lộ"
incompetent,in'kɔmpitənt,"thiếu khả năng, thiếu trình độ kém cỏi, bất tài",(pháp lý) không đủ thẩm quyền; không có thẩm quyền; không có giá trị pháp lý,"(từ Mỹ,nghĩa Mỹ) người không đủ khả năng, người không đủ trình độ, người kém cỏi, người bất tài"
hurricane,'hʌrikən,bão (gió cấp 8),"(nghĩa bóng) cái dữ dội mãnh liệt, cơn bão tố",
fossil,'fɔsl,"hoá đá, hoá thạch","cổ lỗ, lỗi thời, hủ lậu","(từ hiếm,nghĩa hiếm) chôn ở dưới đất; đào ở đất lên"
tertiary,'tə:ʃəri,thứ ba,"(Tertiary) (địa lý,địa chất) (thuộc) kỷ thứ ba","(Tertiary) (địa lý,địa chất) kỷ thứ ba"
deception,di'sepʃn,"sự dối trá, sự lừa dối, sự lừa gạt","trò lừa dối, mưu mẹo gian dối, mánh khoé lừa bịp",
halfway,,nằm ở giữa với hai khoảng cách bằng nhau; nửa đường; nửa chừng,"(nghĩa bóng) nửa chừng, nửa vời, không triệt để; thoả hiệp","nửa đường, nửa chừng"
dentistry,'dentistri,"nghề chữa răng, khoa răng",,
leukemia,lju:'ki:miə,(y học) bệnh bạch cầu,,
epidemiology,",epi,di:mi'ɔlədʤi","khoa nghiên cứu bệnh dịch, dịch tễ học",,
ethylene,'eθili:n,(hoá học) Etylen,,
hist,hist,xuỵt!,,
intermittent,",intə'mitənt","thỉnh thoảng lại ngừng, lúc có lúc không, gián đoạn","(y học) từng cơn, từng hồi",chạy trục trặc (máy)
cont,,<vt> nội dung,<vt> tiếp theo,
courtyard,'kɔ:t'jɑ:d,sân nhỏ; sân trong,,
degeneration,"di,dʤenə'reiʃn","sự thoái hoá, sự suy đồi; tình trạng thoái hoá",,
bluff,blʌf,có dốc đứng (bờ biển...),"cục mịch, chân thật, chất phác, không biết khách sáo màu mè (người)",dốc đứng
glacial,'gleisjəl,(thuộc) nước đá; (thuộc) thời kỳ sông băng,"băng giá, lạnh buốt","lạnh lùng, ảm đạm"
trough,trɔf,máng ăn (cho vật nuôi),"máng xối, ống xối (để tiêu nước)",máng nhào bột (để làm bánh mì)
mast,mɑ:st,cột buồm,cột (thẳng và cao),làm một thuỷ thủ thường
roadway,'roudwei,lòng đường; lòng cầu,,
incision,in'siʤn,"sự rạch; vết rạch, đường rạch","sự khắc, sự chạm; vết khắc, vết chạm","tính sắc bén, tính nhạy bén"
maximal,'mæksiməl,"tối đa, tột độ",,
metro,'metrou,xe điện ngầm,,
adhere,əd'hiə,"dính chặt vào, bám chặt vào","tham gia, gia nhập","tôn trọng triệt để; trung thành với, gắn bó với; giữ vững"
paramount,'pærəmaunt,tối cao,"tột bực, hết sức","(+ to) hơn, cao hơn"
info,,thông tin không chính xác (viết tắt) của informal  information,,
innumerable,i'nju:mərəbl,"không đếm được, vô số, hàng hà sa số",,
catalytic,",kætə'litik",(hoá học) xúc tác,,
cadmium,'kædmiəm,(hoá học) catmi,,
comprehend,",kɔmpri'hend","hiểu, lĩnh hội, nhận thức thấu đáo","bao gồm, bao hàm",
temperament,'tempərəmənt,"khí chất, tính khí, tính",,
rhetorical,'retərikəl,(thuộc) giáo sư tu từ học,"hoa mỹ, cường điệu, khoa trương (văn)",(thuộc) tu từ học; (thuộc) thuật hùng biện
calculus,'kælkjuləs,(số nhiều calculuses) (toán học) phép tính,(số nhiều calculi) (y học) sỏi (thận),
compatibility,"kəm,pætə'biliti","tính hợp nhau, tính tương hợp",,
attenuation,"ə,tenju'eiʃn","sự làm mỏng đi, sự làm mảnh đi, sự làm gầy đi",sự làm yếu đi,sự làm loãng
peptide,,(sinh (hoá học)) sự kết hợp của hai hay nhiều axit amin tạo thành chuỗi,,
stringent,'stridʤənt,"chính xác, nghiêm ngặt, chặt chẽ (nội quy, luật pháp...)",(tài chính) khan hiếm (tiền); khó làm ăn,
isotope,'aisoutoup,(hoá học) chất đồng vị,,
divergence,dai'və:dʤəns,"sự phân kỳ, sự rẽ ra",sự trệch; sự đi trệch,"sự khác nhau, sự bất đồng (ý kiến...)"
forged,fɔ:dʤd,"được rèn luyện được, được tôi luyện",giả mạo (chữ ký...),
inhibited,,"gượng gạo, rụt rè, thiếu tự nhiên",,
proprietary,proprietary,"thuộc chủ, người có quyền sở hữu","có tài sản, có của","(thuộc) quyền sở hữu, giữ làm tài sản riêng; giữ độc quyền (bán, sản xuất...)"
kinship,'kinʃip,mối quan hệ họ hàng,sự giống nhau về tính chất,
nomenclature,nou'menklətʃə,"phép đặt tên gọi, danh pháp",thuật ngữ (của một ngành khoa học...),"(từ hiếm,nghĩa hiếm) mục lục"
herewith,'hiə'wið,kèm theo đây,,
dwell,dwel,"((thường) + in,  at,  near,  on) ở, ngụ, ở","(+ on,  upon) dừng lại ở, chăm chú vào, nhấn lâu vào, day đi day lại",đứng chững lại (trước khi vượt rào) (ngựa)
misdemeanor,,như misdemeanour,,
subscribe,,(to subscribe something to something) ký (tên) vào bên dưới một văn kiện,(to subscribe something to something) quyên tiền; góp tiền,"(to subscribe to something) (đồng ý) mua (báo, tạp chí...) đều đặn trong một thời gian); đặt mua dài hạn"
persian,'pə:ʃən,(thuộc) Ba tư,người Ba tư,tiếng Ba tư
zoology,zou'ɔlədʤi,động vật học,,
wharf,w :f,"(hàng hi) bến tàu, cầu tàu",(hàng hi) cho (hàng) vào kho ở bến,(hàng hi) buộc (tàu) vào bến
divinity,di'viniti,tính thần thánh,thần thánh,"người đáng tôn sùng, người được tôn sùng"
confidentiality,,"(Tech) bí mật, cơ mật; bảo mật",,
adolescent,",ædou'lesns","đang tuổi thanh niên, trẻ",người thanh niên,
multinational,,bao gồm nhiều nước; đa quốc gia,công ty kinh doanh ở nhiều nước khác nhau; công ty đa quốc gia,
refinement,ri'fainmənt,"sự lọc; sự tinh chế (dầu, đường); sự luyện tinh (kim loại)","sự tinh tế, sự tế nhị, sự tao nhã, sự lịch sự, sự sành sỏi","cái hay, cái đẹp, cái tinh tuý, cái tao nhã"
ambient,'æmbiənt,"bao quanh, ở xung quanh",,
airway,'eəwei,chiến tranh bằng không quân,,
menace,menəs,(văn học) mối đe doạ,đe doạ,
methanol,'meθənɔl,(hoá học) Metanola,,
sober,'soubə,không say rượu,điều độ,"điềm tĩnh, điềm đạm"
rector,'rektə,"hiệu trưởng (trường đại học, trường trung học)",mục sư (giáo hội Anh),
diminishing,di'miniʃip,"hạ bớt, giảm bớt; thu nhỏ",,
potash,'pɔtæʃ,ash) /'pə:læʃ/,"(hoá học) Kali cacbonat, bồ tạt ((từ cổ,nghĩa cổ) (cũng) potass)",
exponential,",ekspou'nenʃəl","(toán học) (thuộc) số mũ, theo luật số mũ",,
chancery,'tʃɑ:nsəri,toà đại pháp Anh,"(từ Mỹ,nghĩa Mỹ) toà công lý",(pháp lý) đang thưa kiện (ở toà đại pháp)
dough,dou,bột nhào,bột nhão; cục nhão (đất...),"(từ lóng) tiền, xìn"
rue,ru:,(thực vật học) cây cửu lý hương,"(từ cổ,nghĩa cổ) sự ăn năn, sự hối hận","hối hận, ăn năn, hối tiếc"
leverage,'li:və,tác dụng của đòn bẩy; lực của đòn bẩy,,
homicide,,kẻ giết người,hành động giết người; tội giết người,
bloc,blɔk,(chính trị) khối,,
don,dɔn,Đông (tước hiệu Tây-ban-nha),người quý tộc Tây-ban-nha; người Tây-ban-nha,"người ưu tú, người lỗi lạc (về một cái gì)"
immature,",imə'tjuə","non nớt, chưa chín chắn",chưa chín muồi,
vaccination,",væksi'neiʃn","sự chủng, sự tiêm chủng",,
symmetrical,si'metrik,đối xứng,,
lethal,'li:θəl,"làm chết người, gây chết người",,
entirety,in'taiəti,"trạng thái nguyên, trạng thái toàn vẹn; tính trọn vẹn","hoàn toàn, trọn vẹn",tổng số
reconnaissance,ri'kɔnisəns,"(quân sự) sự trinh sát, sự do thám",(quân sự) đội trinh sát,sự thăm dò
individuality,",indi,vidju'æliti",tính chất cá nhân,cá nhân,cá nhân
spec,spek,"(thông tục) sự đầu cơ, sự kinh doanh đầu cơ",,
catheter,,ống thông đường tiểu,,
glossary,'glɔsəri,bảng chú giải,từ điển thuật ngữ; từ điển cổ ngữ; từ điển thổ ngữ,
noah,,thuyền Nô-ê,,
accelerate,æk'seləreit,"làm nhanh thêm; làm chóng đến; thúc mau, giục gấp",rảo (bước),"tăng nhanh hơn; mau hơn, bước mau hơn, rảo bước"
radioactivity,'reidiouæk'tiviti,năng lực phóng xạ; tính phóng xạ,,
fibrous,'faibrəs,"có sợi, có thớ, có xơ",,
lib,,"<thgt> sự giải phóng, sự phóng thích",,
arbitrarily,'ɑ:bitrərili,"chuyên quyền, độc đoán","tuỳ ý, tự ý",
acetic,ə'si:tik,(hoá học) axetic; (thuộc) giấm,,
credible,'kredəbl,"đáng tin, tin được",,
hydrochloric,'haidrou'klɔ:rik,(hoá học) clohyddric,,
salvage,'sælvidʤ,tiền trả cứu tàu (cho hãng bảo hiểm),"sự cứu tàu (khỏi đắm, khỏi hoả hoạn...); sự cứu chạy (đồ đạc trong một vụ cháy nhà)","tài sản cứu được, đồ đạc cứu được"
biopsy,'baiəpsi,(y học) sinh thiết,,
bourgeois,'buəʤwa:,người tư sản,(thuộc) giai cấp tư sản,trưởng giả
punitive,'pju:nitiv,"phạt, trừng phạt, trừng trị; để trừng phạt, để trừng trị",,
mystical,'mistik,người thần bí,"thần bí, huyền bí",bí ẩn
proficiency,proficiency,"sự tài giỏi, sự thành thạo",tài năng (về việc gì),
stud,stʌd,lứa ngựa nuôi,trại nuôi ngựa giống,ngựa giống
fraternity,frə'tə:niti,tình anh em,phường hội,"(từ Mỹ,nghĩa Mỹ) hội học sinh đại học"
recurring,ri'kə:riɳ,trở lại luôn; lại diễn ra; có định kỳ,(toán học) tuần hoàn,
shrinkage,'ʃriɳkidʤ,sự co lại (của vải...),sự hụt cân (của súc vật từ khi chuyên chở đến khi giết thịt),số lượng co
spontaneously,,"tự động, tự ý","tự phát, tự sinh","thanh thoát, tự nhiên, không ép buộc, không gò bó, không ngượng ngập (văn )"
etiology,",i:ti'ɔlədʤi",thuyết nguyên nhân,(y học) khoa nguyên nhân bệnh,
hymn,him,bài thánh ca,bài hát ca tụng,quốc ca
unused,' n'ju:zd,không dùng; chưa dùng đến,không quen,
inefficient,",ini'fiʃənt","thiếu khả năng, không có khả năng, bất tài",không có hiệu quả,
akin,ə'kin,"thân thuộc, bà con, có họ","hơi giống, na ná",
incremental,",inkri'mentəl",(thuộc) sự lớn lên,"(thuộc) tiền lãi, (thuộc) tiền lời",
syrup,'sirəp,"xi-rô, nước ngọt",,
geologic,dʤiə'lɔdʤik,(thuộc) địa chất,,
censorship,'sensəʃip,cơ quan kiểm duyệt,quyền kiểm duyệt,công tác kiểm duyệt
meaningless,'mi:niɳfulnis,vô nghĩa,,
precipitate,pri'sipitit,"(hoá học) chất kết tủa, chất lắng","mưa, sương","vội vàng, vội vã cuống cuồng, đâm sấp giập ngửa"
necrosis,ne'krousis,(sinh vật học) sự chết hoại,,
reconcile,'rekənsail,"giải hoà, giảng hoà, làm cho hoà thuận","điều hoà, làm hoà hợp, làm cho nhất trí",đành cam chịu
anomaly,ə'nɔməli,"sự không bình thường, sự dị thường; độ dị thường; vật dị thường, tật dị thường",(thiên văn học) khoảng cách gần nhất (của hành tinh hay vệ tinh từ điển gần mặt trời nhất hoặc điểm gần quả đất nhất),
articulation,"ɑ:,tikju'leiʃn",(giải phẫu) khớp,sự nối bằng khớp; sự khớp lại với nhau,cách đọc rõ ràng; cách phát âm rõ ràng
propriety,propriety,"sự thích đáng, sự thích hợp, sự đúng đắn (của một hành động...)","sự đúng đắn, sự đúng mực, sự chỉnh, sự hợp lẽ, sự hợp thức (trong thái độ, cư xử)","phép tắc, khuôn phép, lễ nghi, phép lịch sự"
perceptual,,thuộc tri giác; cảm giác; giác quan,,
startling,'stɑ:tliɳ,"làm giật mình, làm hoảng hốt, làm sửng sốt",,
chaplain,'tʃæplin,"giáo sĩ (trong nhà thờ nhỏ của trường học, bệnh viện, nhà tù, trại lính)",,
staple,'steipl,"đinh kẹp, má kẹp (hình chữ U); dây thép rập sách",ống bọc lưỡi gà (ở kèn ôboa...),đóng bằng đinh kẹp; đóng (sách) bằng dây thép rập
contiguous,kən'tigjuəs,"kề nhau, giáp nhau, tiếp giáp (vườn, ruộng, nhà...); láng giềng, bên cạnh",,
dominican,də'minikən,(tôn giáo) (thuộc) thánh Đô-mi-ních; (thuộc) dòng Đô-mi-ních,(tôn giáo) thầy tu dòng Đô-mi-ních,
rotational,rou'teiʃənl,"quay tròn, luân chuyển",,
pursuance,pə'sju:əns,"sự đeo đuổi, sự thực hiện đến cùng (một kế hoạch, một công việc...)",,
esp,,Anh ngữ chuyên ngành (English for Specific Purposes),Tri giác ngoại cảm (Extra sensory perception),
semantics,si'mæntiks,ngữ nghĩa học,,
pyramid,'pirəmid,(toán học) hình chóp,"tháp chóp, kim tự tháp (Ai-cập)",đống hình chóp
gypsum,'dʤipsəm,thạch cao ((viết tắt) gyps),,
fetus,'fi:təs,"thai, bào thai",,
slag,slæg,"(kỹ thuật) xỉ, vảy (sắt)",kết thành xỉ,
mythology,mi'θɔlədʤi,thần thoại,"thần thoại học, khoa thần thoại",
preach,pri:tʃ,"(thông tục) sự thuyết, sự thuyết giáo",bài thuyết giáo,"thuyết giáo, thuyết pháp"
sheath,ʃi:θ,"bao, vỏ (kiếm); ống","(sinh vật học) màng bọc, bao, vỏ, áo","kè đá, đạp đá"
spear,spiə,"cái giáo, cái mác, cái thương",cái xiên (đâm cá),(thơ ca) (như) spearman
mechanically,,một cách máy móc,một cách máy móc,
cit,sit,người dân thành thị,"(từ lóng) thường dân, người thường (trái với quân đội)","(từ Mỹ,nghĩa Mỹ) sĩ quan mặc thường phục"
relational,,liên quan; liên hệ,thân thuộc; hôn nhân,"có tính chất quan hệ, có biểu thị quan hệ"
authenticity,",ɔ:θen'tisiti","tính đúng thật, tính xác thật",,
inhibitor,in'hibitə,(hoá học) chất ức chế,(như) inhibiter,
algebraic,'ældʤibrə,đại số,,
hinder,'haində,ở đằng sau,"cản trở, gây trở ngại",
infinity,in'finiti,(như) infinitude,"(toán học) vô cực, vô tận","vô cùng, vô tận"
maturation,",mætjuə'reiʃn",sự chín (trái cây),"sự mưng mủ (mụn, nhọt...); sự làm mưng mủ","sự thành thực, sự trưởng thành"
flushed,,xúc động,,
affirmation,",æfə:'meiʃn","sự khẳng định, sự xác nhận; sự quả quyết","lời khẳng định, lời xác nhận; lời quả quyết",(pháp lý) sự xác nhận; sự phê chuẩn
crept,kri:p,"(số nhiều) sự ghê rợn, sự rùng mình, sự sởn gáy, sự khiếp đảm, sự hãi hùng","sự bó, sự trườn",lỗ hốc (trong hàng rào...)
concurrently,,"đồng thời, kiêm",,
illustrative,'iləstreitiv,(để) minh hoạ,,
liberalization,",libərəlai'zeiʃn",sự mở rộng tự do; sự làm cho có tự do,,
lineage,'liniidʤ,"nòi giống, dòng, dòng giống, dòng dõi",,
drastically,,"mạnh mẽ, quyết liệt",trầm trọng,
inmate,'immeit,người ở cùng (trong một nhà...),"người bệnh (nằm trong bệnh viện, nhà thương điên...)",người ở tù
accelerating,æk'seləreitiɳ,làm nhanh thêm,gia tốc,
unspecified,' n'spesifaid,"không chỉ rõ, không nói rõ",,
extant,eks'tænt,"(pháp lý) hiện có, hiện còn",,
creeping,,"dần dần, từ từ",,
autopsy,'ɔ:təpsi,(y học) sự mổ xác (để khám nghiệm),(nghĩa bóng) sự mổ xẻ phân tích,
cyclical,'saiklik,"tuần hoàn, theo chu kỳ",,
gallant,'gælənt,dũng cảm; hào hiệp,"uy nghi, lộng lẫy, tráng lệ (thuyền...); cao lớn đẹp dẽ (ngựa...)","(từ cổ,nghĩa cổ) ăn mặc đẹp, chải chuốt, bảnh bao"
inductive,in'dʌktiv,quy nạp,(điện học) cảm ứng,
authorship,'ɔ:θəʃip,nghề viết văn,nguồn tác giả (một cuốn sách),
vertices,'və:teks,"đỉnh, chỏm, chóp, ngọn","(nghĩa bóng) đỉnh, cực điểm",(giải phẫu) đỉnh đầu
concentric,kɔn'sentrik,đồng tâm,,
authentication,"ɔ:,θenti'keiʃn","sự xác nhận là đúng, sự chứng minh là xác thực",sự làm cho có giá trị; sự nhận thức,
inhibitory,in'hibitiv,"để ngăn chặn, để hạn chế, để kiềm chế","để ngăn cấm, để cấm",
speculate,'spekjuleit,tự biên,"suy đoán, đưa ra ý kiến này ý kiến nọ về, ức đoán","đầu cơ, tích trữ"
materialism,mə'tiəriəlizm,chủ nghĩa duy vật,"sự nặng nề vật chất, sự quá thiên về vật chất",
solemnly,,trọng thể; chính thức,long trọng; trang nghiêm,"uy nghi, uy nghiêm"
recital,ri'saitl,"sự kể lại, sự thuật lại, sự kể lể; chuyện kể lại, chuyện thuật lại","sự ngâm, sự bình (thơ)",(âm nhạc) cuộc biểu diễn độc tấu
depict,di'pikt,vẽ,"tả, miêu tả",
concise,kənsais,"ngắn gọn, súc tích (văn)",,
repentance,ri'pentəns,"sự ân hận, sự ăn năn, sự hối hận",,
molar,'moulə,(thuộc) răng hàm,để nghiến,(hoá học) phân tử gam
speedily,,"<thgt> mau lẹ, nhanh, nhanh chóng","ngay lập tức, không chậm trễ (làm việc, đi đến )",
rotate,rou'teit,"quay, xoay quanh",luân phiên nhau,(thực vật học) có hình bánh xe
exertion,ig'zə:ʃn,"sự dùng, sự sử dụng (sức mạnh, ảnh hưởng...)","sự cố gắng, sự nổ lực, sự rán sức",
septic,'septik,"(y học) nhiễm khuẩn, nhiễm trùng",gây thối,"hố rác tự hoại, hố phân tự hoại (do hoạt động của các vi khuẩn)"
intellectually,,"về mặt trí tuệ, trí thức",,
magnetism,'mægnitizm,từ học,hiện tượng từ,tính từ
fucking,,"rất, vô cùng",,
magnetization,",mægnitai'zeiʃn",sự từ hoá,"sự lôi cuốn, sự hấp dẫn; sự dụ hoặc, sự thôi miên",
groceries,,hàng tạp phẩm,,
extraneous,eks'treinjəs,"bắt nguồn ở ngoài, xa lạ","không thuộc về, không dính dáng, không liên quan đến (vấn đề đang giải quyết...)",
hasten,'heisn,"thúc (ai) làm gấp, giục (ai) mau lên",đẩy nhanh (công việc),"vội, vội vàng, vội vã; hấp tấp"
polling,,việc bỏ phiếu,"địa điểm bỏ phiếu, địa điểm bầu cử",
inductance,in'dʌktəns,tính tự cảm,độ tự cảm,
motherhood,'mʌðəhud,"chức năng làm mẹ, bổn phận làm mẹ",tình mẹ,
desolate,'desəlit,"bị tàn phá, tan hoang, đổ nát","hoang vắng, không người ở, tiêu điều","bị ruồng bỏ, bị bỏ rơi; lẻ loi, bơ vơ, cô độc"
dialectic,",daiə'lektik",biện chứng,(như) dialectal,người có tài biện chứng
brutality,bru:'tæliti,"tính hung ác, tính tàn bạo",hành động hung ác,
liberally,,"tùy tiện, tùy nghi",,
refine,ri'fain,"lọc, lọc trong, luyện tinh, tinh chế","làm cho tinh tế hơn, làm cho lịch sự hơn, làm cho tao nhã hơn, làm cho sành sõi hơn (sở thích, ngôn ngữ, tác phong...)","trở nên tinh tế hơn, trở nên lịch sự hơn, trở nên tao nhã hơn, trở nên sành sõi hơn (sở thích, ngôn ngữ, tác phong...)"
recitation,",resi'teiʃn","sự kể lại, sự kể lể","sự ngâm thơ, sự kể chuyện (thuộc lòng, trước thính giả)",sự đọc thuộc lòng (bài học); bài học thuộc lòng
constancy,'kɔnstənsi,"sự bền lòng, tính kiên trì","tính kiên định, tính trung kiên; sự trung thành, sự chung thuỷ","sự bất biến, sự không thay đổi"
diffused,,lan rộng; truyền bá; phổ biến,lộn xộn; rối rắm; tản mạn; thiếu chặt chẽ,
relativistic,,<lý> học dựa trên thuyết tương đối,,
dialectical,",daiə'lektik",biện chứng,(như) dialectal,người có tài biện chứng
unnamed,'ʌn'neimd,"không tên, vô danh",,
dwelt,dwel,"((thường) + in,  at,  near,  on) ở, ngụ, ở","(+ on,  upon) dừng lại ở, chăm chú vào, nhấn lâu vào, day đi day lại",đứng chững lại (trước khi vượt rào) (ngựa)
interchangeable,",intə'tʃeindʤəbl",có thể thay cho nhau,đổi lẫn được,
beheld,bi'hould,nhìn ngắm,"thấy, trông thấy","chú ý!, để ý!"
forging,,mẩu kim loại thành hình nhờ ép nén,,
espionage,,"hoạt động tình báo, hoạt động gián điệp",,
retorted,ri'tɔ:tid,"cong queo, vặn vẹo",,
heathen,'hi:ðən,"người ngoại đạo (đối với người theo đạo Do-thái,  Cơ-ddốc hay đạo Hồi)",người không văn minh; người dốt nát,ngoại đạo
stewardship,'stjuədʃip,"cương vị quản lý, cương vị quản gia",cương vị chiêu đãi viên,
demarcation,",di:mɑ:'keiʃn",sự phân ranh giới,,
wickedness,'wikidnis,tính chất đồi bại,tính chất độc ác,tính chất nguy hại
serviceable,'sə:visəbl,"có ích, có thể dùng được; tiện lợi","tốt bụng, sẵn sàng giúp đỡ; có khả năng giúp đỡ","bền, có thể dãi dầu (đồ dùng)"
lymphatic,lim'fætik,(sinh vật học) (thuộc) bạch huyết,nhẽo nhợt (cơ); xanh xao; phờ phạc,mạch bạch huyết
zealous,'zeləs,"sốt sắng, hắng hái; có nhiệt tâm, có nhiệt huyết",,
amiable,'eimjəbl,"tử tế, tốt bụng","nhã nhặn, hoà nhã","dễ thương, đáng yêu"
flushing,,sự rửa bằng tia nước,sự nhuộm màu đỏ máu,
distort,dis'tɔ:t,"vặn vẹo, bóp méo, làm méo mó","bóp méo, xuyên tạc (sự việc...)",
retort,ri'tɔ:t,"sự trả miếng, sự trả đũa; sự vặn lại; sự đập lại, sự bắt bẻ lại, sự câi lại, sự đối đáp lại","lời vặn lại, lời đập lại, lời câi lại, lời đối đáp lại","trả miếng, trả đũa, vặn lại; đập lại, bắt bẻ lại, câi lại, đối đáp lại (lý lẽ...)"
decisively,,"kiên định, dứt khoát",,
auctions,,(Econ) Đấu giá.,,
contrived,,"trù tính, có sắp xếp trước",,
democratization,"di,mɔkrətai'zeiʃn",sự dân chủ hoá,,
degenerate,di'dʤenərit,"thoái hoá, suy đồi","(sinh vật học) giống thoái hoá (người, súc vật)",thoái hoá
intermittently,,"từng cơn từng hồi, không liên tục",,
bracing,'breisiɳ,"làm cường tráng, làm khoẻ mạnh",,
glued,,sự dán,,
rustic,'rʌstik,"mộc mạc, quê mùa; chất phác; thô kệch","(kiến trúc) đẽo qua loa, chưa nhẵn mặt (đá)",không đều (chữ viết)
remittance,ri'mitəns,"sự gửi tiền, sự gửi hàng","món tiền nhận được qua bưu điện, món hàng nhận qua bưu điện",
advisability,"əd,vaizə'biliti","tính chất nên, tính chất thích hợp, tính chất đáng theo","tính chất khôn, tính chất khôn ngoan",
overhaul,'ouvəhɔ:l,"sự kiểm tra kỹ lưỡng, sự xem xét toàn bộ","sự đại tu[,ouvə'hɔ:l]",tháo ra để xem xét cho kỹ; xem xét lại toàn bộ
delineation,"di,lini'eiʃn","sự mô tả, sự phác hoạ","hình mô tả, hình phác hoạ",
profess,profess,"tuyên bố, bày tỏ, nói ra","tự cho là, tự xưng là, tự nhận là","theo, tuyên bố tin theo, nhận là tin theo (đạo)..."
gent,dʤent,(viết tắt) của gentleman,"nhuôi &, ngài",(đùa cợt) người tự cho mình là hào hoa phong nhã
wharves,w :f,"(hàng hi) bến tàu, cầu tàu",(hàng hi) cho (hàng) vào kho ở bến,(hàng hi) buộc (tàu) vào bến
gutter,'gʌtə,"máng nước, ống máng, máng xối (dưới mái nhà)","rânh nước (xung quanh nhà, hai bên đường phố...)",(nghĩa bóng) nơi bùn lầy nước đọng; cặn bã (xã hội)
reflexive,,<ngôn> phản thân,<ngôn> động từ phản thân; đại từ phản thân,
visionary,'viʤnəri,"tưởng tượng, hão huyền, hư ảo, mộng ảo",có những ý nghĩ hư ảo không thực tế,người có những ý nghĩ hư ảo không thực tế
recessive,ri'sesiv,"lùi lại, thụt lùi",(sinh vật học) lặn (đặc tính trong di truyền),(sinh vật học) tính lặn (trong di truyền)
bluntly,'blʌntli,"lỗ mãng; không giữ ý tứ; tính thẳng thừng, toạc móng heo",,
veiled,veild,che mạng,"bị che, bị phủ","úp mở; che đậy, che giấu"
graciously,,"hoà nhã, ân cần","tử tế, độ lượng, khoan dung",
isolating,,(thuộc đơn ngữ phân tích tính) đơn lập,,
optically,,về phương diện quang học,,
restlessness,'restlisnis,sự không nghỉ,"sự luôn luôn động đậy, sự hiếu động","sự không ngủ được, sự thao thức; sự bồn chồn, sự áy náy"
braces,,(Tech) dấu ngoặc ôm,,
mitral,'maitrəl,"(thuộc) mũ tế, như mũ tế",(giải phẫu) (thuộc) van hai lá; như van hai lá,
ulceration,",ʌlsəreiʃn",(y học) sự loét,sự biến thành ung nhọt (nghĩa bóng),
affirmatively,,"khẳng định, quả quyết",,
grafting,,sự ghép cành,sự ghép xương,kỹ thuật ghép
antiseptic,",ænti'septik",khử trùng,chất khử trùng,
inventive,in'ventiv,"có tài phát minh, có tài sáng chế; có óc sáng tạo; đầy sáng tạo","để phát minh, để sáng chế; để sáng tạo","(thuộc) sự phát minh, (thuộc) sự sáng chế, (thuộc) sự sáng tạo"
crustal,,thuộc vỏ (trái đất...),,
materiality,"mə,tiəri'æliti","tính vật chất, tính hữu tình; thực chất","tính trọng đại, tính cần thiết",
pyramidal,pi'ræmidl,(thuộc) hình chóp; có hình chóp,,
robustness,,"sự tráng kiện, sự cường tráng; tình trạng có sức khoẻ",sự làm mạnh khoẻ; tình trạng đòi hỏi sức mạnh,"sự không tế nhị; sự ngay thẳng, sự thiết thực (trí óc...)"
pleasurable,'pleʤərəbl,"dễ chịu, thú vị, làm vui lòng, làm vừa ý",,
midline,,đường trung bình,m. of a trapezoid trung bình tuyến của một hình thang,
efficacious,",efi'keiʃəs","có hiệu quả, có hiệu lực (thuốc...)",sinh lợi (tiền vốn...),
deductive,di'dʌktiv,suy diễn,,
delineate,di'linieit,"vẽ (hình...); vạch (kế hoạch...); mô tả, phác hoạ",,
recede,ri'si:d,"lùi lại, lùi xa dần",rút xuống (thuỷ triều...),"(quân sự) rút đi, rút lui"
maiden,'meidn,"thiếu nữ, trinh nữ, cô gái đồng trinh","gái già, bà cô","ngựa đua chưa giật giải lần nào, cuộc đua cho ngựa chưa giật giải lần nào"
overtly,,"công khai, không úp mở",,
overture,'ouvətjuə,"sự đàm phán, sự thương lượng",((thường) số nhiều) lời đề nghị,(âm nhạc) khúc mở màn
remit,ri'mit,"tha, xá (tội)","miễn giảm, miễn thi hành (thuế, hình phạt...)","gửi, chuyển (hàng hoá, tiền...) qua bưu điện..."
cocked,kɔkt,"vểnh lên, hếch lên",,
illustrator,'iləstreitə,người vẽ tranh minh hoạ (cho sách báo),người minh hoạ; vật minh hoạ,
piercing,'piəsiɳ,nhọc sắc,"xoi mói (cái nhìn); buốt thấu xương (lạnh); nhức nhối (đau...); nhức óc (tiếng la thét); sắc sảo, sâu sắc (cách nhận định); châm chọc (lời nhận xét)",
contagion,kən'teidʤən,sự lây ((nghĩa đen) & (nghĩa bóng)),bệnh lây,"(nghĩa bóng) ảnh hưởng dễ tiêm nhiễm, ảnh hưởng xấu"
haulage,'hɔ:lidʤ,sự kéo,(ngành mỏ) sự đẩy gồng,sự chuyên chở hàng (bằng xe vận tải); cước phí chuyên chở
relator,,"người kể lại, người trình bày lại",(pháp luật) người cáo giác,
alias,'eiliæs,"bí danh, tên hiệu, biệt hiệu",tức là; bí danh là; biệt hiệu là,
agreeably,,"thú vị, dễ chịu",,
materialistic,"mə,tiəriə'listik",duy vật,"nặng về vật chất, quá thiên về vật chất",
feudalism,'fju:dəlizm,chế độ phong kiến,,
menacing,,hăm doạ; đe doạ,,
recur,ri'kə:,trở lại (một vấn đề),trở lại trong trí (ý nghĩ),lại diễn ra (sự việc)
transduction,,(sinh vật học) sự truyền tính trạng,,
relativism,'relətivizm,(triết học) thuyết tương đối,,
laced,,có dây buộc,,
pes,,số nhiều pedes,"chân, cuống",
liberalisation,,sự mở rộng tự do; sự làm cho có tự do,,
unchanging,ʌn'tʃeindʤiɳ,"không thay đổi, không đổi",,
brutally,,"hung bạo, tàn nhẫn",,
plastered,,say rượu,,
lineal,'liniəl,(thuộc) trực hệ (như cha với con),,
citric,'sitrik,(hoá học) xitric,,
hiss,his,"tiếng huýt gió, tiếng xuỵt, tiếng xì",tiếng nói rít lên,"huýt gió (người, rắn...); kêu xì (hơi nước; người để tỏ ý chê bai)"
polled,pould,bị cưa sừng,,
comprehensively,,"hoàn toàn, toàn diện",,
materialize,mə'tiəriəlaiz,vật chất hoá,cụ thể hoá; thành sự thật; thực hiện,hiện ra (hồn ma...)
cultivator,'kʌltiveitə,"người làm ruộng, người trồng trọt ((cũng) culturist)",(nông nghiệp) máy xới,
halting,,"ngập ngừng, lưỡng lự, ngắc ngứ",,
cladding,,"(Tech) tầng phủ, tầng lót, tầng mạ; xử lý mặt ngoài; sơn",,
demonic,di:'mɔnik,(như) demoniac,có tài xuất quỷ nhập thần,
conciliatory,kən'siliətəri,hoà giải,,
lustre,'lʌstə,(như) lustrum,"ánh sáng rực rỡ; vẻ rực rỡ huy hoàng, vẻ đẹp lộng lẫy","nước bóng, nước láng (của tơ lụa, đồ sứ...)"
analytics,",ænə'litiks",môn phân tích,môn giải tích,
entente,Ỵ:n'tỴ:nt,(ngoại giao) hiệp ước thân thiện (giữa một số nước),khối nước thân thiện (giữa một số nước),khối nước trong hiệp ước thân thiện
indentation,",inden'teiʃn","sự làm lõm vào, sự khía răng cưa; sự làm mẻ","vết lõm, khía răng cưa; vết mẻ; dấu chặt đẽo",chỗ lồi lõm (ở bờ biển)
interchangeably,,"có thể thay cho nhau, có thể hoán đổi nhau",,
repent,ri'pent,"ân hận, ăn năn, hối hận",,
concordance,kən'kɔ:dəns,sự phù hợp,"sách dẫn, mục lục",
authorisation,,"sự cho phép, sự cấp phép",giấy phép,
automata,",ɔ:tə'meiʃn","máy tự động, thiết bị tự động",người máy ((nghĩa đen) & (nghĩa bóng)),
immemorial,",imi'mɔ:riəl","xa xưa, thượng cổ",,
indium,'indiəm,(hoá học) Indi,,
solemnity,sə'lemniti,"sự trọng thể, sự long trọng; sự trang nghiêm","nghi thức, nghi lễ",
chilling,'tʃiliɳ,"lạnh, làm ớn lạnh","làm nhụt (nhuệ khí, nhiệt tình...)",
catheterization,,xem catheterize,,
bundled,,(Tech) cả bộ (gía bán),,
grooved,,có dạng khe,được soi rãnh,có ngấn
luster,'lʌstə,(như) lustrum,"ánh sáng rực rỡ; vẻ rực rỡ huy hoàng, vẻ đẹp lộng lẫy","nước bóng, nước láng (của tơ lụa, đồ sứ...)"
decorum,di'dɔ:rəm,"sự đúng mực, sự đoan trang, sự đứng đắn; sự lịch sự, sự lịch thiệp","nghi lễ, nghi thức",
auctioneer,",ɔkʃə'niə",người bán đấu giá,"phụ trách việc bán đấu giá, điều khiển việc bán đấu giá",
bos,bɔs,(từ lóng) phát bắn trượt ((cũng) bos shot),lời đoán sai,việc làm hỏng bét; tình trạng rối bét
psychical,'saikikəl,"(thuộc) tinh thần, (thuộc) tâm thần, (thuộc) linh hồn, (thuộc) tâm linh",,
reaffirm,,xác nhận một lần nữa,,
liberality,",libə'ræliti","tính rộng rãi, tính hoà phóng","tính hẹp hòi, tính không thành kiến","tư tưởng tự do, tư tưởng không câu nệ"
surgically,,(thuộc) phẫu thuật; (thuộc) mổ,,
reorientation,,"sự thay đổi quan điểm, sự thay đổi thái độ",,
botanic,bə'tænik,(thuộc) thực vật học,,
specialisation,,sự chuyên môn hoá,<sinh> sự chuyên hoá,
millennia,mi'leniəm,"nghìn năm, mười thế kỷ",thời đại hoàng kim,
liber,'laibə,(thực vật học) Libe,,
retrenchment,ri'trentʃmənt,"sự bớt, sự giảm bớt (tiền chi tiêu)","sự bỏ bớt, sự cắt xén (một đoạn văn)","(quân sự) sự đắp luỹ, sự xây thành"
advantageously,,"thuận lợi, ích lợi",,
degeneracy,di'dʤenərəsi,"sự thoái hoá, sự suy đồi",,
denture,'dentʃə,"bộ răng, hàm răng",hàm răng giả,
ventrally,,xem ventral,,
financier,fai'nænsiə,chuyên gia tài chính,"nhà tư bản tài chính, nhà tài phiệt","người xuất vốn, người bỏ vốn"
contralateral,,(giải phẫu) đối bên,,
ulcerative,'ʌlsərətiv,gây loét,,
educationally,,về phương diện giáo dục,,
nullify,'nʌlifai,huỷ bỏ; làm thành vô hiệu,,
quarrying,'kwɔriiɳ,"sự khai thác đá, công việc khai thác đá",,
contrivance,kən'traivəns,"sáng kiến, cái sáng chế ra, bộ phận (máy) sáng chế ra",sự khéo léo kỹ xảo,"sự trù tính, sự trù liệu; sự bày đặt, sự xếp đặt (kế hoạch...)"
insolent,'insələnt,"xấc láo, láo xược",,
paganism,'peigənizm,"tà giáo, đạo nhiều thần",,
reps,rep,vải sọc (để bọc nệm) ((cũng) rep),,
heiress,'eəris,người thừa kế (nữ),,
lustrous,'lʌstrəs,"bóng, láng","sáng, rực rỡ, chói lọi, huy hoàng, xán lạn, lộng lẫy",
dialectics,",daiə'lektiks",phép biện chứng,,
materialist,mə'tiəriəlist,"người duy vật, người theo chủ nghĩa duy vật","người nặng về vật chất, người quá thiên về vật chất",
relish,'reliʃ,"đồ gia vị (nước xốt, nước chấm...)","mùi vị, hương vị (của thức ăn)","vẻ lôi cuốn, vẻ hấp dẫn; điều gây hứng thú, ý vị"
specs,speks,(thông tục) kính (đeo mắt),,
leninism,'leninizm,chủ nghĩa Lê-nin,,
concisely,,"gãy gọn, súc tích",,
paradigmatic,,(thuộc) hệ biến hoá,"(thuộc) kiểu, mẫu, mô hình",
icelandic,ais'lændik,(thuộc) băng đảo,tiếng băng đảo,
definable,di'fainəbl,có thể định nghĩa,có thể định rõ,
concentrator,,(Tech) bộ tập trung,,
homeric,hou'merik,(thuộc) Hô-me; theo phong cách Hô-me (nhà thờ lớn Hy lạp),,
convexity,kɔn'veksiti,tính lồi,độ lồi,
senatorial,",senə'tɔ:riəl",(thuộc) thượng nghị viện; (thuộc) thượng nghị sĩ,,
salvaged,,"được cứu vớt, được thu nhặt lại",,
insolence,'insələns,"sự xấc láo, sự láo xược; tính xấc láo, tính láo xược; lời láo xược",,
blissful,'blisful,"hạnh phúc, sung sướng",,
foaming,,"sự sủi bọt, sự nổi bọt, sự tạo bọt",,
darwinian,dɑ:'winiən,(thuộc) học thuyết Đắc-uyn,người theo học thuyết Đắc-uyn,
citrate,,một loại muối của axit citric,,
entice,in'tais,"dụ dỗ, cám dỗ, lôi kéo",nhử (chim...) vào bẫy,
darwinism,'dɑ:winizm,học thuyết Đắc-uyn,,
changeable,'tʃeindʤəbl,"dễ thay đổi, hay thay đổi",có thể thay đổi,
liberator,'libəreitə,"người giải phóng, người giải thoát",,
recoup,ri'ku:p,bồi thường,(pháp lý) trừ bớt (số tiền phải trả),
gallic,'gælik,(hoá học) Galic,,
incite,in'sait,khuyến khích,"kích động, xúi giục (ai làm việc gì)",
lumped,,lấy chung; tập trung,,
unrelenting,' nri'lenti,"không nguôi, không bớt, không gim","tàn nhẫn, không thưng xót (người)",
domed,doumd,hình vòm,có vòm,
incisive,in'saisiv,sắc bén; nhọn,"sắc sảo, sâu sắc","thấm thía, chua cay"
baptismal,bæp'tizmel,(tôn giáo) (thuộc) lễ rửa tội,có tính chất thử thách đầu tiên,tên thánh
hawker,'hɔ:kə,người đi săn bằng chim ưng,người nuôi chim ưng,người bán hàng rong
interrelation,'intəri'leiʃn,quan hệ qua lại,,
educative,'edju:kətiv,có tác dụng giáo dục,thuộc sự giáo dục,
reductive,,chất khử,"giảm bớt, rút gọn, thu nhỏ",hoàn nguyên
cartage,'kɑ:tidʤ,"sự chuyên chở bằng xe bò, sự chuyên chở bằng xe ngựa","cước chuyên chở bằng xe bò, cước chuyên chở bằng xe ngựa",
lagging,'lægiɳ,sự đi chậm đằng sau,đi chậm đằng sau,
prudently,,xem prudent,,
withstanding,wi 'st ndi,sự chống cự; sự chịu đựng,,
monarchical,mɔ'nɑ:kəl,"(thuộc) vua, (thuộc) quốc vương; (thuộc) chế độ quân ch",,
surrealism,sə'riəlizm,(nghệ thuật) chủ nghĩa siêu hiện thực,,
halter,'hɔ:ltə,dây thòng lọng,sự chết treo,((thường) + up) buộc dây thòng lọng (vào cổ...)
extricate,'ekstrikəbl,"gỡ, gỡ thoát, giải thoát","(hoá học) tách ra, cho thoát ra",
calvinism,'kælvinizm,thuyết Can-vin,,
dweller,'dwelə,người ở,ngựa đứng chững lại (trước khi vượt rào),
authorial,ɔ:'θɔ:riəl,(thuộc) tác giả,,
entrant,'entrənt,người vào (phòng...),người mới vào (nghề...),người đăng tên (dự thi...)
montage,mɔn'tɑ:ʤ,(điện ảnh) sự dựng phim,,
casement,'keismənt,khung cánh cửa sổ,cửa sổ hai cánh ((cũng) casement window),(thơ ca) cửa sổ
venting,,"sự thải ra không trung (khói, hơi...)",sự làm cho thông thoáng,sự thông gió
invisibility,"in,vizə'biliti","tính không thể trông thấy được, tính vô hình",tính không thể gặp được (ở một lúc nào đó),
ruefully,,"buồn bã, buồn rầu, rầu rự, phiền muộn","đáng thương, thảm não, tội nghiệp",
bps,,"(vt của bits per second) số bit trong mỗi giây, bit/giây",,
surreal,,không giống thực tế,kỳ quái; kỳ dị,
unchangeable,ʌn'tʃeindʤəbl,không thay đổi,,
uncultivated,,không cày cấy; bỏ hoang,hoang; dại (cây cối),không được trau dồi
greased,,được tra mỡ; được bôi trơn,,
amide,'æmaid,(hoá học) Amit,,
lobed,,có dạng thùy,,
subduction,səb'dʌkʃ,"sự giảm, sự rút, sự trừ",,
sheathing,,"lớp bọc ngoài, lớp đậy phủ (cho các bộ phận của một toà nhà )",,
deductibility,,xem deductible,,
contrive,kən'traiv,"nghĩ ra, sáng chế ra","trù tính, trù liệu, tính toán; bày đặt, xếp đặt","xoay xở, lo liệu (việc nhà...)"
revolting,ri'voultiɳ,gây phẫn nộ,,
reflexivity,,tính phản xạ,,
ineffable,in'efəbl,"không tả được, không nói lên được","không thể nói ra được, huý",
undemocratic,,không dân chủ; phản dân chủ,,
ductus,,(giải phẩu) ống,ductus arteriosus,ống động mạch
analogical,",ænə'lɔdʤikəl",sắp đặt lấy tính giống nhau làm tiêu chuẩn,"tương tự, giống nhau",(triết học) theo phép loại suy
efferent,'efərənt,"(sinh vật học) ra, đi ra (mạch máu); ly tâm (dây thần kinh)",,
hegelian,hei'gi:ljən,(thuộc) Hê-gen,người theo thuyết Hê-gen,
viciously,,"xấu xa, hằn học","sa vào tội lỗi, bị sa đoạ, đồi bại",hoang dã và nguy hiểm (thú vật)
restlessly,,"không ngừng, không nghỉ","không nghỉ được, không ngủ được, thao thức","bồn chồn, áy náy, không yên, luôn luôn động đậy, hiếu động"
stoutly,,"chắc, khoẻ, bền","quả quyết, dũng cảm, can đảm; kiên cường, cứng cáp",mập mạp; to khoẻ; hơi béo (người)
orientalism,",ɔ:ri'entəlizm",đông phương học,phong cách phương đông,
concurrency,,(Tech) đồng thời,,
speculator,'spekjuleitə,người hay suy đoán,người đầu cơ tích trữ,
mage,meidʤ,"đạo sĩ, pháp sư, thầy phù thuỷ","nhà bác học, nhà thông thái",
riotous,'raiətəs,"ồn ào, om sòm, huyên náo; hay làm ồn, hay quấy phá ầm ĩ (người)","hỗn loạn, náo loạn","bừa bâi, phóng đãng"
soberly,,xem sober,,
calvinist,'kælvinist,người theo thuyết Can-vin,theo thuyết Can-vin,
encore,ɔɳ'kɔ:,"(sân khấu) nữa!, hát lại!; múa lại!",(sân khấu) bài hát lại!; điệu múa lại (theo yêu cầu người xem),"(sân khấu) mời (diễn viên...) ra (hát, múa...) lại; đòi diễn viên hát lại; đòi diễn viên múa lại"
plastering,,việc trát vữa,lớp vữa trát,
adventitious,",ædven'tiʃəs","ngẫu nhiên, tình cờ",ngoại lai,(pháp lý) không do thừa kế trực tiếp
inventiveness,in'ventivnis,"tài phát minh, tài sáng chế, óc sáng tạo",,
rote,rout,"sự học vẹt, sự nhớ vẹt",,
matting,'mætiɳ,chiếu thảm,nguyên liệu dệt chiếu; nguyên liệu dệt thảm,
incitement,",insai'teiʃn",sự khuyến khích,"sự kích động, sự xúi giục",
inductively,,xem inductive,,
impious,'impiəs,"không tín ngưỡng, không kính Chúa, nghịch đạo","(từ hiếm,nghĩa hiếm) bất kính, bất hiếu",
gallantly,'gæləntli,"gan dạ, dũng cảm","nịnh đầm, lịch sự với phụ nữ; lả lơi",
basilar,'bæsilə,"ở đáy, ở nền",cơ sở,
historicity,",histə'risiti",tính chất lịch sử; tính chất có thực (của một sự kiện),,
espouse,is'pauz,lấy làm vợ,gả (con gái),"tán thành, theo (một thuyết, một phong trào...)"
temperamental,",tempərə'mentl","(thuộc) khí chất, (thuộc) tính khí","hay thay đổi, bất thường; đồng bóng (tính tình)",
entreat,in'tri:t,"khẩn nài, khẩn khoản, nài xin",,
rickety,'rikiti,(y học) mắc bệnh còi xương,còi cọc (người),"lung lay, khập khiễng, ọp ẹp"
comprehensiveness,",kɔmpri'hensivnis",tính chất bao hàm; tính chất toàn diện,"sự mau hiểu, sự sáng ý",
magisterial,",mædʤis'tiəriəl",(thuộc) thầy,(thuộc) quan toà,quyền uy; hách dịch
incrementally,,"gia tăng, tăng thêm",,
zealously,,"hăng hái, sốt sắng",,
leninist,'leninist,người theo chủ nghĩa Lê-nin,(thuộc) chủ nghĩa Lê-nin; theo chủ nghĩa Lê-nin,
perpendicularly,,"vuông góc, trực giao",thẳng đứng,dốc đứng (đá)
psychotherapist,,người chữa bệnh bằng liệu pháp tâm lý,,
triable,'traiəbl,"có thể thử, làm thử được","(pháp lý) có thể xử, có thể xét xử được",
enticing,,"hấp dẫn, lôi cuốn, thú vị",,
crested,,có biểu tượng riêng,(nói về chim) có mào,
cantonment,kən'tu:nmənt,(quân sự) sự chia quân đóng từng khu vực có dân cư; sự đóng quân,,
sinusitis,",sainə'saitis",(y học) viêm xoang,,
analogously,,tương tự,,
lager,'lɑ:gə,rượu bia nhẹ (của Đức),,
uninhibited,'ʌnin'hibitid,"không bị cấm, tự do",,
cultic,,xem cult,,
rotator,rou'teitə,(giải phẫu) cơ xoay,(kỹ thuật) Rôtato,
surly,'sə:li,"cáu kỉnh, gắt gỏng",,
lethality,li'θælili,"tính có thể làm chết người, khả năng gây chết người",,
dentate,'denteit,(động vật học) có răng,"(thực vật học) có răng, có răng cưa (lá)",
regalia,ri'geiljə,những biểu chương của nhà vua,những dấu hiệu tựng trưng của một tổ chức đảng phái (của hội Tam điểm...),
asphaltic,æs'fəltik,(thuộc) nhựa đường,,
septal,'septəl,(thuộc) bộ lạc (ở Ai-len),"(giải phẫu) (thuộc) vách, (thuộc) vách ngăn",
contender,kən'tendə,"đối thủ, địch thủ",,
flanged,,có bích; có gờ,có đai; có mép,
adventist,,tín đồ tin rằng sắp đến lần Giáng sinh thứ hai của Chúa,,
interspecific,",intəspi'sifik","(sinh vật học) giữa các loài khác, khác loài",,
authenticate,ɔ:'θentikeit,"xác nhận là đúng, chứng minh là xác thực",làm cho có giá trị; nhận thức (chữ ký...),
authentically,,"đích thực, xác thực",,
arsenical,'ɑ:snik,(hoá học) Asen,(hoá học) Asen,
tiered,,"xếp thành dãy, xếp thành hàng","(trong từ ghép) có số tầng, lớp được nói rõ",
granularity,",grænju'læriti",tính chất như hột,tính chất có hột,
rename,'ri:'neim,"đổi tên, thay tên (người, đường phố...)",,
reaffirmation,,sự xác nhận một lần nữa,lời xác nhận một lần nữa,
concatenation,"kɔn,kæti'neiʃn","sự móc vào nhau, sự nối vào nhau","(nghĩa bóng) sự trùng hợp, sự trùng khớp","(kỹ thuật) dãy ghép, xích chuỗi"
starkly,,hoàn toàn; một cách rõ ràng,,
interchangeability,"'intə,tʃeindʤə'biliti",tính có thể thay cho nhau,"tính có thể thay thế, tính có thể đổi chỗ với vật khác",
kantian,'kæntiən,(triết học) (thuộc) triết học Căng,(triết học) môn đệ của Căng; người theo triết học Căng,
mpg,,dặm/galông (mile per gallon),,
insolation,",insou'leiʃn",sự phơi nắng,"(y học) sự chữa bằng ánh nắng, sự tắm nắng",sự say nắng
ped,,cái giỏ,,
undiminished,'ʌndi'mimiʃt,"không giảm, không bớt",,
intergranular,",intə'grænjulə",giữa các hạt (tinh thể),,
algebraically,,"về phương diện đại số, theo phương pháp đại số",,
triage,,việc chọn để chữa theo thứ tự nguy cấp (các binh sĩ bị thương trong chiến tranh),cà phê loại tồi,
mastication,",mæsti'keiʃn",sự nhai,,
recoupment,,"sự đền bù, sự bồi thường",,
guttural,'gʌtərəl,(thuộc) yết hầu,(ngôn ngữ học) âm yết hầu,
raider,'reidə,người đi bố ráp; phi công đi oanh tạc,máy bay đi oanh tạc,"kẻ cướp, giặc; (hàng hải) cướp biển"
bailment,'beilmənt,sự ký gửi hàng hoá,sự cho tạm tự do ở ngoài có bảo lãnh,
monism,,Nhất Nguyên luận,,
surrealist,sə'riəlist,siêu hiện thực,(nghệ thuật) người theo chủ nghĩa siêu hiện thực,
conciliate,kən'silieit,"thu phục được, chiếm được, lấy được, gây được",xoa dịu,"hoà giải, giảng hoà"
liberalize,'libərəlaiz,mở rộng tự do; làm cho có tự do,,
foiled,,trang trí hình lá,,
humanitarianism,"hju:,mæni'teəriənizm",chủ nghĩa nhân đạo,,
rotatory,'routəri,quay,máy quay; máy in quay,"chỗ đường vòng (phải đường vòng qua bục công an... không đi thẳng được) ((cũng) roundabout,  traffic-circle)"
botulism,'bɔtjulizm,(y học) chứng ngộ độc thịt (vì ăn xúc xích hay đồ hộp hỏng),,
visor,'vaizə,lưới trai mũ,tấm che nắng (ô tô),(sử học) tấm che mặt (ở mũ áo giáp)
memorization,,Cách viết khác : memorisation,,
furies,,các nữ thần trả thù (thần thoại Hy-lạp),,
miscible,'misibl,"(+ with) có thể trộn lẫn với, có thể hỗn hợp với",,
vocalization,",voukəlai'zeiʃn",sự phát âm; cách đọc,(âm nhạc) sự xướng nguyên âm,(ngôn ngữ học) sự nguyên âm hoá
bucking,,sự ăn diện,,
photonic,,xem photon,,
tedium,'ti:djəsnis,"tính chán ngắt, tỉnh tẻ, tính nhạt nhẽo, tính thiếu hấp dẫn",,
lustful,'lʌstful,"dâm dật, dâm đâng; đầy khát vọng, đầy dục vọng",,
wharfage,'w :fid,(hàng hi) thuế bến,,
trenchant,'trentʃənt,"sắc bén, đánh thép, mạnh mẽ","rõ ràng, sắc nét","(từ hiếm,nghĩa hiếm) sắc (dao)"
orderliness,'ɔ:dəlinis,"sự thứ tự, sự ngăn nắp",sự phục tùng kỷ luật,
magistracy,'mædʤistrəsi,chức quan toà,nhiệm kỳ quan toà,tập thể các quan toà
intellectualism,",inti'lektjuəlizm",sự say mê công việc trí óc,sự quá nặng về trí óc,(triết học) thuyết duy lý trí
relive,'reliʃ,"sống lại, hồi sinh",,
seamanship,'si:mənʃip,"sự thạo nghề đi biển, tài đi biển",,
induration,",indjuə'reiʃn","sự làm cứng, sự trở nên cứng","sự làm chai, sự làm thành nhẫn tâm; sự chai; sự nhẫn tâm",
concordant,kən'kɔ:dənt,"(+ with) hợp với, phù hợp với",(âm nhạc) hoà âm,
felonious,'felənjəs,"có tội, phạm tội ác, đầy tội ác",(pháp lý) (thuộc) tội ác,
carolingian,,(thuộc) triều đại Frank được Charlemagne tìm thấy,người thuộc triều đại này,
blissfully,,"hạnh phúc, sung sướng",,
aridity,æ'riditi,sự khô cằn,"(nghĩa bóng) sự khô khan, sự vô vị",
beholden,bi'houldən,chịu ơn,,
maoist,,người theo chủ nghĩa cộng sản của Mao Trạch Đông,,
rueful,'ru:ful,"buồn bã, buồn rầu, rầu rĩ, phiền muộn","đáng thương, thảm thương, tội nghiệp",
unhindered,,"không bị cản trở, không bị ngăn trở; tự do",,
arboreal,ɑ:'bɔ:riəl,(thuộc) cây,"(động vật học) ở trên cây, sống trên cây",
bucked,,(thông tục) hài lòng; thoả chí,,
digitization,,việc số hoá,,
concordat,kɔn'kɔ:dæt,giáo ước (điều ước ký giữa giáo hoàng và chính phủ một nước),,
visualisation,,"sự hình dung, sự mường tượng (vật không thấy trước mắt)",,
hymnal,'himnəl,(thuộc) thánh ca,sách thánh ca,
steerage,'stiəridʤ,(hàng hải) sự chịu lái (ảnh hưởng của bánh lái lên tàu),(hàng hải) chỗ dành cho hành khách hạng chót,"(từ hiếm,nghĩa hiếm) sự lái"
moisten,'mɔisn,"làm ẩm, dấp nước",thành ra ẩm ướt; ẩm ướt,
overhauling,,sự kiểm tra (để sửa chữa); sự thẩm tra,,
unveil,n'veil,bỏ mạng che mặt,bỏ màn; khánh thành (một bức tượng),"để lộ, tiết lộ"
gluing,,sự dán,g. of manifolds (hình học) sự dán các đa tạp,
amidships,ə'midʃips,(hàng hải) ở giữa tàu,,
lesbianism,'lezbiənizm,thói đồng dục n,,
fissionable,'fiʃnəbl,(vật lý) có thể phân hạt nhân,,
cultivable,,"có thể trồng trọt, có thể canh tác",,
ditching,'ditʃiɳ,"việc đào hào, việc đào mương; việc sửa hào, việc sửa mương",,
diaphragmatic,",daiəfræg'mætik","(thuộc) màng chắn, (thuộc) màng ngăn",(thuộc) cơ hoành,
varices,'veəriks,chứng giãn tĩnh mạch,tĩnh mạch bị giãn,
deodorant,di:'oudərənt,chất khử mùi,,
slacken,'slækn,"nới, làm chùng (dây); duỗi (bắp thịt); thả lỏng (đen & bóng)",làm chận lại; chậm (bước) lại,"làm giảm bớt, làm dịu bớt, làm bớt quyết liệt"
magnetics,mæg'netiks,từ học,,
thereat,ðeər'æt,"(từ cổ,nghĩa cổ) ở chỗ đó, tại chỗ ấy","do đấy, do thế, vì thế",
amiably,,"tử tế, hoà nhã, đáng yêu",,
suretyship,'ʃuətiʃip,cương vị của người đứng ra bảo đảm; trách nhiệm của người đứng ra bảo đảm,,
concentrically,,xem concentric,,
odorous,'oudərəs,(thơ ca) (như) odoriferous,,
subvention,səb'venʃn,"tiền trợ cấp, tiền phụ cấp",,
cyclically,,"đều đặn, theo chu kỳ",,
siltation,,"sự lắng bùn, sự đọng bùn",,
proneness,proneness,trạng thái úp sấp,"ngả về, thiên về, thiên hướng (về việc gì...)",
histrionic,",histri'ɔnik","(thuộc) đào kép, (thuộc) đóng kịch, (thuộc) diễn kịch","đạo đức giả, có vẻ đóng kịch",
magus,'meigəs,thầy pháp,,
studentship,'stju:dəntʃip,học bổng,,
slackness,'slæknis,sự uể oải,sự chùng (dây); sự lỏng lẻo (kỷ luật),"sự phất phơ, sự chểnh mảng, sự lười biếng"
subcultural,,xem subculture,,
cocker,'kɔkə,"(thường) + up âu yếm, nâng niu, chiều chuộng (trẻ con, người ốm...)",(động vật học) giống chó cốc (Tây-ban-nha),
advisedly,əd'vaizidli,"có suy nghĩ chín chắn, thận trọng",,
slackening,,xem slacken,nới lỏng; làm chùng,nới (ốc vít)
interventional,",intə'venʃənl","xen vào, can thiệp vào",,
substrata,'sʌb'strɑ:təm,lớp dưới,cơ sở,(nông nghiệp) tầng đất cái
wrathful,'rɔ:θful,"tức giận, phẫn nộ",,
libation,lai'beiʃn,"sự rảy rượu cúng, sự rưới rượu cúng; sự lễ rượu",(hàng hải) sự uống rượu,
spermatic,spə:'mætik,(thuộc) tinh dịch,"(thuộc) dịch hoàn, (thuộc) túi tinh",
overzealous,'ouvə'zeləs,"quá hăng hái, quá tích cực",,
monographic,",mɔnə'græfik",(thuộc) chuyên khảo; có tính chất chuyên khảo,,
ruggedness,'rʌgidnis,"sự gồ ghề, sự lởm chởm, sự xù xì","sự thô kệch, sự thô","tính nghiêm khắc; tính hay gắt, tính quàu quạu"
dialectal,",daiə'lektl","(thuộc) tiếng địa phương, (thuộc) phương ngôn",,
unrepentant,' nri'pent nt,"không ân hận, không ăn năn, không hối hận",,
unlined,'ʌn'laind,không có lót (áo),không nhăn (mặt),
finned,,có vây,,
reorient,,"thay đổi quan điểm, thay đổi thái độ",,
piously,,"ngoan đạo, sùng đạo",đạo đức giả,
megawatt,'megəwɔt,(vật lý) Mêgaoat,,
invisibly,,"không thấy được, vô hình",,
asbestosis,,bệnh phổi phát sinh do hít phải hạt amiăng,,
ultraviolet,,"(vật lý) cực tím, tử ngoại (về bức xạ)",(thuộc) sự phát quang; sử dụng sự phát quang (của tia cực tím),
molest,mou'lest,"quấy rầy, quấy nhiễu, làm phiền","(từ Mỹ,nghĩa Mỹ) gạ gẫm (ai)",
veiling,'veiliɳ,"sự che, sự phủ",mạng che mặt; vải mạng (để làm mạng che mặt),sự che giấu
automatism,ɔ:'tɔmətizm,tính tự động; tác dụng tự động; lực tự động,"(tâm lý học) hành động vô ý thức, hành động máy móc",
repentant,ri'pentənt,"ân hận, ăn năn, hối hận",,
fucker,,interj,đồ ngốc! đồ ngu!,
conciseness,kən'saisnis,tính ngắn gọn; tính súc tích (văn),,
salvaging,,sự cứu vớt; sự thu nhận vật liệu cũ,,
materialise,mə'tiəriəlaiz,vật chất hoá,cụ thể hoá; thành sự thật; thực hiện,hiện ra (hồn ma...)
conciliator,kən'silieitə,người hoà giải,,
plateaux,'plætou,cao nguyên,đoạn bằng (của đô thị),"khay có trang trí, đĩa có trang trí"
epochal,"'i:pɔk,meikiɳ","mở ra một kỷ nguyên, đánh dấu một thời kỳ; lịch sử",,
automaticity,,xem automatic,,
musicianship,,nghệ thuật và tài năng trong (việc trình diễn) âm nhạc,,
compartmentalization,,xem compartmentalize,,
recitative,",resitə'ti:v",(âm nhạc) hát nói,đoạn hát nói,
overwrought,'ouvə'rɔ:t,phải làm việc quá nhiều; mệt rã rời (vì làm việc quá nhiều),"cuống cuồng, cuống quít","gọt giũa quá kỹ càng, cầu kỳ"
facially,,về khuôn mặt,,
corium,,(giải phẫu) mảnh đệm; lớp mô mạch liên kết,,
recency,'ri:snsi,"tính chất mới xảy ra, tính chất mới gần đây",,
graciousness,'greiʃəsnis,"vẻ thanh lịch, vẻ lịch sự",lòng tốt; sự tử tế,"tính từ bi, tính nhân từ; tính độ lượng, tính khoan dung"
abolitionism,",æbə'liʃənizm",(sử học) chủ nghĩa bãi nô,,
rotter,'rɔtə,(từ lóng) người vô dụng; người bất tài,người vô liêm sỉ; người đáng ghét,
monistic,mɔ'nistik,(triết học) (thuộc) thuyết nhất nguyên,,
optician,ɔp'tiʃn,người làm đồ quang học,người bán đồ quang học,
superfine,'sju:pə'fain,"(thương nghiệp) thượng hảo hạng, có chất lượng đặc biệt","quá tinh tế, quá tế nhị",làm ra bộ rất thanh lịch
abruptness,ə'brʌptnis,"sự bất ngờ, sự đột ngột, sự vội vã","tính cộc lốc, tính lấc cấc; sự thô lỗ","thế dốc đứng, sự hiểm trở; sự gian nan"
demagnetization,"'di:,mægnitai'zeiʃn",sự khử trừ,,
baronial,bə'rounjəl,(thuộc) nam tước,,
miscibility,",misi'biliti","tính có thể trộn lẫn, tính có thể hỗn hợp",,
quod,kwɔd,"(từ lóng) nhà tù, nhà pha","(từ lóng) bỏ tù, giam vào nhà pha",
finis,'fainis,hết (viết ở cuối sách),"sự kết liễu, sự tận số",
viciousness,'viʃəsnis,bản chất xấu xa; sự đồi bại,tính chất độc ác,"sự sai sót, sự không hợp cách"
indic,,thuộc tiểu địa ấn Độ; thuộc ấn Độ,thuộc ngành ấn của hệ ấn Âu,(ngôn ngữ) ngành ấn của hệ ấn Âu
demarcate,'di:mɑ:keit,phân ranh giới,,
vocally,,"bằng lời nói, bằng cách dùng tiếng nói","lớn tiếng, nói một cách thoải mái, nói thẳng ra",
relativist,,người theo thuyết tương đối,,
ulcerated,'ʌlsəreitid,(y học) bị loét,thành ung nhọt (nghĩa bóng),
starched,stɑ:tʃt,"có hồ bột, hồ cứng",(nghĩa bóng) cứng nhắc,
robustly,,"tráng kiện, cường tráng; có sức khoẻ",làm mạnh khoẻ; đòi hỏi sức mạnh,"không tế nhị; ngay thẳng, thiết thực (trí óc...)"
lineation,",lini'eiʃn",sự kẻ,,
communally,,"có tính cách chung, có tính cách cộng đồng",,
incomprehension,"in,kɔmpri'henʃn",sự không hiểu được,,
caseous,'keisiəs,(thuộc) phó mát; giống phó mát,,
mastic,'mæstik,mát tít,,
decisiveness,di'saisivnis,tính quyết định,"tính kiên quyết, tính quả quyết, tính dứt khoát",
finalist,fainəlist,"(thể dục,thể thao) người vào chung kết",,
lacing,,sự buộc,cái buộc,"chút rượu bỏ vào thức ăn, đặc biệt là đồ uống (ví dụ cà phê) để thêm hương vị"
crusted,'krʌstid,có vỏ cứng,"có váng (rượu, bám vào thành chai)","cổ xưa, cổ lỗ; cố chấp; thâm căn cố đế"
silting,,sự lắng bùn,,
cantonal,,xem canton,,
tripling,,sự nhân ba,,
entablature,in'tæblətʃə,(kiến trúc) mũ cột,,
materialization,"mə,tiəriəlai'zeiʃn",sự vật chất hoá,sự cụ thể hoá; sự thực hiện,
concededly,,xem concede,,
digitizer,,"(Tech) bộ số tự hóa, bộ chuyển/đổi sang số tự",,
supersession,",sju:pə'seʃn",sự bỏ đi,sự thay thế,
temperamentally,,do tính khí một người gây ra,"thất thường, hay thay đổi; không bình tựnh, không kiên định; đồng bóng (tính khí của người, xe )",
monarchist,'mɔnəkist,người theo chủ nghĩa quân ch,,
septate,'septeit,"(sinh vật học) có vách ngăn, chia thành ngăn",,
unwrought,' n'r :t,chưa gia công (kim loại); chưa khai thác (mỏ),"(từ cổ,nghĩa cổ); (th ca) chưa làm; chưa hoàn thành",
lumping,'lʌmpiɳ,(thông tục) to lù lù; nặng nề,nhiều,
reliquary,'relikwəri,(tôn giáo) hòm (hộp) đựng thành tích; nơi để thành tích,hòm đựng di hài,
memorably,,đáng ghi nhớ,,
mastership,'mɑ:stəʃip,chức vụ làm thầy; nghề làm thầy,"quyết làm chủ, quyền lực",
fuzziness,'fʌzinis,sự xơ ra,sự xoắn (tóc),"sự mờ, sự mờ nhạt"
unspecific,,"không loại biệt, không riêng biệt","không dứt khoát, không rành mạch, không rõ ràng",
contingently,,xem contingent,,
bluntness,'blʌntnis,sự cùn,tính không giữ ý tứ; tính thẳng thừng,
pneumatics,nju:'mætiks,khí lực hoá,,
haltingly,'hɔ:ltiɳli,"khấp khiểng, tập tễnh (đi)","ngập ngừng, lưỡng lự, do dự",ngắc ngứ (nói...)
weldability,",weld 'biliti",tính hàn được (của kim loại),,
amiability,",eimjə'biliti","sự tử tế, sự tốt bụng","tính nhã nhặn, tính hoà nhã","tính dễ thương, tính đáng yêu"
heirship,'eəʃip,tư cách thừa kế; quyền thừa kế,,
grooving,,"sự bào rãnh, soi rãnh, đào rãnh",,
enticement,in'taismənt,"sự dụ dỗ, sự cám dỗ, sự lôi kéo","sự nhử (chim) vào bẫy, mồi nhử",
greasing,'gri:ziɳ,"(kỹ thuật) sự tra mỡ, sự bôi trơn",,
subalgebra,,(đại số) đại số con,"invariant s. đại số con bất biến, iđêan bất biến",
analogue,'ænəlɔg,"vật tương tự, lời tương tự",,
masticatory,'mæstikətəri,để nhai; để nghiền,,
recant,ri'kænt,"công khai, rút lui và từ bỏ; công khai rút (ý kiến...)",,
masted,,(nói về thuyền) có cột buồm,,
fistful,,một nắm,,
recessionary,,giảm sút; sa sút; suy thoái,dẫn đến sự suy thoái; gây ra tình trạng suy thoái,
torturous,,có tính chất giày vò; gây đau khổ,,
infuriating,,"làm điên tiết, chọc điên tiết",,
esperance,,"(từ cổ, nghĩa cổ) hy vọng; chờ đợi",,
fisted,,có bàn tay,two fisted,có hai bàn tay
stringently,,"nghiêm ngặt, nghiêm khắc, chặt chẽ (về nội quy, luật pháp...)","khan hiếm (tiền); khó làm ăn, khó khăn vì không có đù tiền (về hoàn cảnh tài chánh)",
memorialize,mi'mɔ:riəlaiz,"kỷ niệm, làm lễ kỷ niệm","đưa đơn thỉnh nguyện, đưa bản kiến nghị (cho ai)",
contouring,,"(Tech) định ngoại hình, định đường đồng mức",,
digitalis,",didʤi'teilis",(thực vật học) giống mao địa hoàng,(dược học) lá mao địa hoàng (dùng làm thuốc),
recantation,",ri:kæn'teiʃn","sự công khai, sự rút lui và từ bỏ; sự công khai rút (ý kiến...)",,
psychically,,xem psychic,,
aquatics,ə'kwætiks,"(thể dục,thể thao) những môn thể thao dưới nước (bơi lội, bóng nước...)",,
chordal,,có hình sợi dây,(giải phẩu học) thuộc dây sống,có sự hài hoà âm thanh
historicist,,lịch sử chủ nghĩa,người theo chủ nghĩa lịch sử,
psychics,'saikiks,tâm lý học,tâm linh học,
monist,'mɔnist,người theo thuyết nhất nguyên,,
hindi,'hin'di:,tiếng Hin-ddi (Ân-ddộ),,
heathenism,'hi:ðənizm,tà giáo,sự không văn minh; sự dốt nát ((cũng) heathenry),
uncomprehending,,không lĩnh hội; không bao hàm,"không hiểu biết, kém hiểu biết",
educable,'edjukəbl,có thể giáo dục được,có thể dạy được (súc vật...),có thể rèn luyện được (kỹ năng...)
amidst,ə'mid,"giữa, ở giữa ((nghĩa đen) & (nghĩa bóng))",trong quá trình,
foamed,,sủi bọt; nổi bọt,,
molarity,mou'læriti,(hoá học) nồng độ phân tử gam,,
rotative,'routətiv,(như) rotational,quay vòng (như bánh xe),
seamed,,"có một đường khâu nói, có nhiều đường khâu nối",,
surrealistic,,(thuộc) chủ nghĩa siêu thực; siêu thực,kỳ quái; kỳ dị,
interrelate,,"có quan hệ với nhau, tương quan với nhau",,
interline,",intə'lain","viết (chữ) xen vào, in xen vào (hàng chữ đã có)",may thêm lần lót vào giữa (cho một cái áo) (giữa vỏ ngoài và lần lót đã có),
unladen,'ʌn'leid,dỡ hàng,,
finial,'fainiəl,(kiến trúc) hình chạm đầu mái,,
irrotational,,không quay,,
benignly,,"nhân từ, nhân hậu, tử tế",,
uncultured,'ʌn'kʌltʃəd,không được cày cấy trồng trọt,"không có giáo dục, không có văn hoá",
intellectuality,"'inti,lektju'æliti",tính chất trí thức,khả năng làm việc bằng trí óc,
prognoses,prognoses,"(y học) dự đoán (về sự tiến triển của bệnh), tiên lượng",,
vocalic,vou'kælik,(thuộc) nguyên âm,,
democratize,di'mɔkrətaiz,dân chủ hoá,,
incrustation,",inkrʌs'teiʃn","sự cẩn, sự khảm, sự nạm (ngọc...)",sự kết vỏ cứng; lớp vở cứng,vảy cứng (ngoài vết thương)
unfired,,"không được thắp lên, không được đốt cháy",không nung (gạch...),"không hào hứng, không phấn chấn"
loran,,"loran (hệ thống vô tuyến đạo hàng xa,  viết-tắt của long range navigation)",,
prevision,pri:'viʤn,"sự thấy trước, sự đoán trước",,
disinhibition,,sự mất phản xạ có điều kiện,,
teleconference,,"hội nghị qua điện thoại, các cuộc họp được tổ chức qua điện thoại",,
educationist,,chuyên gia giáo dục,,
pamphleteer,",pæmfli'tiə",người viết pam-fơ-lê,viết pam-fơ-lê,
automat,",ɔ:tə'mæt","(từ Mỹ,nghĩa Mỹ) quán ăn tự động",,
agreeableness,ə'griəblnis,"tính dễ chịu, tính dễ thương","sự tán thành, sự đồng ý","agreeableness to sự hợp với, sự thích hợp với"
anticlimax,'ænti'klaimæks,sự hạ xuống từ cực điểm; sự giảm xuống,vật thêm vào làm giảm tác dụng,(văn học) phép thoái dần
insolently,,"xấc láo, láo xược",,
retorting,,"sự chưng, cất trong bình cổ cong",sự tách hơi hỗn hống,
uncertified,'ʌn'sə:tifaid,không được chứng nhận,,
torturer,'tɔ:tʃərə,"người tra tấn, người tra khảo",người làm khổ,
pleasingly,,mang lại niềm vui thích (cho ai/cái gì); dễ chịu,,
reductant,,(hoá học) chất khử; chất hoàn nguyên,,
silted,,bị đọng bùn,,
deductively,,"theo suy diễn, theo suy luận",,
immolation,",imou'leiʃn",sự giết súc vật để cúng tế,(nghĩa bóng) sự hy sinh (cái gì cho cái gì),
buddhistic,bu'distik,(thuộc) đạo Phật,,
intracellularly,,xem intracellular,,
botanically,,xem botanical,,
eduction,i:'dʌkʃn,sự rút ra,(hoá học) sự chiết,(kỹ thuật) sự thoát ra
communality,,xem communal,,
contrariety,'kɔntrə'raiəti,"sự trái ngược, sự tương phản; sự xung đột, sự đối lập (quyền lợi, ý kiến)","cái trái ngược, điều trái ngược",
uncertificated,'ʌnsə'tifikeitid,không có bằng; không được cấp giấy chứng nhận văn bằng,,
cartulary,'kɑ:tjuləri,"tập hồ sơ, tập sổ sách",,
intellection,",inti'lekʃn","sự hiểu biết, quá trình hiểu biết",,
orientate,'ɔ:riənt,(the orient) phương đông,nước ánh (của ngọc trai),ngọc trai (loại quý nhất)
ducting,,hệ thống các ống,,
bds,,cử nhân nha khoa (Bachelor  of,,
venturer,'ventʃərə,"người mạo hiểm, người phiêu lưu","(sử học) thành viên hội buôn ((thế kỷ) 16, 17)",
steerable,'stiərəbl,có thể lái được,,
ontic,,(triết học) có tồn tại thực tế,,
cyclicity,sai'klisiti,tính chất chu kỳ,,
demarcating,'di:mɑ:keitiɳ,để phân ranh giới,,
contrarily,'kɔntrərili,"trái ngược, ngược lại",,
adventurism,əd'ventʃərizm,chủ nghĩa phiêu lưu,,
maturely,,xem mature,,
pester,'pestə,"làm phiền, quấy rầy, làm khó chịu",,
wesleyan,,thành viên của nhà thờ hội Giám lý do John Wesley sáng lập,(thuộc) nhà thờ hội Giám lý; (thuộc) thành viên của nhà thờ hội Giám lý do John Wesley sáng lập,
maoism,,chủ nghĩa cộng sản của Mao Trạch Đông,,
monarchic,,như monarchical,,
interdental,'intə'dentl,ở khe răng,(ngôn ngữ học) khe răng (âm),
cladistic,,thuộc nhánh,,
digitize,,"số hoá, rời rạc hoá, lượng tử hoá",,
benignity,bi'nigniti,"lòng tốt, lòng nhân từ","việc làm tốt, việc làm nhân từ",
outflank,aut'flæɳk,"đánh vào sườn (quân địch), đánh lấn vào sườn (quân địch)",dàn quân lấn vào sườn (của đội quân khác),"(từ Mỹ,nghĩa Mỹ) khôn hơn, láu hơn"
dower,'dauə,của cải chồng để lại (chết để lại cho vợ),của hồi môn,"tài năng, thiên tài, khiếu"
amateurism,",æmə'tə:rizm","tính chất tài tử, tính chất nghiệp dư, tính chất không chuyên",,
subspecific,'sʌbspi'sitik,(sinh vật học) (thuộc) phân loài,,
culturist,'kʌltʃərist,"người làm ruộng, người trồng trọt ((cũng) cultivator)",người thiết tha với văn hoá,
corked,'kɔ:kt,có mùi nút chai (rượu),đóng bằng nút chai,bôi đen bằng than bần
orchardist,'ɔ:tʃədist,người trồng cây ăn quả,,
insole,'insoul,đế trong (giày),,
loess,"'louis, lə:s","(địa lý,ddịa chất) hoàng thổ, đất lớn",,
retrench,ri'trentʃ,"hạn chế, giảm (tiền chi tiêu...)","bớt đi, bỏ đi, cắt (một đoạn...); cắt xén (một quyển sách); rút ngắn (một bài diễn văn)","tự hạn chế chi tiêu, thực hiện tiết kiệm"
guttering,,hệ thống thoát nước,,
compartmental,,xem compartment,,
terrifically,,<thgt> cực kỳ; hết sức; rất,,
gest,,cũng geste,chuyện phiêu lưu,công lao; thành tích
prevarication,"pri,væri'keiʃn","sự thoái thác, sự quanh co; sự quanh co",lời nói quanh co; việc làm quanh co,
sural,'sjuərəl,(giải phẫu) (thuộc) bắp chân,,
unmusical,'ʌn'mju:zikəl,"không có tính chất nhạc, không du dương",không thích nhạc; không biết thưởng thức nhạc,
queerly,,"kỳ cục, kỳ quặc","khả nghi, đáng ngờ",đồng tình luyến ái
hawkish,,(chính trị) ủng hộ chính sách diều hâu (chứ không thoả hiệp),,
induct,in'dʌkt,làm lễ nhậm chức cho (ai),"giới thiệu vào, đưa vào (một tổ chức...)",bước đầu làm quen nghề cho (ai)
infuriate,in'fjuərieit,làm tức điên lên,,
inhibitive,in'hibitiv,"để ngăn chặn, để hạn chế, để kiềm chế","để ngăn cấm, để cấm",
changeability,",tʃeindʤə'biliti","tính dễ thay đổi, tính hay thay đổi",,
corral,kɔ'rɑ:l,"(từ Mỹ,nghĩa Mỹ) ràn, bãi quây sức vật",luỹ toa xe (toa xe sắp thành vòng tròn để bảo vệ trại),bãi bẫy thú (xung quanh có rào)
musingly,,trạng từ,với vẻ mặt suy tưởng/đăm chiêu,
changeful,'tʃeindʤful,"luôn luôn thay đổi, không ngừng biến chuyển; bất thường",,
biserial,,hai chuỗi,,
solemnization,,sự làm cho long trọng (một đám cưới ),,
certes,,"(từ cổ, nghĩa cổ) chắc chắn; thực tế",,
concentricity,",kɔnsən'trisiti",tính đồng tâm,,
overexertion,'ouvərig'zə:ʃn,sự gắng quá sức,,
specifiable,'spesifaiəbl,"có thể chỉ rõ được, có thể ghi rõ, có thể định rõ",,
histrionics,",histri'ɔniks","thuật đóng kịch, thuật diễn kịch","trò đạo đức giả, trò tuồng, trò kịch",
analogically,,xem analogical,,
lethally,,"chí tử, chết bỏ",,
unescorted,'ʌnis'kɔ:tid,không ai hộ tống,,
rota,'routə,bảng phân công,toà án tối cao (của nhà thờ La mã),
liberalise,'libərəlaiz,mở rộng tự do; làm cho có tự do,,
misfire,'mis'faiə,phát súng tịt; đạn không nổ; động cơ không nổ,"không nổ, tắt (súng, động cơ...)",
extrication,",ekstri'keiʃn","sự gỡ, sự giải thoát","(hoá học) sự tách, sự thoát ra",
antimonial,",ænti'mounjəl",(thuộc) antimon,,
caseation,,bệnh chết thối; bệnh hoại tử,,
intervocalic,",intəvou'kælik",(ngôn ngữ học) giữa hai nguyên âm,,
dickensian,,giống như truyện của Dickens mô tả,,
clannish,'klæniʃ,(thuộc) thị tộc,"trung thành với thị tộc, hết lòng với thị tộc; trung thành với bè đảng",
certifiable,'sə:tifaiəbl,có thể chứng nhận,,
nasalization,",neizəlai'zeiʃn",sự phát âm theo giọng mũi; hiện tượng mũi hoá,,
compartmentalize,,chia thành ngăn,,
baronage,'bærənidʤ,hàng nam tước,tước nam,
postmistress,"'poust,mistris",bà giám đốc sở bưu điện; bà trưởng phòng bưu điện,,
demonization,,xem demonize,,
procrustean,,(thuộc) xem Procrustes,(nghĩa bóng) gò ép; khiên cưỡng,
lieut,,"(vt của Lieutenant) trung úy, đại úy hải quân",,
intellective,",inti'lektiv",hiểu biết,,
solemnize,'sɔləmnaiz,cử hành theo nghi thức; cử hành,làm cho long trọng,
nasality,nei'zæliti,tính chất âm mũi,,
remitter,ri'mitə,"người gửi tiền, người gửi hàng (cho ai)",(pháp lý) sự trao lại một vụ án cho toà dưới xét xử,"(từ hiếm,nghĩa hiếm) người tha thứ, người xá tội"
preciseness,pri'saisnis,"tính đúng, tính chính xác","tính tỉ mỉ, tính câu nệ, sự kỹ tính",
vocalize,'voukəlaiz,"phát âm, đọc",(ngôn ngữ học) nguyên âm hoá,(âm nhạc) xướng nguyên âm
pleasurably,,mang lại niềm vui thích; thích thú,,
incisively,,"sắc sảo, sâu sắc",,
automatization,'ɔ:təməti'zeʃn,sự tự động hoá,,
pestiferous,pes'tifərəs,"truyền bệnh (dịch, bệnh lây)",gây hại (sâu bọ...),độc hại (tư tưởng...)
subtriangular,'sʌbtrai'æɳgjulə,tựa hình tam giác,,
lustration,lʌs'treiʃn,"lễ khai hoang, lễ tẩy uế",lễ rửa tội (cho trẻ con mới đẻ),
disaffirm,",disə'fə:m","không công nhận, phủ nhận","(pháp lý) huỷ, huỷ bỏ, thủ tiêu (một bản án)",
unspecialized,' n'spe  laizd,không chuyên môn hoá,,
abruption,ə'brʌpʃn,"sự đứt rời, sự gãy rời",,
optative,'ɔptətiv,(ngôn ngữ học) (thuộc) lối mong mỏi,(ngôn ngữ học) lối mong mỏi,
inefficacy,in'efikəsi,"sự không thể đem lại kết quả mong nuốn; sự không có hiệu quả, sự không công hiệu",,
constantan,,"(Tech) hợp kim kền-đồng, côngtantan",,
slagging,,xem slang,xỉ,vảy xỉ
ditcher,'ditʃə,"đào hào quanh, đào rãnh quanh",tưới tiêu bằng mương; dẫn (nước...) bằng mương,lật (xe) xuống hào
ethylenic,,xem ethylene,,
maidenhood,'meidnhud,thân thể người con gái; thời kỳ con gái,"thân thể gái già, cảnh bà cô",
premolar,,răng tiền hàm,,
cloak,/ˈkɫoʊk/,áo choàng không tay,áo khoát không tay,
avid,/ˈævəd/,khao khát,thèm khát,thèm thuồng
marvel,/ˈmɑɹvəɫ/,vật kỳ diệu,vật tuyệt diệu,kỳ công
psychiatrist,/səˈkaɪətɹəst/,thầy thuốc bệnh tinh thần,thầy thuốc bệnh tâm thần,
accustomed,/əˈkəstəmd/,quen với,thành thói quen,thành thường lệ
sanctity,/ˈsæŋktɪti/,tính thiêng liêng,tính thánh,
quirk,/ˈkwɝk/,lời giễu cợt,lời châm biếm,
oddity,/ˈɑdəti/,sự kỳ cục,sự kỳ quặc,sự kỳ dị
unconventional,/ˌənkənˈvɛnʃənəɫ/,không theo quy ước,,
congregate,/ˈkɑŋɡɹəˌɡeɪt/,tập hợp,tụ hợp,nhóm hợp
resent,/ɹiˈzɛnt/,phẫn uất,oán giận,
self-conscious,/ˌsɛɫfˈkɑnʃəs/,có ý thức về bản thân mình,tự giác,
stoke,/ˈstoʊk/,đốt (lò),đốt lò của (máy...),
dynamically,/daɪˈnæmɪˌkɫi/,năng nổ,sôi nổi,
exhibitionist,/ˌɛksəˈbɪʃənɪst/,người thích phô trương,,
refreshingly,/ɹiˈfɹɛʃɪŋɫi/,làm tỉnh táo,làm khoẻ khoắn,
effortless,/ˈɛfɝtɫəs/,không cố gắng,thụ động,
respite,/ˈɹɛspɪt/,sự hoãn (thi hành bản án,trừng phạt...),
darkroom,/ˈdɑɹˌkɹum/,buồng tối (để rửa ảnh),,
gem,/ˈdʒɛm/,viên ngọc,,
resin,/ˈɹɛzən/,nhựa (cây),,
stretching,/ˈstɹɛtʃɪŋ/,sự kéo căng,giãn dài,vuốt dài
shambles,/ˈʃæmbəɫz/,lò mổ,lò sát sinh,
claustrophobic,/ˌkɫɔstɹəˈfoʊbɪk/,mắc phải nỗi sợ bị giam giữ,hoặc gây ra nỗi sợ ấy,
claustrophobia,/ˌkɫɔstɹəˈfoʊbiə/,nỗi lo sợ mình bị giam giữ,,
headstrong,/ˈhɛdˌstɹɔŋ/,bướng bỉnh cứng đầu cứng cổ,ương ngạnh,
tact,/ˈtækt/,sự khéo xử,tài xử trí,
tactful,/ˈtæktfəɫ/,khéo xử,lịch thiệp,
tactfully,/ˈtæktfəɫi/,khéo xử,lịch thiệp,
blister,/ˈbɫɪstɝ/,vết bỏng giộp,chỗ giộp da,chỗ phồng da
ego,/ˈiɡoʊ/,cái tôi,,
slob,/ˈsɫɑb/,bùn,,
unplug,/ənˈpɫəɡ/,tháo nút ra,,
gadget,/ˈɡædʒət/,máy cải tiến,,
rediscover,/ɹidɪˈskəvɝ/,tìm ra lại,phát hiện lại,
subtly,/ˈsətəɫi/,xem subtle,,
brainwash,/ˈbɹeɪnˌwɑʃ/,tẩy não,,
implicate,/ˈɪmpɫɪˌkeɪt/,ẩn ý,điều ngụ ý,điều ngụ ý*  ngoại động từ
malfunction,/mæɫˈfəŋkʃən/,sự chạy,trục trặc,
wayside,/ˈweɪˌsaɪd/,bờ đường,lề đường*  tính từ,
placid,/ˈpɫæsəd/,điềm tĩnh,,
unmanageable,/ənˈmænɪdʒəbəɫ/,khó trông nom,khó quản lý (công việc...),
appliance,/əˈpɫaɪəns/,đồ thiết bị,trang thiết bị,dụng cụ
relinquish,/ɹiˈɫɪŋkwɪʃ/,bỏ,từ bỏ (thói quen,hy vọng
detest,/diˈtɛst/,ghét,ghét cay ghét đắng,ghê tởm
suds,/ˈsədz/,nước xà phòng,bọt nước xà phòng,
prowl,/ˈpɹaʊɫ/,lảng vảng kiếm mồi,đi rình mò kiếm mồi,
disdain,/dɪsˈdeɪn/,khinh,khinh thị,khinh khỉnh (ai
torment,/ˈtɔɹˌmɛnt/,nguồn đau khổ*  ngoại động từ,,
extravagance,/ɛkˈstɹævəɡəns/,tính quá mức,tính quá độ,tính quá cao (giá cả...)
offspring,/ˈɔfsˌpɹɪŋ/,con,con cái,con cháu
oblige,/əˈbɫaɪdʒ/,bắt buộc,cưỡng bách,đặt nghĩa vụ cho
collaborate,/kəˈɫæbɝˌeɪt/,cộng tác,,
collaborator,/kəˈɫæbɝˌeɪtɝ/,người cộng tác,cộng tác viên,
showy,/ˈʃoʊi/,loè loẹt,phô trương,
wrangle,/ˈɹæŋɡəɫ/,sự cãi nhau,,
parasite,/ˈpɛɹəˌsaɪt/,kẻ ăn bám,,
fanciful,/ˈfænsɪfəɫ/,thích kỳ lạ,,
poise,/ˈpɔɪz/,thế thăng bằng,thế cân bằng,
upheaval,/əpˈhivəɫ/,sự nổi lên,,
uneventful,/ˌəniˈvɛntfəɫ/,không có chuyện gì xảy ra,không có biến cố,yên ổn
daydream,/ˈdeɪˌdɹim/,sự mơ mộng,mộng tưởng hão huyền,
blockbuster,/ˈbɫɑkˌbəstɝ/,bom tấn,,
acidic,/əˈsɪdɪk/,có tính chất axit,,
align,/əˈɫaɪn/,sắp cho thẳng hàng,,
suitor,/ˈsutɝ/,người cầu hôn,,
alienate,/ˈeɪɫjəˌneɪt/,làm cho giận ghét,làm cho xa lánh,
persuasively,/pɝˈsweɪsɪvɫi/,có sức thuyết phục,khiến nghe theo,
minutiae,/mɪˈnuʃiə/,những chi tiết vụn vặt,,
inexplicable,/ˌɪnəksˈpɫɪsəbəɫ/,không thể giải nghĩa được,không thể giải thích được,
inexplicably,/ˌɪnɪksˈpɫɪkəbɫi/,không giải thích được,không cắt nghĩa được,
pigeon,/ˈpɪdʒən/,chim bồ câu,,
harass,/hɝˈæs/,gây ưu phiền,gây lo lắng,quấy rầy
persecute,/ˈpɝsəkˌjut/,khủng bố,ngược đãi,hành hạ
smug,/ˈsməɡ/,thiển cận mà tự mãn,,
smugly,/ˈsməɡɫi/,xem smug,,
ferocious,/fɝˈoʊʃəs/,dữ tợn,hung ác,dã man
ferociously,/fɝˈoʊʃɪsɫi/,hung tợn,tàn bạo,
dismay,/dɪsˈmeɪ/,sự mất tinh thần,,
methodical,/məˈθɑdəkəɫ/,có phương pháp,,
ruthlessness,/ˈɹuθɫəsnəs/,tính tàn nhẫn,tính nhẫn tâm,
clan,/ˈkɫæn/,thị tộc,,
crumble,/ˈkɹəmbəɫ/,vỡ vụn,đổ nát,bở
crumb,/ˈkɹəm/,miếng,mẫu,mảnh vụn
rarity,/ˈɹɛɹəti/,sự hiếm có,sự ít có,vật hiếm có
repel,/ɹɪˈpɛɫ/,đẩy lùi,,
aqua,/ˈækwə/,số nhiều aquas,,
aquarium,/əˈkwɛɹiəm/,bể nuôi (cá,loài thuỷ sinh),
flashback,/ˈfɫæʃˌbæk/,cảnh hồi tưởng,,
ecstatically,/ɛkˈstætɪkɫi/,đê mê,ngây ngất,mê ly
grumble,/ˈɡɹəmbəɫ/,sự càu nhàu,sự cằn nhằn,tiếng càu nhàu
rumble,/ˈɹəmbəɫ/,tiếng ầm ầm,,
neglectful,/nɪˈɡɫɛktfəɫ/,sao lãng,cẩu thả,không chú ý
conscientiously,/ˌkɑntʃiˈɛntʃəsɫi/,chu toàn,tận tình,
fuse,/ˈfjuz/,cầu chì,,
dismally,/ˈdɪzməɫi/,u sầu,rầu rự,
crave,/ˈkɹeɪv/,nài xin,khẩn cầu,
craving,/ˈkɹeɪvɪŋ/,sự thèm muốn,lòng khao khát,
swap,/ˈswɑp/,sự trao đổi,sự đổi chác*  động từ,
violet,/ˈvaɪəɫɪt/,tím*  danh từ,,
bubbly,/ˈbəbəɫi/,rượu sâm banh,,
apprehensive,/ˌæpɹiˈhɛnsɪv/,sợ hãi,e sợ,
trampoline,/ˌtɹæmpəˈɫin/,dùng bạt lò xo,sử dụng bạt lò xo,
stamina,/ˈstæmənə/,sức chịu đựng,khả năng chịu đựng,
ploy,/ˈpɫɔɪ/,(Ê,,
dither,/ˈdɪðɝ/,sự run lập cập,sự rùng mình,
unison,/ˈjunəsən/,trạng thái đồng âm,,
snail,/ˈsneɪɫ/,con ốc sên,con sên,
inexhaustible,/ˌɪnɪɡˈzɔstəbəɫ/,không bao giờ hết được,vô tận,
heifer,/ˈhaɪfɝ/,bò cái tơ,bê cái,
ewe,/ˈju/,cừu cái,,
profoundly,/pɹoʊˈfaʊndɫi/,một cách sâu sắc,hết sức,
baldly,/ˈbɔɫdɫi/,không màu mè,không che đậy,
bearded,/ˈbɪɹdəd/,có râu,,
professionalism,/pɹəˈfɛʃənəˌɫɪzəm/,tính cách nhà nghề,,
popularization,/ˌpɑpjəɫɝəˈzeɪʃən/,sự đại chúng hoá,,
pendulum,/ˈpɛndʒəɫəm/,quả lắc,con lắc,
ceaseless,/ˈsisɫɪs/,không ngừng,không ngớt,không dứt
ceaselessly,/ˈsizɫəsɫi/,không ngớt,liên tục,
climactic,/kɫaɪˈmæktɪk/,theo phép tiến dần,,
anticlimactic,/ˌæntikɫaɪˈmæktɪk/,hạ xuống từ cực điểm,,
forfeit,/ˈfɔɹfɪt/,tiền phạt,tiền bồi thường,
twitch,/ˈtwɪtʃ/,cỏ băng,,
exodus,/ˈɛksədəs/,sự rời đi,,
physique,/fəˈzik/,cơ thể vóc người,dạng người,
utensil,/juˈtɛnsəɫ/,đồ dùng,,
otter,/ˈɑtɝ/,con rái cá,,
clammy,/ˈkɫæmi/,lạnh và ẩm ướt,,
dispensary,/ˈdɪspɛnˌsɛɹi/,trạm phát thuốc,,
diverge,/dɪˈvɝdʒ/,phân kỳ,rẽ ra,
superficially,/ˈsupɝˌfɪʃəɫi/,xem superficial,,
aesthetically,/ɛsˈθɛtɪkɫi/,có thẩm mỹ,,
quip,/ˈkwɪp/,lời châm biếm,lời nói chua cay,
woo,/ˈwu/,tán,ve,chim (gái)
plausibility,/ˌpɫɔzɪˈbɪɫɪti/,sự có vẻ hợp lý,sự có vẻ đúng,
plausibly,/ˈpɫɔzəbɫi/,hợp lý,đáng tin cậy,
instinctive,/ˌɪnˈstɪŋktɪv/,thuộc bản năng,do bản năng,theo bản năng
instinctively,/ˌɪnˈstɪŋktɪvˌɫi/,theo bản năng,do bản năng,
honk,/ˈhɑŋk/,tiếng kêu của ngỗng trời,,
goose,/ˈɡus/,ngỗng,ngỗng cái,
innovate,/ˈɪnəˌveɪt/,đưa vào những cái mới,,
connoisseur,/ˌkɑnəˈsɝ/,người sành sỏi,người thành thạo,
abstraction,/æbˈstɹækʃən/,sự trừu tượng,sự trừu tượng hoá,
tantrum,/ˈtæntɹəm/,cơn giận,cơn thịnh nộ,cơn tam bành
fatality,/fəˈtæɫɪti/,định mệnh,vận mệnh,số mệnh
stiffen,/ˈstɪfən/,làm cứng,làm cứng thêm,
wooded,/ˈwʊdɪd/,có rừng,lắm rừng,có nhiều cây cối
flatter,/ˈfɫætɝ/,tôn lên,,
flattery,/ˈfɫætɝi/,sự tâng bốc,sự xu nịnh,sự bợ đỡ
aimless,/ˈeɪmɫəs/,không mục đích,vu vơ,bâng quơ
aimlessly,/ˈeɪmɫəsɫi/,không mục đích,vu vơ,bâng quơ
candid,/ˈkændəd/,thật thà,ngay thẳng,bộc trực
candidly,/ˈkændɪdɫi/,thật thà,thẳng thắn,
vitality,/vaɪˈtæɫəti/,sức sống,sinh khí,
provocatively,/pɹoʊˈvɑkətɪvɫi/,khiêu khích,trêu chọc,
clench,/ˈkɫɛntʃ/,sự đóng gập đầu (đinh) lại,,
haggle,/ˈhæɡəɫ/,sự mặc cả,,
scorn,/ˈskɔɹn/,sự khinh bỉ,sự khinh miệt,sự khinh rẻ
scornful,/ˈskɔɹnfəɫ/,đầy khinh bỉ,đầy khinh miệt,
elevate,/ˈɛɫəˌveɪt/,nâng cao (phẩm giá),,
formality,/fɔɹˈmæɫəti/,sự theo đúng quy cách,sự theo đúng thủ tục,
mountaineer,/ˈmaʊntɪˌnɪɹ/,người miền núi,,
transatlantic,/ˌtɹænzətˈɫænɪk/,bên kia Đại tây dương,,
tinker,/ˈtɪŋkɝ/,thợ hàn nồi,,
lavatory,/ˈɫævəˌtɔɹi/,phòng rửa mặt,,
pinnacle,/ˈpɪnəkəɫ/,đỉnh núi cao nhọn,,
insecure,/ˈɪnsəkjɝ/,không an toàn,,
reassure,/ˌɹiəˈʃʊɹ/,cam đoan một lần nữa,đoan chắc một lần nữa,
reassurance,/ˌɹiəˈʃʊɹəns/,sự cam đoan một lần nữa,sự đoan chắc một lần nữa,
oversee,/ˈoʊvɝˌsi/,trông nom,giám thị,
overseer,/ˈoʊvɝˈsiɝ/,giám thị,,
liaison,/ˈɫeɪˌzɑn/,liên lạc,,
loom,/ˈɫum/,bóng lờ mờ,,
notwithstanding,/ˌnɑtwɪθˈstændɪŋ/,cũng cứ,ấy thế mà,tuy thế mà
sedentary,/ˈsɛdənˌtɛɹi/,ngồi,,
rapport,/ɹæˈpɔɹ/,quan hệ,,
consultancy,/kənˈsəɫtənsi/,sự giúp đỡ ý kiến,sự cố vấn,sự tư vấn
quarry,/ˈkwɔɹi/,con mồi,con thịt,
possessor,/pəˈzɛsɝ/,người có,người có quyền sở hữu,người chiếm hữu
chill,/ˈtʃɪɫ/,sự ớn lạnh,sự rùng mình (vì lạnh),
chilly,/ˈtʃɪɫi/,lạnh,lạnh lẽo,giá lạnh
frosty,/ˈfɹɔsti/,băng giá,giá rét,phủ đầy sương giá
impersonate,/ˌɪmˈpɝsəˌneɪt/,thể hiện dưới dạng người,nhân cách hoá,
impersonator,/ˌɪmˈpɝsəneɪtɝ/,người đóng vai,người thủ vai,
impersonation,/ˌɪmpɝsəˈneɪʃən/,sự thể hiện dưới dạng người,sự nhân cách hoá,
buzzer,/ˈbəzɝ/,còi (nhà máy...),,
desertion,/dɪˈzɝʃən/,sự bỏ ra đi,sự bỏ trốn,sự đào ngũ
unoccupied,/əˈnɑkjəˌpaɪd/,nhàn rỗi,rảnh (thời gian),
stuffy,/ˈstəfi/,thiếu không khí,ngột ngạt,
gape,/ˈɡeɪp/,cái ngáp,,
toughness,/ˈtəfnəs/,tính dai,tính bền,
glum,/ˈɡɫəm/,ủ rũ,buồn bã,rầu rĩ
glumly,/ˈɡɫəmɫi/,ủ rũ,rầu rự,
gamely,/ˈɡeɪmɫi/,liều lỉnh,mạo hiểm,
dissect,/daɪˈsɛkt/,cắt ra từng mảnh,chặt ra từng khúc,
dissection,/ˈdaɪsɛkʃən/,sự cắt ra từng mảnh,sự chặt ra từng khúc,
commendation,/ˌkɑmənˈdeɪʃən/,sự khen ngợi,sự ca ngợi,sự tán dương
flick,/ˈfɫɪk/,tiếng tách tách,,
flicker,/ˈfɫɪkɝ/,ánh sáng lung linh,ánh lửa bập bùng,
unenviable,/əˈnɛnˌviəbəɫ/,không đáng thèm muốn,không đáng ghen tị,
bribe,/ˈbɹaɪb/,của đút lót,vật đút lót,vật hối lộ
bribery,/ˈbɹaɪbɝi/,sự đút lót,sự hối lộ,sự mua chuộc
unconvincing,/ˌənkənˈvɪnsɪŋ/,không làm cho người ta tin,không có sức thuyết phục,
recharge,/ɹiˈtʃɑɹdʒ/,nạp lại,,
facilitation,/fəˌsɪɫəˈteɪʃən/,sự tạo điều kiện thuận lợi,,
conditionally,/kənˈdɪʃənəɫi/,có điều kiện,tùy theo điều kiện,
supple,/ˈsəpəɫ/,mềm,dễ uốn,
manicure,/ˈmænɪkjɝ/,sự cắt sửa móng tay,,
pedicure,/ˈpɛdɪkjɝ/,chiropody,,
bouquet,/buˈkeɪ/,bó hoa,,
refurbish,/ɹiˈfɝbɪʃ/,tân trang lại,trang trí lại,
lethargy,/ˈɫɛθɝdʒi/,trạng thái hôn mê,giấc ngủ lịm,
lethargic,/ɫəˈθɑɹdʒɪk/,hôn mê,,
stately,/ˈsteɪtɫi/,oai vệ,oai nghiêm (dáng,người)
conservatory,/kənˈsɝvətɔɹi/,nhà kính (trồng cây),,
disquieting,/dɪsˈkwaɪətɪŋ/,làm không an tâm,làm không yên lòng,làm băn khoăn lo lắng
grapefruit,/ˈɡɹeɪpˌfɹut/,cây bưởi chùm,,
gourmet,/ˈɡʊɹˌmeɪ/,người sành ăn,người sành rượu,
conjure,/ˈkɑndʒɝ/,làm trò ảo thuật,,
creamy,/ˈkɹimi/,có nhiều kem,,
sauna,/ˈsɔnə/,sự tắm hơi,,
sedate,/sɪˈdeɪt/,bình thản,trầm tĩnh,khoan thai (người
sedately,/sɪˈdeɪtɫi/,điềm tựnh,bình thản,bình tựnh (về người
staggering,/ˈstæɡɝˌɪŋ/,làm lảo đảo,làm loạng choạng,làm choáng người
dutiful,/ˈdutifəɫ/,biết vâng lời,biết nghe lời,
dutifully,/ˈdutifəɫi/,nghiêm túc,đầy ý thức trách nhiệm,
calorie,/ˈkæɫɝi/,calo,,
fabulously,/ˈfæbjuɫəsɫi/,thần thoại,bịa đặt,hoang đường
eclectic,/ɪˈkɫɛktɪk/,chiết trung*  danh từ,,
revere,/ɹɪˈvɪɹ/,tôn kính,sùng kính,kính trọng
recognizably,/ˈɹɛkəɡˌnaɪzəbɫi/,có thể công nhận,có thể thừa nhận,
batter,/ˈbætɝ/,vận động viên bóng chày,vận động viên crickê*  danh từ,
battered,/ˈbætɝd/,méo mó,mòn vẹt,
compliant,/kəmˈpɫaɪənt/,hay chiều,,
exuberant,/ɪɡˈzubɝənt/,um tùm (cây cỏ),,
exuberance,/ɪɡˈzubɝəns/,tính sum sê,tính um tùm (cây cỏ),
anchored,/ˈæŋkɝd/,đậu,tả neo,
interject,/ˌɪntɝˈdʒɛkt/,bỗng xen vào (lời nhận xét...),,
interjection,/ˌɪntɝˈdʒɛkʃən/,sự nói xen vào,lời nói xen vào,
gush,/ˈɡəʃ/,sự phun ra,sự vọt ra,
gushing,/ˈɡəʃɪŋ/,phun ra,vọt ra,
imp,/ˈɪmp/,tiểu yêu,tiểu quỷ,
impish,/ˈɪmpɪʃ/,ma quỷ,như ma quỷ,
macabre,/məˈkɑbɝ/,rùng rợn,khủng khiếp,kinh khủng
gusto,/ˈɡəsˌtoʊ/,sự thưởng thức,sự hưởng,
tantamount,/ˈtæntəˌmaʊnt/,tương đương với,có giá trị như,nang với
relapse,/ɹiˈɫæps/,sự trở lại,,
impediment,/ˌɪmˈpɛdəmənt/,(từ hiếm,,
taut,/ˈtɔt/,kéo căng,căng (dây thừng,chão)
jersey,/ˈdʒɝzi/,bò cái jecxi,,
startlingly,/ˈstɑɹtɫɪŋˌɫi/,rất ngạc nhiên,làm sửng sốt,đáng chú ý
unwavering,/ənˈweɪvɝɪŋ/,không rung rinh,không lung lay,
buffoon,/bəˈfun/,anh hề*  nội động từ,,
beguiling,/bɪˈɡaɪɫɪŋ/,lý thú,hấp dẫn,
blithely,/ˈbɫaɪθɫi/,vô tình,,
mythological,/ˌmɪθəˈɫɑdʒɪkəɫ/,thần thoại học,(thuộc) thần thoại,
venerate,/ˈvɛnɝˌeɪt/,tôn kính,,
veneration,/ˌvɛnɝˈeɪʃən/,sự tôn kính,,
heroine,/ˈhɛɹoʊən/,nữ anh hùng,,
refreshing,/ɹɪˈfɹɛʃɪŋ/,làm cho khoẻ khoắn,làm cho khoan khoái,làm cho tươi tỉnh
zany,/ˈzeɪni/,người ngu,người đần,người khờ dại
devotee,/ˌdɛvəˈti/,người mộ đạo,người sùng đạo,
salve,/ˈsɑv/,thuốc mỡ,thuốc xoa,
staccato,/stəˈkɑˌtoʊ/,ngắt âm*  danh từ,,
motley,/ˈmɑtɫi/,sặc sỡ,nhiều màu,
wry,/ˈɹaɪ/,méo mó,nhăn nhó,
confide,/kənˈfaɪd/,nói riêng,giãi bày tâm sự,
sentimental,/ˌsɛnəˈmɛnəɫ/,dễ cảm,đa cảm,nhiều tình cảm uỷ mị
tangle,/ˈtæŋɡəɫ/,tảo bẹ,,
tangled,/ˈtæŋɡəɫd/,rối,lộn xộn,
perceptive,/pɝˈsɛptɪv/,nhận thức được,cảm thụ được,
tycoon,/taɪˈkun/,trùm tư bản,vua tư bản,
engross,/ɪnˈɡɹoʊs/,làm mê mải (ai),thu hút (sự chú ý),
engrossing,/ɪnˈɡɹoʊsɪŋ/,choán hết thì giờ,,
detritus,/ˈdɛtɹətəs/,vật vụn (như cát,sỏi...),mảnh vụn
domestically,/dəˈmɛstɪkɫi/,trong nước,nội địa,
domesticate,/dəˈmɛstəˌkeɪt/,làm cho hợp thuỷ thổ (cây...),thuần hoá (súc vật),
domestication,/dəˌmɛstəˈkeɪʃən/,sự thuần hoá (súc vật),,
rendering,/ˈɹɛndɝɪŋ/,sự biểu diễn (một vai kịch,một bản nhạc ),
pathos,/ˈpeɪθɑs/,tính chất cảm động,,
tailor,/ˈteɪɫɝ/,thợ may,,
personalize,/ˈpɝsənəˌɫaɪz/,xác định (cái gì) thuộc về ai,,
limitless,/ˈɫɪmətɫəs/,vô hạn,,
apprentice,/əˈpɹɛntəs/,người học việc,người học nghề,
silhouette,/ˌsɪɫəˈwɛt/,bóng,hình bóng*  ngoại động từ,
negligently,/ˈnɛɡɫɪdʒəntɫi/,cẩu thả,lơ đễnh,
altruistic,/ˌɔɫtɹuˈɪstɪk/,chủ nghĩa vị tha,,
paternalistic,/pəˌtɝnəˈɫɪstɪk/,chế độ gia trưởng,,
unsustainable,/ˌənsəˈsteɪnəbəɫ/,không thể chống đỡ được,không thể biện hộ được,
cynic,/ˈsɪnɪk/,(triết học) nhà khuyến nho,,
cynically,/ˈsɪnɪkəɫi/,bất cần đạo lý,bất nhẫn,
cynicism,/ˈsɪnɪˌsɪzəm/,cynicsm thuyết khuyến nho,,
sarcastic,/sɑɹˈkæstɪk/,chế nhạo,mỉa mai,chân biếm
sarcastically,/sɑɹˈkæstɪkɫi/,chế nhạo,mỉa mai,châm biếm
symptomatic,/ˌsɪmptəˈmætɪk/,triệu chứng,,
degrade,/dɪˈɡɹeɪd/,làm mất danh giá,làm mất thanh thể,
degrading,/dɪˈɡɹeɪdɪŋ/,làm giảm giá trị,làm đê hèn,làm hèn hạ
amid,/əˈmɪd/,giữa,,
hedgehog,/ˈhɛdʒˌhɑɡ/,quả có nhiều gai,,
nocturnal,/nɑkˈtɝnəɫ/,đêm,về đêm,
hibernate,/ˈhaɪbɝˌneɪt/,ngủ đông (động vật),,
hibernation,/ˌhaɪbɝˈneɪʃən/,sự ngủ đông (động vật),,
snooze,/ˈsnuz/,ngủ chợp đi một giấc ngắn,ngủ gà gật,ngủ ngày
classy,/ˈkɫæsi/,ưu tú,xuất sắc,cừ
wrench,/ˈɹɛntʃ/,sự vặn mạnh,sự xoắn,sự giật mạnh
reminisce,/ˌɹɛməˈnɪs/,hồi tưởng,nhớ lại,
intuit,/ˌɪnˈtuət/,biết qua trực giác,trực cảm,
intuitively,/ˌɪnˈtuɪtɪvɫi/,bằng trực giác,qua trực giác,
crudely,/ˈkɹudɫi/,sơ sài,qua loa,
strapping,/ˈstɹæpɪŋ/,sự buộc bằng dây da,,
scoff,/ˈskɔf/,lời chế giễu,lời đùa cợt,
fiddler,/ˈfɪdəɫɝ/,cua uca,cua kéo đàn (cg fiddler crab),
fiddle,/ˈfɪdəɫ/,cái chốt,cái chặn,
repertory,/ˈɹɛpɝˌtɔɹi/,kho (tài liệu,tin tức),
concerto,/kənˈtʃɛɹtoʊ/,côngxectô,,
premier,/pɹɛˈmɪɹ/,thủ tướng*  tính từ,,
fanatic,/fəˈnætɪk/,cuồng tín,,
fanatically,/fəˈnætɪkəɫi/,cuồng nhiệt,say mê,
acoustically,/əˈkustɪkɫi/,về âm thanh,về độ vang âm,
acoustics,/əˈkustɪks/,âm học,,
daunt,/ˈdɔnt/,ấn (cá mòi) vào thùng,,
daunting,/ˈdɔntɪŋ/,làm thoái chí,làm nản chí,
prolifically,/pɹoʊˈɫɪfɪkɫi/,sáng tác nhiều (nhà văn,hoạ sự ),
proliferate,/pɹoʊˈɫɪfɝˌeɪt/,nảy nở,,
fragmentation,/ˌfɹæɡmənˈteɪʃən/,sự vỡ ra từng mảnh,,
astray,/əˈstɹeɪ/,lạc đường,lạc lối,
naively,/nɑˈivɫi/,ngây thơ,chất phác,
impervious,/ˌɪmˈpɝviəs/,không thấu qua được,không thấm (nước...),
ludicrous,/ˈɫudəkɹəs/,buồn cười,đáng cười,lố lăng
ludicrously,/ˈɫudəkɹəsɫi/,lố lăng,lố bịch,
gruesome,/ˈɡɹusəm/,ghê gớm,khủng khiếp,
envisage,/ɛnˈvɪzɪdʒ/,nhìn thẳng vào mặt (ai),,
screenwriter,/ˈskɹinˌɹaɪtɝ/,người viết kịch bản phim,,
mingle,/ˈmɪŋɡəɫ/,trộn lẫn,lẫn vào,
churn,/ˈtʃɝn/,thùng đánh kem (để làm bơ),,
irate,/aɪˈɹeɪt/,nổi giận,giận dữ,
docile,/ˈdɑsəɫ/,dễ bảo,dễ sai khiến,ngoan ngoãn
fiend,/ˈfind/,ma quỷ,quỷ sứ,
fiendish,/ˈfindɪʃ/,như ma quỷ,như quỷ sứ,
transfix,/tɹænsˈfɪks/,đâm qua,giùi qua,xuyên qua
gypsy,/ˈdʒɪpsi/,dân gipxi (ở Ân,,
screenplay,/ˈskɹinˌpɫeɪ/,kịch bản phim,,
disillusionment,/ˌdɪsɪˈɫuʒənmənt/,sự làm không có ảo tưởng,,
demise,/dɪˈmaɪz/,sự cho thuê,sự cho mướn (miếng đất...),
raunchy,/ˈɹɔntʃi/,dâm dục,,
renown,/ɹɪˈnaʊn/,danh tiếng,tiếng tăm,
ventilate,/ˈvɛnəˌɫeɪt/,thông gió,thông hơi,
occupant,/ˈɑkjəpənt/,người chiếm giữ,kẻ chiếm đóng,
homely,/ˈhoʊmɫi/,xấu,vô duyên,thô kệch (người
versatile,/ˈvɝsətəɫ/,nhiều tài,uyên bác,linh hoạt
versatility,/ˌvɝsəˈtɪɫəti/,sự có nhiều tài,tính linh hoạt,
uninspiring,/ənɪnˈspaɪɹɪŋ/,không gây được thích thú,không gây xúc động,
mutually,/ˈmjutʃuəɫi/,lẫn nhau,qua lại,
somber,/ˈsɑmbɝ/,tối,mờ,tối tăm
clutter,/ˈkɫətɝ/,tiếng ồn ào huyên náo,,
dislodge,/dɪˈsɫɑdʒ/,đuổi ra khỏi,trục ra khỏi (một nơi nào...),
carpentry,/ˈkɑɹpəntɹi/,nghề thợ mộc,,
plummet,/ˈpɫəmət/,quả dọi,,
phenomenally,/fəˈnɑmənəɫi/,kỳ lạ,phi thường,
prophetic,/pɹəˈfɛtɪk/,tiên tri,đoán trước,nói trước
demo,/ˈdɛmoʊ/,cuộc biểu tình,,
gig,/ˈɡɪɡ/,xe độc mã hai banh,,
antiquated,/ˈæntəˌkweɪtɪd/,cổ,cổ xưa,cũ kỹ
restorative,/ɹəˈstɔɹətɪv/,làm hồi phục sức khoẻ,bổ,
itinerary,/aɪˈtɪnɝˌɛɹi/,hành trình,con đường đi,
charter,/ˈtʃɑɹtɝ/,hiến chương,,
enterprising,/ˈɛnɝˌpɹaɪzɪŋ/,dám làm,,
canoe,/kəˈnu/,xuồng,,
credibly,/ˈkɹɛdəbɫi/,tin được,đáng tin,
prohibitive,/pɹoʊˈhɪbətɪv/,cấm,cấm chỉ,
prohibitively,/pɹoʊˈhɪbətɪvɫi/,cấm,ngăn cấm,
fissure,/ˈfɪʃɝ/,chỗ nứt,vết nứt,
pendulous,/ˈpɛndʒəɫəs/,lòng thòng,lủng lẳng (tổ chim,chùm hoa)
anthropologist,/ˌænθɹəˈpɑɫədʒəst/,nhà nhân loại học,,
munch,/ˈməntʃ/,nhai,nhai tóp tép,nhai trệu trạo
adjoin,/əˈdʒɔɪn/,nối liền,tiếp vào,
wizened,/ˈwaɪzənd/,khô xác,nhăn nheo,
folktale,/ˈfoʊkˌteɪɫ/,truyện dân gian,,
sprout,/ˈspɹaʊt/,mần cây,chồi,
hypocrisy,/hɪˈpɑkɹəsi/,đạo đức giả,,
hypocrite,/ˈhɪpəˌkɹɪt/,kẻ đạo đức giả,kẻ giả nhân giả nghĩa,
hypocritical,/ˌhɪpəˈkɹɪtɪkəɫ/,đạo đức giả,giả nhân giả nghĩa,
midwife,/ˈmɪdˌwaɪf/,bà đỡ,bà mụ,
numb,/ˈnəm/,tê,tê cóng,
retrace,/ɹiˈtɹeɪs/,trace) /'ri:'treis/,,
insubordinate,/ˌɪnsəˈbɔɹdəˌneɪt/,không chịu phục tùng,không chịu vâng lời,
insubordination,/ˌɪnsəˌbɔɹdəˈneɪʃən/,sự không chịu phục tùng,sự không chịu vâng lời,
contextual,/ˌkɑnˈtɛksˌtʃuəɫ/,văn cảnh,(thuộc) ngữ cảnh,(thuộc) mạch văn
riveting,/ˈɹɪvətɪŋ/,thu hút sự chú ý,làm mê hoặc,
plunge,/ˈpɫəndʒ/,sự lao mình xuống (nước),,
scathing,/ˈskeɪðɪŋ/,gay gắt,cay độc,ác
convoluted,/ˈkɑnvəˌɫutəd/,quấn,xoắn,
undaunted,/ənˈdɔntɪd/,không bị khuất phục,ngoan cường,tính dũng cảm
gutsy,/ˈɡətˈsi/,gan góc,dũng cảm,
farce,/ˈfɑɹs/,trò khôi hài,,
elude,/ɪˈɫud/,tránh,né,lảng tránh (cú đấm
incisor,/ˌɪnˈsaɪzɝ/,răng sữa,,
chisel,/ˈtʃɪzəɫ/,cái đục,cái chàng,
gnaw,/ˈnɔ/,gặm,ăn mòn,
elongate,/ɪˈɫɔŋɡeɪt/,làm dài ra,kéo dài ra*  nội động từ,
telltale,/ˈtɛɫˌteɪɫ/,người mách lẻo,người hớt lẻo,
rustle,/ˈɹəsəɫ/,tiếng kêu xào xạc,tiếng sột soạt*  nội động từ,
glean,/ˈɡɫin/,mót,,
somersault,/ˈsəmɝˌsɔɫt/,sự nhảy lộn nhào,,
exhilarate,/ɪɡˈzɪɫɝˌeɪt/,làm vui vẻ,làm hồ hởi,
exhilarating,/ɪɡˈzɪɫɝˌeɪtɪŋ/,làm vui vẻ,làm hồ hởi*  danh từ,
exhilaration,/ɪɡˌzɪɫɝˈeɪʃən/,niềm vui vẻ,niềm hồ hởi,
hack,/ˈhæk/,búa,rìu,cuốc chim (của công nhân mỏ)
unsettling,/ənˈsɛtəɫɪŋ/,không làm cho an tâm,đáng lo,
unsettle,/ənˈsɛtəɫ/,làm lung lay,làm lộn xộn,làm rối loạn
suburban,/səˈbɝbən/,ngoại ô,,
suburbia,/səˈbɝbiə/,xuốm Luân đôn),,
dramatist,/ˈdɹɑmətɪst/,nhà soạn kịch,nhà viết kịch,
quirky,/ˈkwɝki/,lắm mưu mô,giỏi ngụy biện,
sprawl,/ˈspɹɔɫ/,sự nằm dài ra,sự nằm ườn ra,tư thế uể oải
panorama,/ˌpænɝˈæmə/,sự hình dung lần lần (sự việc,hình ảnh) trong trí óc,
panoramic,/ˌpænɝˈæmɪk/,có cảnh tầm rộng,có tính chất toàn cảnh,
explosively,/ˌɛksˈpɫoʊsɪvɫi/,mạnh mẽ,dữ dội,
bequeath,/bɪˈkwiθ/,để lại (bằng chúc thư),,
lackluster,/ˈɫæˌkɫəstɝ/,lờ đờ,không sáng (mắt...),
pounce,/ˈpaʊns/,móng (chim ăn thịt),,
sap,/ˈsæp/,nhựa cây,,
monotonous,/məˈnɑtənəs/,đều đều,đơn điệu,buồn tẻ ((cũng) monotone)
monotony,/məˈnɑtəni/,trạng thái đều đều,sự đơn điệu,sự buồn tẻ
neutralize,/ˈnutɹəˌɫaɪz/,trung lập hoá,,
neutralization,/ˌnutɹəɫəˈzeɪʃən/,sự trung lập hoá,,
salivate,/ˈsæɫəˌveɪt/,làm chảy nước bọt,,
remorse,/ɹɪˈmɔɹs/,sự ăn năn,sự hối hận,
remorseless,/ɹɪˈmɔɹsɫəs/,không ăn năn,không hối hận,
inexcusable,/ˌɪnɪkˈskjuzəbəɫ/,không thể thứ được,không thể bào chữa được,
inexcusably,/ˌɪnɪkˈskjuzəbɫi/,không đáng tha thứ,không tha thứ được,
unassisted,/ˌənəˈsɪstɪd/,không được giúp đỡ,,
heighten,/ˈhaɪtən/,làm cao lên,làm cao hơn,nâng cao
complimentary,/ˌkɑmpɫəˈmɛntɝi/,ca ngợi,ca tụng,tán tụng
succulent,/ˈsəkjəɫɪnt/,ngon,bổ (thức ăn),
tranquil,/ˈtɹæŋkwəɫ/,lặng lẽ,yên lặng,yên tĩnh
spartan,/ˈspɑɹtən/,Xpác,,
billiards,/ˈbɪɫjɝdz/,trò chơi bi,,
