word,pronunciation,meaning1,meaning2,meaning3
acumen,/ˈækjumen/,sự nhạy bén,khả năng phán đoán tốt,sự tinh tường
anomaly,/əˈnɒməli/,sự bất thường,dị thường,điều khác lạ
austere,/ɔːˈstɪər/,khắc khổ,giản dị nghiêm khắc,kham khổ
cacophony,/kəˈkɒfəni/,âm thanh hỗn độn,tạp âm,tiếng ồn chói tai
capitulate,/kəˈpɪtʃuleɪt/,đầu hàng,khuất phục,chịu thua
cogent,/ˈkoʊdʒənt/,thuyết phục,có sức thuyết phục,chặt chẽ và rõ ràng
conundrum,/kəˈnʌndrəm/,câu đố hóc búa,vấn đề nan giải,bài toán khó
deleterious,/ˌdeləˈtɪəriəs/,có hại,gây tổn hại,độc hại
ephemeral,/ɪˈfemərəl/,phù du,ngắn ngủi,chóng tàn
equivocal,/ɪˈkwɪvəkl/,mập mờ,nước đôi,khó hiểu rõ
esoteric,/ˌesəˈterɪk/,bí truyền,khó hiểu với số đông,chuyên sâu ít người biết
fastidious,/fæˈstɪdiəs/,cầu kỳ,khó tính,kỹ tính quá mức
iconoclast,/aɪˈkɒnəklæst/,người phá vỡ quy tắc,người chống lại truyền thống,kẻ nổi loạn tư tưởng
incontrovertible,/ɪnˌkɒntrəˈvɜːrtəbl/,không thể chối cãi,không thể bác bỏ,chắc chắn đúng
juxtapose,/ˈdʒʌkstəpoʊz/,đặt cạnh nhau để so sánh,đối chiếu song song,sắp cạnh nhau
magnanimous,/mæɡˈnænɪməs/,độ lượng,khoan dung,hào hiệp
obfuscate,/ˈɒbfʌskeɪt/,làm mơ hồ,gây khó hiểu,làm rối
paradigm,/ˈpærədaɪm/,hình mẫu,khuôn mẫu,mô hình chuẩn
pernicious,/pərˈnɪʃəs/,có hại ngấm ngầm,độc hại,gây hại từ từ
perspicacious,/ˌpɜːrspɪˈkeɪʃəs/,sáng suốt,tinh tường,nhìn xa trông rộng
quintessential,/ˌkwɪntɪˈsenʃl/,điển hình nhất,tiêu biểu nhất,tinh túy nhất
recalcitrant,/rɪˈkælsɪtrənt/,ngoan cố,bất trị,khó bảo
sanguine,/ˈsæŋɡwɪn/,lạc quan,tin tưởng,tự tin vào tương lai
surreptitious,/ˌsʌrəpˈtɪʃəs/,lén lút,bí mật,vụng trộm
tenuous,/ˈtenjuəs/,mong manh,yếu ớt,thiếu cơ sở vững chắc
ubiquitous,/juːˈbɪkwɪtəs/,có mặt khắp nơi,phổ biến khắp nơi,hiện diện mọi lúc mọi nơi
vindicate,/ˈvɪndɪkeɪt/,minh oan,chứng minh là đúng,biện minh thành công
wistful,/ˈwɪstfəl/,hoài niệm,tiếc nuối,man mác buồn
zealous,/ˈzeləs/,nhiệt thành,hăng hái,sốt sắng
abstruse,/æbˈstruːs/,khó hiểu,sâu xa,trừu tượng khó nắm bắt
alleged,ə'ledʤd,"được cho là, bị cho là","được viện ra, được dẫm ra, được vin vào",
hypothesis,hai'pɔθisis,giả thuyết,,
situated,'sitjueitid,ở,"ở vào một tình thế, ở vào một hoàn cảnh",
pending,'pendiɳ,"chưa quyết định, chưa giải quyết, còn để treo đó; (pháp lý) chưa xử","trong lúc, trong quá trình, trong khoảng thời gian","cho đến lúc, trong khi chờ đợi"
bacteria,bæk'tiəriəm,vi khuẩn,,
omitted,,bị bỏ qua không lấy,,
obliged,,biết ơn,,
deceased,di'si:st,"đã chết, đã mất, đã qua đời",the deceased những người đã chết,
inclined,in'klaind,"có ý sãn sàng, có ý thích, có ý thiên về; có khuynh hướng, có chiều hướng",nghiêng dốc,
genus,'dʤi:nəs,"(sinh vật học) phái, giống",loại,
alpha,'ælfə,chữ anfa,,
gradient,'greidjənt,"dốc, đường dốc; độ dốc",(vật lý) Graddien,
elevated,'eliveitid,"cao; cao cả, cao thượng, cao nhã","(từ Mỹ,nghĩa Mỹ) phấn khởi, phấn chấn; hân hoan, hoan hỉ","(thông tục) ngà ngà say, chếnh choáng hơi men"
tactics,'tæktiks,(quân sự) chiến thuật,sách lược,
embedded,,được nhúng,,
foregoing,fɔ:'gouiɳ,trước; đã nói ở trên; đã đề cập đến,(the foregoing) những điều đã nói ở trên; những điều đã đề cập đến,
correlated,,tương quan,,
vested,'vestid,"được trao cho, được ban cho, được phong cho",(thuộc) quyền sở hữu bất di bất dịch,
bladder,'blædə,bong bóng,ruột (bóng đá),người huênh hoang rỗng tuếch; người chỉ nói suông
acquainted,ə'kweintid,"((thường) + with) quen biết, quen thuộc (với)",,
indies,,ấn Độ và những vùng lân cận,,
larvae,'lɑ:və,(động vật học) ấu trùng,,
silica,'silikə,(hoá học) Silic đioxyt,,
adjoining,ə'dʤɔiniɳ,"gần kề, kế bên, tiếp giáp, bên cạnh, sát nách",,
destined,,"đã đựơc định trước, đã đựơc định sẵn",(+for) trên đường đi tới (nơi nào đó),
strata,'strɑ:təm,"(địa lý,địa chất) địa tầng, vỉa",tầng lớp xã hội,
enlarged,,mở rộng,,
grinding,,"(nói về âm thanh) ken két, nghiến rít",,
circulating,,tuần hoàn; lưu thông,,
summons,'sʌmən,"sự gọi đến, sự triệu đến",(pháp lý) trát đòi hầu toà,"(pháp lý) đòi ra hầu toà, gửi trát đòi ra hầu toà"
deferred,,bị hoãn lại,,
withheld,wi 'hould,từ chối không làm; từ chối không cho,giấu,"ngăn cn, giữ lại"
trans,,(do ai) dịch (translated),,
plumbing,'plʌmiɳ,nghề hàn chì; thuật hàn chì,"đồ hàn chì (ống nước, bể chứa nước)",sự đo độ sâu (của biển...)
annals,'ænlz,(sử học) biên niên,,
clover,'klouvə,(thực vật học) cỏ ba lá,"sống an nhàn sung sướng, ngồi mát ăn bát vàng",
aligned,,(Tech) được đồng chỉnh,,
constrained,kən'streind,"ngượng nghịu, bối rối, không tự nhiên","miễn cưỡng, bị ép buộc, gượng gạo",
ensuing,,kế tiếp theo,kế tiếp theo,
restructuring,,"sự tổ chức lại, sự cơ cấu lại, sự sắp xếp lại",,
algae,'ælgə,(thực vật học) tảo,,
withholding,wi 'houldi,sự từ chối không làm; sự từ chối không cho,sự giấu giếm (sự thật...),sự ngăn cn
creed,kri:p,tín điều,tín ngưỡng,
alumni,ə'lʌmnəs,(nguyên) học sinh; (nguyên) học sinh đại học,,
condenser,kən'densə,(vật lý) bình ngưng,cái tụ điện,cái tụ sáng
bliss,blis,hạnh phúc; niềm vui sướng nhất,,
condensed,kən'denst,cô đặc,súc tích,
auspices,,(under the auspices of somebody / something) được ai/cái gì che chở và ủng hộ; có ai/cái gì đỡ đầu,to set up a business under the auspices of a government aid scheme,bắt đầu công việc kinh doanh dưới sự bảo trợ của chương trình viện trợ của chính phủ
predetermined,,được xác định trước; được thiết lập sơ bộ,,
ascending,,"(Tech) thăng, tăng lên, lên cao (d)",,
barracks,,trại lính; doanh trại,"As punishment, the men were confined to barracks","Mọi người bị trừng phạt, không được phép ra khỏi doanh trại"
stipulated,,như được quy định,,
credentials,kri'denʃəlz,"giấy uỷ nhiệm, thư uỷ nhiệm, quốc thư",,
stabilized,,được ổn định,,
debentures,,(Econ) Trái khoán công ty.,,
celestial,si'lestjəl,(thuộc) trời,có tính chất như thiên đàng; như thiên đàng,
multilateral,'mʌlti'lætərəl,nhiều phía,,
collaborative,,xem collaborate,,
promotional,,(thuộc) quảng cáo (để bán hàng ),,
gracious,'greiʃəs,"thanh thanh, lịch sự","có lòng tốt, tử tế","từ bi, nhân từ; độ lượng, khoan dung"
metaphysics,",metə'fiziks",siêu hình học,lý thuyết suông; lời nói trừu tượng,
lofty,'lɔfti,"cao, cao ngất","kiêu căng, kiêu kỳ, kiêu ngạo","cao thượng, cao quý"
ornamental,",ɔ:nə'mentl","có tính chất trang hoàng, có tính chất trang trí, có tính chất trang sức; để trang trí, để trang sức",,
proviso,proviso,"điều khoản, điều qui định; điều kiện (trong một hiệp định, giao kèo...)",,
measurable,'meʤərəbl,"đo được, lường được","vừa phải, phải chăng",sắp thành công
kernel,'kə:nl,(thực vật học) nhân (trong quả hạch),hạt (lúa mì),"(nghĩa bóng) bộ phận nòng cốt, bộ phận chủ yếu"
lace,leis,"dây, buộc, dải buộc","ren, đăng ten","thắt, buộc"
naive,nɑ:'i:v,"ngây thơ, chất phác","ngờ nghệch, khờ khạo",
hallway,'hɔ:lwei,"(từ Mỹ,nghĩa Mỹ) phòng trước",hành lang,
maternity,mə'tə:niti,"tính chất người mẹ, nhiệm vụ người mẹ",,
installment,in'stɔ:lmənt,"phần trả mỗi lần (của một số tiền); phần cung cấp mỗi lần, phần đăng (báo...) mỗi lần",,
pore,pɔ:,"((thường) + over,  upon) mải mê nghiên cứu; (nghĩa bóng) nghiền ngẫm","(từ cổ,nghĩa cổ) ((thường) + at,  on,  over) nhìn sát vào, nhìn đăm đăm vào",nhìn sát
enlarge,in'lɑ:dʤ,"mở rộng, tăng lên, khuếch trương",(nhiếp ảnh) phóng,"(từ cổ,nghĩa cổ) thả, phóng thích"
additive,'æditiv,"để cộng vào, để thêm vào","vật để cộng vào, vật để thêm vào",(kỹ thuật) chất cho thêm vào (vào dầu máy...)
emulsion,i'mʌlʃn,(hoá học) thể sữa,,
foreclosure,fɔ:'klouʤə,(pháp lý) sự tịch thu tài sản để thế nợ,,
flange,flændʤ,"(kỹ thuật) cái mép bích; mép, cạnh","(ngành đường sắt) mép bánh xe, vành bánh xe",gờ nổi
solicitation,"sə,lisi'teiʃn","sự khẩn khoản, sự nài xin","sự gạ gẫm, sự níu kéo, sự chài khách",sự xúi giục
fertilization,",fə:tilai'zeiʃn",sự làm cho màu mỡ được,"(sinh vật học) sự thụ tinh, sự thụ thai",
oscillator,'ɔsileitə,máy dao động,,
vaginal,və'dʤainəl,"(thuộc) bao, (thuộc) vỏ bọc",(giải phẫu) (thuộc) âm đạo,
prostate,prostate,(giải phẫu) tuyến tiền liệt,,
adrenal,æd'ri:nəl,"(giải phẫu) trên thận, thượng thận","(giải phẫu) tuyến trên thận, tuyến thượng thận",
amorphous,ə'mɔ:fəs,"tính không có hình dạng nhất định, tính vô định hình",(khoáng chất) không kết tinh,
overt,'ouvə:t,"công khai, không úp mở",,
anatomical,",ænə'tɔmikəl",(thuộc) khoa giải phẫu,"(thuộc) kết cấu, (thuộc) tổ chức (cơ thể...)",
precursor,pri:'kə:sə,"người đến báo trước, người báo trước, điềm báo trước","người đảm nhiệm trước, người phụ trách trước (một công việc gì)",
marijuana,,Cách viết khác : marihuana,,
syrian,'siriən,(thuộc) Xy-ri,người Xy-ri,
vietnamese,",vjetnə'mi:z",(thuộc) Việt nam,người Việt nam,tiếng Việt
feminism,'feminizm,thuyết nam nữ bình quyền,phong trào đòi bình quyền cho phụ nữ,
edible,'edibl,có thể ăn được (không độc),vật ăn được,(số nhiều) thức ăn
scots,,"(Scots)  (thuộc) xứ Xcốt-len, (thuộc) người Xcốt-len, (thuộc) phương ngữ tiếng Anh ở Xcốt-len",phương ngữ tiếng Anh (vốn vẫn được nói ở Xcốt-len),
contemplate,'kɔntempleit,"ngắm, thưởng ngoạn",lặng ngắm,"dự tính, dự định, liệu trước, chờ đợi (một việc gì)"
pious,'paiəs,ngoan đạo,"(từ cổ,nghĩa cổ) hiếu thảo, lễ độ",một sự lừa dối có thiện ý
jurisprudence,"'dʤuəris,pru:dəns","khoa luật pháp, luật học",sự giỏi về luật pháp,
equivalence,i'kwivələns,tính tương đương; sự tương đương,,
coercion,kou'ə:ʃn,sự ép buộc; tình trạng bị ép buộc,sự áp bức,
chord,kɔ:d,(thơ ca) dây (đàn hạc),(toán học) dây cung,"(giải phẫu) dây, thừng"
ventricular,ven'trikjulə,"(thuộc) tâm thất, (thuộc) não thất",,
dementia,di'menʃiə,(y học) chứng mất trí,,
pelvic,'pelvik,"(giải phẫu) (thuộc) chậu, (thuộc) khung chậu",,
chronology,krə'nɔlədʤi,"niên đại học, khoa nghiên cứu niên đại",sự sắp xếp theo niên đại,bảng niên đại
nitric,'naitrik,(hoá học) Nitric,,
epilepsy,'epilepsi,(y học) động kinh,,
feudal,'fju:dl,"(từ Mỹ,nghĩa Mỹ) mang mối hận thù, mang mối cừu hận, mang mối thù truyền kiếp",phong kiến,
metallurgy,me'tælədʤi,sự luyện kim; nghề luyện kim,môn luyện kim,
bibliographical,",bibliə'græfik",(thuộc) thư mục,,
alto,'æltou,(âm nhạc) giọng nữ trầm; giọng nam cao,người hát giọng nữ trầm; người hát giọng nam cao,bè antô
reciprocity,",resi'prɔsiti","sự nhân nhượng, sự trao đổi lẫn nhau, sự có đi có lại",sự dành cho nhau những đặc quyền (giữa hai nước),(toán học) tính đảo nhau
diocese,'daiəsis,giáo khu,,
lapse,læps,"sự lầm lẫn, sự sai sót","sự sa ngâ, sự suy đồi, sự truỵ lạc","khoảng, quãng, lát, hồi"
apical,'æpikəl,"(thuộc) đỉnh, (thuộc) ngọn",điểm apec,"đặt ở ngọn, đặt ở đỉnh"
pervasive,pə:'veisiv,toả khắp,"lan tràn khắp, thâm nhập khắp",
bacillus,bə'siləs,khuẩn que,,
convent,'kɔnvənt,"nữ tu viện, nhà tu kín",,
affiliate,ə'filieit,"nhận làm chi nhánh, nhận làm hội viên","(+ to,  with) nhập, liên kết (tổ chức này vào một tổ chức khác)",(pháp lý) xác định tư cách làm bố (một đứa con hoang để có trách nhiệm nuôi)
epic,'epik,"thiên anh hùng ca, thiên sử thi","có tính chất anh hùng ca, có tính chất sử thi","có thể viết thành anh hùng ca, có thể viết thành sử thi"
aesthetics,i:s'θetiks,mỹ học,,
amateur,'æmətə:,tài tử; người ham chuộng,"(định ngữ) có tính chất tài tử, nghiệp dư, không chuyên",
peril,'peril,"sự nguy hiểm, hiểm hoạ, cơn nguy",sự liều,"đẩy vào chỗ nguy hiểm, làm nguy hiểm"
parentheses,pə'renθisis,((thường)) dấu ngoặc đơn,"từ trong dấu ngoặc, câu trong dấu ngoặc",(nghĩa bóng) sự việc xen vào giữa (hai sự việc khác nhau) khoảng cách; thời gian nghỉ tạm (giữa hai màn kịch...)
intuitive,in'tju:itiv,trực giác,,
convection,kən'vekʃn,(vật lý) sự đối lưu,,
sown,sau,gieo,gieo gió gặt bão,lợn cái; lợn nái
porosity,pɔ:'rɔsiti,"trạng thái rỗ, trạng thái thủng tổ ong",trạng thái xốp,
axle,'æksl,(kỹ thuật) trục xe,,
glue,glu:,keo hồ,"gắn lại, dán bằng keo, dán bằng hồ",(nghĩa bóng) ((thường) dạng bị động) bám chặt lấy; dán vào
inoculation,"i,nɔkju'leiʃn","sự chủng, sự tiêm chủng",sự tiêm nhiễm,(nông nghiệp) sự ghép (cây)
memoir,'memwɑ:,luận văn,"(số nhiều) truyện ký, hồi ký",(số nhiều) tập ký yếu
wretched,'retʃid,"khốn khổ, cùng khổ; bất hạnh","xấu, tồi, đáng chê","thảm hại, quá tệ"
hare,heə,(động vật học) thỏ rừng,"(tục ngữ) chưa đẻ chớ vội đặt tên, chưa có trong tay đừng nên nói chắc","trò chơi chạy đuổi rắc giấy (một người chạy rắc giấy ở đằng sau, người khác theo vết giấy mà tìm)"
millennium,mi'leniəm,"nghìn năm, mười thế kỷ",thời đại hoàng kim,
cohesion,kou'hi:ʤn,"sự dính liền, sự cố kết",(vật lý) lực cố kết,
fluoride,fluoride,(hoá học) Florua,,
multiplicity,",mʌlti'plisiti",vô số,,
arsenic,'ɑ:snik,(hoá học) Asen,(hoá học) Asen,
quorum,'kwɔ:rəm,số đại biểu quy định (cần thiết để biểu quyết một vấn đề),,
cartilage,'kɑ:tilidʤ,sụn,,
diversification,"dai,və:sifi'keiʃn","sự làm cho thành nhiều dạng, sự làm cho thành nhiều vẻ",,
contributory,kən'tribjutəri,"đóng góp, góp phần, chịu phần, gánh vác",phụ thêm vào,(pháp lý) sự bất cẩn để xảy ra tai nạn (dẫn chứng nhằm giảm tiền bồi thường)
lunar,'lu:nə,(thuộc) mặt trăng,"mờ nhạt, không sáng lắm",hình lưỡi liềm
cigar,si'gɑ:,điếu xì gà,,
clutch,klʌtʃ,ổ trứng ấp,ổ gà con,"sự giật lấy, sự chộp lấy"
dictatorship,dik'teitəʃip,chế độ độc tài; nền chuyên chính,,
epoch,'i:pɔk,"sự bắt đầu của một kỷ nguyên (trong lịch sử, trong đời...)",,
sedimentary,",sedi'mentəri",có cặn; thuốc cặn,"(địa lý,địa chất) trầm tích; do trầm tích",
speedy,'spi:di,"mau lẹ, nhanh chóng; ngay lập tức",,
ingenious,in'dʤi:njəs,khéo léo,"tài tình, mưu trí",
adjournment,ə'dʤə:nmənt,sự hoãn lại,sự dời sang một nơi khác (để hội họp); sự chuyển chỗ hội họp,"sự ngừng họp (để sau này họp lại, hoặc để họp phân tán)"
flank,flæɳk,"sườn, hông",sườn núi,"(quân sự) sườn, cánh"
geometrical,dʤiə'metrik,(thuộc) hình học,,
vengeance,'vendʤəns,"sự trà thù, sự báo thù",(thông tục) hoàn toàn; không sai,dữ dội; ở mức độ cao hơn là mong đợi
redistribution,"'ri:,distri'bju:ʃn",sự phân phối lại,,
uniquely,,"đơn nhất; độc nhất vô nhị, chỉ có một","duy nhất, vô song (không có cái gì giống hoặc bằng)","chỉ liên quan đến một người (một nhóm, một vật)"
waive,weiv,"(pháp lý) bỏ, từ bỏ, khước từ",,
psychoanalysis,,"phân tâm học, sự phân tích tâm lý",,
oscillation,",ɔsi'leiʃn","sự lung lay, sự đu đưa","sự lưỡng lự, sự do dự; sự dao động",(kỹ thuật) sự dao động
preparatory,pri'pærətəri,"để sửa soạn, để chuẩn bị, để dự bị",trường dự bị,
gigantic,dʤai'gæntik,"khổng lồ, kếch x",,
isolate,'aisəleit,cô lập,(y học) cách ly,(điện học) cách
multimedia,,"đa phương tiện, đa môi trường, đa truyền thông",,
perennial,pə'renjəl,"có quanh năm, kéo dài quanh năm; chảy quanh năm (dòng suối)","lưu niên, sống lâu năm","tồn tại mãi mãi, vĩnh viễn, bất diệt"
immaterial,",imə'tiəriəl","vô hình, phi vật chất","không quan trọng, vụn vặt",
brace,breis,vật (để) nối,"(kiến trúc) trụ chống, thanh giằng",đôi
amplification,",æmplifi'keiʃn",sự mở rộng,(rađiô) sự khuếch đại,
syndicate,'sindikit,"Xanhđica, công đoàn, nghiệp đoàn",tổ chức cung cấp bài báo (cho một số báo để cùng đăng một lúc),nhóm uỷ viên ban đặc trách (đại học Căm-brít)
pharmacology,",fɑ:mə'kɔlədʤi",dược lý,,
particulate,,hạt; chất hạt,particulate radioactive,hạt phóng xạ
motif,mou'ti:f,(văn học) chủ đề quán xuyến,(âm nhạc) nhạc tố,ren rời (mẫu ren rời khâu vào áo để trang trí)
reckless,'reklis,"không lo lắng, không để ý tới; coi thường","thiếu thận trọng, khinh suất, liều lĩnh, táo bạo",
livelihood,'laivlihud,"cách sinh nhai, sinh kế",,
checklist,,(Tech) danh sách kiểm,,
omit,ou'mit,"bỏ sót, bỏ quên, bỏ đi (một từ...)","không làm tròn (công việc), chểnh mảng",
baton,'bætən,dùi cui (cảnh sát),gậy chỉ huy,"(thể dục,thể thao) que gỗ truyền tay (chạy tiếp sức)"
cove,kouv,"(địa lý,địa chất) vịnh nhỏ, vũng","(kiến trúc) vòm, khung to vò","chỗ kín đáo, nơi kín đáo"
aftermath,'ɑ:ftəmæθ,(như) after-grass,"hậu quả, kết quả (thường là tai hại)",
durability,",djuərə'biliti","tính bền, tính lâu bền",,
foundry,'faundri,"lò đúc, xưởng đúc",,
prostitution,prostitution,"sự làm đĩ, sự mãi dâm","(nghĩa bóng) sự bán rẻ (danh dự, tài năng...)",
futile,'fju:tail,"vô ích, không có hiệu quả",không đáng kể; phù phiếm,
cholera,'kɔlərə,"(y học) bệnh dịch tả, bệnh tả",,
consolidate,kən'sɔlideit,"làm (cho) chắc, củng cố","hợp nhất, thống nhất","trở nên chắc chắn, trở nên vững chắc"
mammalian,mæ'meiljən,"(thuộc) thú, (thuộc) loài động vật có vú","loài thú, loài động vật có vú",
deter,di'tə:,"ngăn cản, ngăn chặn, cản trở; làm nản lòng, làm nhụt chí, làm thoái chí",,
seam,si:m,đường may nổi,vết sẹo,đường phân giới
horizontally,,theo chiều ngang,,
ext,,"ngoài, ngoại",số máy (điện thoại) phụ,
invariant,in'veəriənt,"không thay đổi, bất biến","(toán học) lượng không đổi, lượng bất biến",
judy,,"(thường) viết hoa,  (từ lóng) cô gái; cô nàng",,
enumeration,"i,nju:mə'reiʃn",sự đếm; sự kể; sự liệt kê,bản liệt kê,
rivalry,'raivəlri,"sự cạnh tranh, sự kình địch, sự ganh đua, sự tranh tài, sự đua tài",,
filament,'filəmənt,"sợi nhỏ, dây nhỏ, tơ","sợi đèn, dây tóc (đèn)",(thực vật học) chỉ nhị
molybdenum,mɔ'libdinəm,(hoá học) Molypdden,,
restitution,",resti'tju:ʃn","sự hoàn lại, sự trả lại (vật bí mật); sự bồi thường",(vật lý) sự hồi phục (trạng thái cũ),
enormously,,"to lớn, khổng lồ","vô cùng, hết sức",
malice,'mælis,"tính hiểm độc, ác tâm",,
expedient,iks'pi:djənt,"có lợi, thiết thực; thích hợp","cách, chước, kế, thủ đoạn, mưu chước (vì mục đích cá nhân)",
hospitalization,",hɔspitəlai'zeiʃn",sự đưa vào bệnh viện,sự nằm bệnh viện,thời kỳ nằm bệnh viện
privatization,,(Econ) Tư nhân hoá,,
meteorological,",mi:tjərə'lɔdʤikəl","khí trời, (thuộc) thời tiết",,
simulate,'simjuleit,"giả vờ, giả cách",đóng vai,đội lốt; bắt chước; dựa theo
reluctantly,,"miễn cưỡng; bất đắc dự, không tự nguyện, không sẵn lòng","trơ trơ, khó bảo, khó làm",
adversary,'ædvəsəri,"kẻ địch, kẻ thù; đối phương, đối thủ",,
promoter,promoter,"người sáng lập, người tham gia sáng lập (một công ty buôn bán); người đề xướng, người khởi xướng (một kế hoạch...)",(hoá học) chất hoạt hoá,
illuminating,"i,lu:mineitiɳ","chiếu sáng, rọi sáng, soi sáng",làm sáng tỏ,"làm sáng mắt, làm sáng trí"
token,'toukən,"dấu hiệu, biểu hiện","vật kỷ niệm, vật lưu niệm","bằng chứng, chứng"
pilgrimage,'pilgrimidʤ,cuộc hành hương,(nghĩa bóng) kiếp sống (tựa như một cuộc du hành),đi hành hương
nil,nil,không,,
alleviate,ə'li:vieit,"làm nhẹ bớt, làm giảm bớt, làm đỡ, làm dịu, làm khuây (sự đau, nỗi đau khổ, nỗi phiền muộn)",,
endogenous,en'dɔdʤinəs,"(sinh vật học); (địa lý,địa chất) sinh trong, nội sinh",,
contributor,kən'tribjutə,"người đóng góp, người góp phần",người cộng tác (với một tờ báo),
humility,hju:'militi,"sự khiêm tốn, sự nhún nhường",tình trạng kém; địa vị hèn mọn,
poly,,<thgt> trường bách khoa,,
socket,'sɔkit,"lỗ, hốc, hố",để,đui đèn
elaboration,"i,læbə'reiʃn","sự thảo tỉ mỉ, sự thảo kỹ lưỡng, sự sửa soạn công phu; sự làm công phu; sự dựng lên","(sinh vật học) sự chế tạo, sự sản ra",
conducive,kən'dju:vis,"có ích, có lợi","đưa đến, dẫn đến",
proxy,proxy,"sự uỷ nhiệm, sự uỷ quyền","người đại diện, người thay mặt, người được uỷ nhiệm (làm thay việc gì)",giấy uỷ nhiệm bầu thay; sự bầu thay
hereof,hiər'ɔv,"(từ cổ,nghĩa cổ) về cái này",,
foremost,'fɔ:moust,"đầu tiên, trước nhất","đứng đầu, cao nhất, tốt nhất, trên hết, lỗi lạc nhất","trước tiên, trước hết, trước nhất"
toxin,'tɔksin,độc tố toxin,,
allocate,'æləkeit,chỉ định; dùng (số tiền vào việc gì),cấp cho (ai cái gì),"phân phối, phân phát; chia phần"
jurisdictional,,xem jurisdiction,,
completeness,kəm'pli:tnis,"tính chất hoàn toàn, tính chất đầy đủ, tính chất trọn vẹn",,
orient,'ɔ:riənt,(the orient) phương đông,nước ánh (của ngọc trai),ngọc trai (loại quý nhất)
staircase,'steəkeis,cầu thang,(kiến trúc) lồng cầu thang,
observable,əb'zə:vəbl,"có thể quan sát được, có thể nhận thấy được, dễ thấy","đáng chú ý, đáng kể",có thể tổ chức (ngày kỷ niệm...)
opaque,ou'peik,"mờ đục, không trong suốt",(vật lý) chắn sáng,tối tăm
ensemble,Ỵ:n'sỴ:mbl,toàn bộ; ấn tượng chung,(âm nhạc) khúc đồng diễn; đồng diễn,(sân khấu) đoàn hát múa
stochastic,,(Econ) Tính ngẫu nhiên thống kê.,,
effluent,'efluənt,"phát ra, tuôn ra (ánh sáng, điện...)","nhánh, dòng nhánh, sông nhánh",
compensatory,kəm'pensətiv,"đền bù, bồi thường",(kỹ thuật) bù,
suture,'sju:tʃə,"(sinh vật học) đường nối, đường ráp, đường khớp",(y học) sự khâu; chỉ khâu; đường khâu (vết thương),"(y học) khâu (vết thương, vết mổ...)"
intangible,in'tændʤəbl,không thể sờ thấy được,"không thể hiểu thấu được, không thể nắm được, mơ hồ",vật không thể sờ thấy được
externally,,"theo bên ngoài, theo bề ngoài",,
indignation,",indig'neiʃn","sự căm phẫn, sự phẫn nộ, sự công phẫn",,
disintegration,"dis,inti'greiʃn","sự làm tan rã, sự làm rã ra",(hoá học) sự phân huỷ,
ceremonial,",seri'mounjəl","nghi lễ, nghi thức",sự tuân theo nghi thức,"thuộc nghi lễ, thuộc nghi thức"
submerged,,chìm; ngập; ở dưới mặt biển,,
assassination,"ə,sæsi'neiʃn",sự ám sát,vụ ám sát,
prudence,prudence,"sự thận trọng, sự cẩn thận; tính thận trọng, tính cẩn thận",sự khôn ngoan; tính khôn ngoan,
scout,skaut,(quân sự) người trinh sát; sự đi trinh sát; sự do thám,tàu thám thính,máy bay nhỏ và nhanh
schema,'ski:mə,"lược đồ, giản đồ, sơ đồ",,
expulsion,iks'pʌlʃn,"sự đuổi, sự tống ra, sự trục xuất","(y học) sự sổ (thai, nhau)",
hemoglobin,",hi:mou'gloubin",Hemoglobin,,
usable,'ju:z bl,"có thể dùng được, sử dụng được",,
hind,haind,(động vật học) hươu cái,tá điền,người quê mùa cục mịch
negotiable,ni'gouʃjəbl,có thể thương lượng được,"có thể đổi thành tiền, có thể chuyển nhượng cho người khác để lấy tiền, có thể trả bằng tiền (chứng khoán, hối phiếu, ngân phiếu)","có thể đi qua được (đường sá, sông...); có thể vượt qua được (núi, vật chướng ngại...)"
affirm,ə'fə:m,"khẳng định, xác nhận; quả quyết","(pháp lý) xác nhân, phê chuẩn",
therewith,",ðeəwi'ðɔ:l","với cái đó, với điều đó","thêm vào đó, ngoài ra",
conscientious,",kɔnʃi'enʃəsnis","có lương tâm, tận tâm, chu đáo, tỉ mỉ, cẩn thận, cơ chỉ",người từ chối nhập ngũ vì lương tâm thấy không đúng,
incumbent,in'kʌmbənt,"(từ Mỹ,nghĩa Mỹ) người giữ một chức vụ",(tôn giáo) người giữ một thánh chức,là phận sự của
plight,plait,"hoàn cảnh, cảnh ngộ (khốn khổ, tuyệt vọng...)","(văn học) lời hứa, lời cam kết, lời thề nguyền (giữa đôi trai gái...)","văn hứa hẹn, cam kết, thề nguyền"
fictitious,fik'tiʃəs,"hư cấu, tưởng tượng, không có thực",giả,
impurity,im'pjuəriti,"sự không trong sạch, sự không tinh khiết; sự dơ bẩn, sự ô uế ((cũng) impureness)",chất bẩn,"sự không trinh bạch, sự không trong trắng"
anomalous,ə'nɔmələs,"bất thường, dị thường; không có quy tắc",,
anal,'einəl,(giải phẫu) (thuộc) hậu môn,,
surplus,'sə:pləs,"số dư, số thừa, số thặng dư",(định ngữ) thặng dư,
imbalance,im'bæləns,sự không cân bằng; sự thiếu cân bằng,(sinh vật học) sự thiếu phối hợp (giữa các cơ hoặc các tuyến),
amortization,"ə,mɔ:ti'zeiʃn","sự truyền lại, sự để lại (tài sản)","sự trả dần, sự trừ dần (món nợ)",
ark,ɑ:k,"hộp, hòm, rương",thuyền lớn,báng bổ; bất kính
morbidity,mɔ:'biditis,(như) morbidness,sự hoành hành của bệnh tật,
inconvenience,",inkən'vi:njəns","sự bất tiện, sự phiền phức","làm phiền, quấy rầy",
perpendicular,",pə:pən'dikjulə","(+ to) vuông góc, trực giao",thẳng đứng; dốc đứng,"(đùa cợt) đứng, đứng ngay"
authoritarian,"ɔ:,θɔri'teəriən",người độc đoán,,
capacitor,,"(Tech) bộ điện dung, cái tụ điện",,
eccentric,ik'sentrik,"người lập dị, người kỳ cục","(kỹ thuật) bánh lệch tâm, đĩa lệch tâm",
prejudicial,",predʤu'diʃəl","gây tổn hại, gây thiệt hại, làm thiệt (cho quyền lợi...)",,
thermodynamic,",θə:moudai'næmik",nhiệt động (lực),,
brewer,'bru:ə,người ủ rượu bia,,
microbiology,",maikroubai'ɔlədʤi",vi trùng học,,
sturdy,'stə:di,"khoẻ mạnh, cứng cáp, cường tráng","mãnh liệt, mạnh mẽ, kiên quyết",bệnh chóng mặt (của cừu) (do sán vào óc)
medicinal,me'disinl,(thuộc) thuốc; dùng làm thuốc,,
repetitive,ri'pətitiv,lặp lại,,
epithelial,",epi'θ:ljəl",(sinh vật học) (thuộc) biểu mô,,
stockholder,,<Mỹ> cổ đông,,
vaguely,,ngờ ngợ (theo cách mà người ta không thể chỉ rõ),"ang áng, hơi, gần đúng, một cách phỏng chừng","vô tâm, lơ đãng, một cách không suy nghĩ"
antibiotic,'æntibai'ɔtik,kháng sinh,thuốc kháng sinh,
withhold,wi 'hould,từ chối không làm; từ chối không cho,giấu,"ngăn cn, giữ lại"
disgust,dis'gʌst,"làm ghê tởm, làm kinh tởm; làm chán ghét, làm ghét cay ghét đắng","làm phẫn nộ, làm căm phẫn",
solitude,'sɔlitju:d,tình trạng cô đơn,"nơi vắng vẻ, nơi tĩnh mịch",
commend,kə'mend,"khen ngợi, ca ngợi, tán dương; tuyên dương","hấp dẫn, được ưa thích, được tán thành","gửi gấm, giao phó, phó thác; giới thiệu, tiến cử"
individualism,",indi'vidjuəlizm",chủ nghĩa cá nhân,,
stratification,",strætifi'keiʃn","(địa lý,địa chất) sự xếp thành tầng",thớ tầng,
elongation,",i:lɔɳ'geiʃn","sự làm dài ra, sự kéo dài ra",phần dài ra,(vật lý) độ giãn dài
prussian,prussian,(thuộc) Phổ,người Phổ,
fluorescent,fluorescent,(vật lý) huỳnh quang,,
pap,pæp,"thức ăn sền sệt (cháo đặc, bột quấy đặc...)",chất sền sệt,"(từ cổ,nghĩa cổ) đầu vú (đàn bà, đàn ông)"
identifiable,ai'dentifaiəbl,"có thể làm thành đồng nhất, có thể coi như nhau","có thể nhận ra, có thể nhận biết",
peroxide,,peroxyt,"nước oxy già; hydro peroxyt (sát trùng, tẩy chất nhuộm tóc)",tẩy chất nhuộm (tóc) bằng hydro peroxyt
dictate,dik'teit,"((thường) số nhiều) mệnh lệnh, tiếng gọi",(chính trị) sự bức chế,"đọc cho viết, đọc chính tả"
divergent,dai'və:dʤənt,"phân kỳ, rẽ ra",trệch; trệch đi,"khác nhau, bất đồng (ý kiến...)"
granular,'grænjulə,"(thuộc) hột, hình hột, như hột",có hột,
gravitational,",grævi'teiʃənl","hút, hấp dẫn",,
invoice,'invɔis,(thương nghiệp) danh đơn hàng gửi (có giá và tiền gửi),"(từ hiếm,nghĩa hiếm) chuyến hàng gửi",lập danh đơn (hàng gửi...)
fluctuation,fluctuation,"sự dao động, sự lên xuống, sự thay đổi bất thường",,
perturbation,",pə:tə:'beiʃn","sự đảo lộn, sự xáo trộn","sự làm xôn xao, sự làm xao xuyến, sự làm lo sợ; sự xôn xao; sự xao xuyến, sự lo sợ",
repository,ri'pɔzitəri,"kho, chỗ chứa ((nghĩa đen) & (nghĩa bóng))",nơi chôn cất,người được ký thác tâm sự; người được ký thác điều bí mật
malicious,mə'liʃəs,"hiểm độc, có ác tâm",có hiềm thù,
lounge,'laundʤ,"sự đi thơ thẩn, sự lang thang không mục đích","ghế dài, đi văng, ghế tựa","buồng đợi, phòng khách, phòng ngồi chơi (ở khách sạn)"
monsieur,mə'siə:,ông,,
mucous,'mju:kəs,nhầy,,
foe,fou,"(thơ ca) kẻ thù, kẻ địch","(nghĩa bóng) vật nguy hại, kẻ thù",
conserve,kən'sə:v,"mứt, mứt quả","giữ gìn, duy trì, bảo tồn, bảo toàn",chế thành mứt
knowledgeable,'nɔlidʤəbl,"(thông tục) thông thạo, biết nhiều",,
microfilm,'maikroufilm,micrôfim,,
lexical,'leksikəl,(thuộc) từ vựng học,,
anthology,æn'θɔlədʤi,"hợp tuyển ((văn học),  (thơ ca))",,
stratum,'strɑ:təm,"(địa lý,địa chất) địa tầng, vỉa",tầng lớp xã hội,
arrears,,tiền nợ lẽ ra phải trả trước đó; nợ còn khất lại,arrears of salary,"tiền lương còn khất lại, còn thiếu lại (chưa trả)"
bituminous,bi'tju:minəs,"có nhựa rải đường, có bitum",,
infarction,,như infarct,,
iranian,ai'reinjən,(thuộc) I-ran,người I-ran,tiếng I-ran
rum,rʌm,rượu rum,rượu mạnh,"(từ lóng) kỳ quặc, kỳ dị"
assemblage,ə'semblidʤ,"sự tập hợp, sự tụ tập, sự nhóm họp",cuộc hội họp,"sự sưu tập, sự thu thập; bộ sưu tập"
creep,kri:p,"(số nhiều) sự ghê rợn, sự rùng mình, sự sởn gáy, sự khiếp đảm, sự hãi hùng","sự bó, sự trườn",lỗ hốc (trong hàng rào...)
insufficiency,",insə'fiʃəns","tính không đủ; sự không đủ, sự thiếu",,
flourish,flourish,sự trang trí bay bướm; nét trang trí hoa mỹ; nét viền hoa mỹ,sự diễn đạt hoa mỹ; sự vận động tu từ,"sự vung (gươm, vũ khí, tay)"
polyethylene,,<Mỹ>,,
accelerator,æk'seləreitə,người làm tăng tốc độ,máy gia tốc; chân ga (xe ôtô),(hoá học) chất gia tốc
appreciably,,"đáng kể, thấy rõ",,
expire,iks'paiə,thở ra,thở ra,"thở hắt ra; tắt thở, chết; tắt (lửa...)"
accredited,ə'kreditid,"được chính thức công nhận (người); được mọi người thừa nhận (tin tức, ý kiến, tin đồn...)",,
radiant,'reidjənt,"sáng chói, sáng rực; nắng chói","toả sáng, toả nhiệt, phát sáng, phát xạ, bức xạ","lộng lẫy, rực rỡ"
acetone,'æsitoun,axeton,,
discontent,'diskən'tent,"sự không vừa lòng, sự không hài lòng; sự bất mãn","(từ hiếm,nghĩa hiếm) không vừa lòng, không hài lòng; bất mãn",
peck,pek,"thùng, đấu to (đơn vị đo lường khoảng 9 lít)","(nghĩa bóng) nhiều, vô khối","cú mổ, vết mổ (của mỏ chim)"
waterway,'wɔ:təwei,đường sông tàu bè qua lại được,,
crimson,'krimzn,"đỏ thẫm, đỏ thắm","đỏ mặt lên như quả gấc, thẹn đỏ nhừ cả mặt","màu đỏ thẫm, màu đỏ thắm"
subsurface,,lớp dưới bề mặt,,
lust,'lʌst,"(+ for,  after) tham muốn, thèm khát",,
abscess,'æbsis,(y học) áp xe,(kỹ thuật) chỗ rỗ (ở kim loại),
unskilled,' n'skild,"không thạo, không khéo, không giỏi","không chuyên môn hoá, không có chuyên môn, không có kỹ thuật (công nhân)",
erotic,i'rɔtik,"(thuộc) tình ái, (thuộc) tình dục","(từ Mỹ,nghĩa Mỹ) khiêu dâm, gợi tình",bài thơ tình
horsepower,,số nhiều không đổi,(kỹ thuật) sức ngựa; mã lực (viết tắt) là HP,
diode,'daioud,"điôt, ống hai cực",,
temp,,nhân viên tạm thời (nhất là thư ký),<thgt> làm công việc tạm thời,nhiệt độ (temperature)
notch,nɔtʃ,vết khía hình V,"(từ Mỹ,nghĩa Mỹ) hẽm núi, khe núi","(thông tục) mức, mức độ"
refractory,ri'fæktəri,"bướng, bướng bỉnh, khó bảo (người)","chịu lửa (gạch); (kỹ thuật) khó chảy, chịu nóng","dai dẳng, khó chữa (bệnh)"
fringe,frindʤ,"tua (khăn quàng cổ, thảm)",tóc cắt ngang trán (đàn bà),ven rìa (rừng...); mép
polytechnic,",pɔli'teknik",bách khoa,trường bách khoa,
ancestral,æn'sestrəl,"(thuộc) ông bà, (thuộc) tổ tiên","do ông bà truyền lại, do tổ tiên truyền lại",
causation,kɔ:'zeiʃn,sự tạo ra kết quả,(như) causality,
aortic,ei'ɔ:tik,(thuộc) động mạch chủ,,
brittle,'britl,"giòn, dễ gãy, dễ vỡ","dễ cáu, hay cáu",
investigative,in'vestigeitiv,điều tra nghiên cứu,,
exploratory,eks'plɔ:rətiv,"để thăm dò, để thám hiểm",,
hitherto,'hiðə'tu:,cho đến nay,,
reflex,,"ánh sáng phản chiếu; vật phản chiếu, bóng phản chiếu trong gương",tiếng dội lại,<lý> sự phản xạ
perimeter,pə'rimitə,chu vi,máy đo trường nhìn (thị trường),(quân sự) vòng ngoài của doanh trại (đồn luỹ...)
viscous,'visid,"sền sệt, lầy nhầy, nhớt","dẻo, dính",
circumference,sə'kʌmfərəns,đường tròn,chu vi,
onwards,'ɔnwədz,(như) onward,,
embryonic,",embri'ɔnik","(thuộc) phôi, giống phôi","còn phôi thai, còn trứng nước, chưa phát triển",
ferrous,'ferəs,có chứa sắt,(hoá học) thuốc sắt,
spectrometer,spek'trɔmitə,(vật lý) cái đo phổ,,
intern,in'tə:n,(như) interne,người bị giam giữ (trong một khu vực nhất định...),giam giữ (trong một khu vực nhất định...)
migrant,'maigrənt,di trú,người di trú,chim di trú
capacitance,kə'pæsitəns,(điện học) điện dung,,
quart,kwɔ:t - kɑ:t,kɑ:t/,"góc tư galông, lít Anh (bằng 1, 135 lít)","chai lít Anh, bình một lít Anh"
ingenuity,",indʤi'nju:iti",tài khéo léo; tính chất khéo léo ((cũng) ingeniousness),,
alternately,,"lần lượt nhau, luân phiên nhau",,
galaxy,'gæləksi,"(thiên văn học) ngân hà, thiên hà","(nghĩa bóng) nhóm tinh hoa, nhóm",
stabilize,'steibilalz,làm cho vững vàng; làm ổn định,"lắp bộ phận thăng bằng vào (sườn tàu thuỷ, đuôi máy bay)",
interrogation,"in,terə'geiʃn","sự hỏi dò, sự thẩm vấn, sự chất vấn; câu tra hỏi, câu thẩm vấn, câu chất vấn",(như) question-mark,
thrift,θrift,"sự tiết kiệm; tính tiết kiệm, tính tằn tiện",(thực vật học) cây thạch thung dung,
brokerage,'broukəridʤ,sự môi giới,nghề môi giới,
victorious,vik'tɔ:riəs,"chiến thắng, thắng cuộc",,
bibliographic,",bibliə'græfik",(thuộc) thư mục,,
heed,hi:d,"(Ê-cốt) sự chú ý, sự lưu ý, sự để ý","(Ê-cốt) (văn học) chú ý, lưu ý, để ý",
wholesome,'houls m,"lành, không độc","khoẻ mạnh, tráng kiện","(nghĩa bóng) bổ ích, lành mạnh"
analog,,tương tự (Một cách biểu diễn đối với các giá trị biến đổi của các thiết bị chỉ thị khi bộ phận trỏ của nó có thể thay đổi liên tục),,
virtuous,'və:tjuəs,"có đức, có đạo đức","tiết hạnh, đoan chính",
topology,tə'pɔlədʤi,địa hình học,,
pediatric,,Cách viết khác : paediatric,,
gauge,geidʤ,"máy đo (sức gió, chiều cao của thuỷ triều, lượng nước mưa...)",cái đo cỡ (dây...),"loại, kiểu, cỡ, tầm, quy mô, khả năng"
larval,'lɑ:vəl,(thuộc) ấu trùng; giống hình ấu trùng,(y học) giả chứng,"trong giai đoạn phôi thai, lúc còn trứng nước"
correlate,'kɔrileit,"thể tương liên, yếu tố tương liên",có tương quan với nhau; để (hai vật) tương quan với nhau,
compiler,kəm'pailə,"người biên soạn, người sưu tập tài liệu",,
beetle,'bi:tl,cái chày,trên đe dưới búa,"giã bằng chày, đập bằng chày"
cue,kju:,"(sân khấu) vĩ bạch (tiếng cuối cùng của một diễn viên dùng để nhắc diễn viên khác nói, làm động tác hoặc ra sân khấu)","sự gợi ý, sự ra hiệu; lời nói bóng, lời ám chỉ; ám hiệu",(điện ảnh) lời chú thích
neurological,,"(thuộc) thần kinh, (thuộc) hệ thần kinh",,
husbandry,'hʌzbəndri,"nghề làm ruộng, nghề nông",sự quản lý trông nom,
aristocratic,",æristə'krətik","(thuộc) dòng dõi quý tộc; có tính chất quý tộc, có vẻ quý phái",,
henceforth,'hens'fɔ:θ,"từ nay trở đi, từ nay về sau",,
recognizable,'rekəgnaizəbl,"có thể công nhận, có thể thừa nhận",có thể nhận ra,
volatility,",vɔlə'tiliti",(hoá học) tính dễ bay hơi,"tính không kiên định, tính hay thay đổi; tính nhẹ dạ","tính vui vẻ, tính hoạt bát"
auburn,,màu nâu vàng (tóc),,
nickel,'nikl,mạ kền,,
synonymous,si'nɔniməs,đồng nghĩa (với),,
capitalization,"kə,pitəlai'zeiʃn","sự tư bản hoá, sự dùng làm vốn","sự viết bằng chữ hoa, sự in bằng chữ hoa",(nghĩa bóng) sự lợi dụng
lubrication,",lu:bri'keiʃn","sự tra dầu mỡ, sự bôi trơn",,
syntactic,sin'tæktik,(ngôn ngữ học) (thuộc) cú pháp,,
heterogeneity,",hetəroudʤi'ni:iti","tính hỗn tạp, tính khác thể, tính không đồng nhất",,
tedious,'ti:djəs,"chán ngắt, tẻ, nhạt nhẽo, thiếu hấp dẫn, làm buồn tẻ",,
curb,kə:b,dây cằm (ngựa),"sự kiềm chế, sự nén lại, sự kìm lại; sự hạn chế","bờ giếng, thành giếng; lề đường"
gonna,,trợ động từ,"(từ Mỹ) sắp, sẽ",
dissipation,",disi'peiʃn","sự xua tan, sự tiêu tan",sự phung phí (tiền của),"sự tiêu mòn, sự uổng phí (nghị lực); sự không tập trung (tư tưởng, sự chú ý...)"
typewriter,"'taip,raitə",máy chữ,"(từ hiếm,nghĩa hiếm) người đánh máy",
vocation,vou'keiʃn,thiên hướng,"nghề, nghề nghiệp",
sulfide,,"<hóa> Sunfua (hợp chất của lưu hùynh và một nguyên tố khác, gốc <hóa> khác)",,
pneumatic,nju:'mætik,"(thuộc) khí, (thuộc) hơi","(kỹ thuật) chạy bằng khí, chạy bằng hơi","chạy bằng lốp hơi, có lốp hơi"
ardent,'ɑ:dənt,"cháy, nóng rực","hăng hái, sôi nổi, mãnh liệt, nồng nhiệt, nồng nàn, nồng cháy",rượu mạnh
facies,,số nhiều facies,mặt; diện; bề mặt,dáng; vẻ
cache,kæʃ,"nơi giấu, nơi trữ (lương thực, đạn dược... nhất là các nhà thám hiểm để dùng sau này)","lương thực, vật dụng giấu kín",thức ăn dự trữ (của động vật qua đông)
arguably,,người ta có thể cho rằng,,
dilute,dai'lju:t,loãng,"nhạt đi, phai (màu)",(nghĩa bóng) giảm bớt; mất chất
chloroform,'klɔrəfɔ:m,cloroform,gây mê cho người nào,gây mê
determinant,di'tə:minənt,"xác định, định rõ; định lượng",quyết định,yếu tố quyết định
demurrer,di'mʌrə,(pháp lý) sự bác bỏ,,
diminution,",dimi'nju:ʃn","sự hạ bớt, sự giảm bớt, sự thu nhỏ",lượng giảm bớt,
schematic,ski'mætik,"(thuộc) lược đồ, (thuộc) giản đồ, (thuộc) sơ đồ","giản lược, sơ lược",
diabetic,",daiə'betik",(y học) (thuộc) bệnh đái đường,mắc bệnh đái đường,(y học) người mắc bệnh đái đường
discern,di'sə:n,"nhận thức, thấy rõ (bằng trí óc, bằng giác quan...)","(từ cổ,nghĩa cổ) phân biệt",
platelet,,<y> tiểu huyết cầu (chất nhỏ hình đựa ở trong máu giúp máu đóng cục),,
adjutant,'ædʤutənt,người phụ tá,(quân sự) sĩ quan phụ tá,"(động vật học) cò già (Ân độ) ((cũng) adjutant bird,  adjutant crane,  adjutant stork)"
endemic,en'demik,(sinh vật học) đặc hữu (loài sinh vật...),(y học) địa phương (bệnh),(y học) bệnh địa phương
trespass,'trespəs,"sự xâm phạm, sự xâm lấn",(tôn giáo) sự xúc phạm,(pháp lý) sự vi phạm; sự phạm pháp
topographic,",tɔpə'græfik",(thuộc) đo vẽ địa hình,,
unconsciously,,"bất tỉnh, ngất đi, không cảm thấy được, không biết, không có ý thức","không tự giác, vô tình, không có ý định, không có ý thức",
electrostatic,,tĩnh điện,,
invasive,in'veisiv,"xâm lược, xâm chiếm, xâm lấn",xâm phạm,lan tràn
recombination,,"sự tái tổ hợp, sự kết hợp lại",,
intoxication,"in,tɔksi'keiʃn","sự say, tình trạng say",sự say sưa ((nghĩa bóng)),"(y học) sự làm nhiễm độc, sự trúng độc"
navigable,'nævigəbl,"để tàu bè đi lại được (sông, biển)",có thể đi sông biển được (tàu bè),có thể điều khiển được (khí cầu)
malpractice,'mæl'præktis,"hành động xấu, hành động bất chính, việc làm phi pháp",(y học) sự sơ xuất (trong khi chữa bệnh); sự cho thuốc sai,(pháp lý) sự làm dụng địa vị
backbone,'bækboun,xương sống,"(nghĩa bóng) xương sống, cột trụ",(nghĩa bóng) nghị lực; sức mạnh
quadratic,kwə'drætik,"(từ hiếm,nghĩa hiếm) vuông","bậc hai, toàn phương",(toán học) phương trình bậc hai
coagulation,"kou,ægju'leiʃ",sự làm đông lại; sự đông lại,,
tangent,'tændʤənt,"(toán học) tiếp xúc, tiếp tuyến",(toán học) đường tiếp tuyến,tang
insolvent,in'sɔlvənt,không trả được nợ,về những người không trả được nợ,không đủ để trả hết nợ
gloom,glu:m,"tối sầm lại, u ám, ảm đạm (bầu trời)","có vẻ buồn rầu, có vẻ u sầu",hiện mở mờ mờ
lone,loun,(thơ ca) hiu quạnh,"bị bỏ, bơ vơ, cô độc",goá bụa (đàn bà)
oppressive,ə'presiv,"đàn áp, áp bức",ngột ngạt (không khí),"đè nặng, nặng trĩu (nỗi buồn...)"
interstitial,",intə'stiʃəl","(thuộc) khe, (thuộc) kẽ hở",(giải phẫu) kẽ,
clash,klæʃ,"tiếng chan chát, tiếng loảng xoảng","sự xung đột, sự va chạm, sự mâu thuẫn, sự bất đồng",sự không điều hợp (màu sắc)
niche,nitʃ,(kiến trúc) hốc thường (thường để đặt tượng...),(nghĩa bóng) chỗ thích hợp,quyền được người ta tưởng nhớ đến công lao
pituitary,pi'tju:itəri,(thuộc) đờm dâi; tiết ra đờm dãi; nhầy,(giải phẫu) (thuộc) tuyến yên,
inadequacy,in'ædikwəsi,"sự không tương xứng, sự không xứng, sự không thích đáng, sự không thoả đáng","sự không đủ, sự không đầy đủ, sự thiếu",
woodland,'wudlənd,"miền rừng, vùng rừng",(định ngữ) (thuộc) rừng,
sensibility,",sensi'biliti","tri giác, cảm giác","tính đa cảm, tính dễ cảm",(số nhiều) sự nhạy cảm
calibrated,,(Tech) được lấy chuẩn,,
greed,gri:d,tính tham lam,"tính tham ăn, thói háu ăn",
almighty,ɔ:l'maiti,"toàn năng, có, quyền tối cao, có mọi quyền lực","(từ lóng) hết sức lớn, vô cùng, đại","(từ lóng) hết sức, vô cùng"
intolerable,in'tɔlərəbl,không thể chịu đựng nổi,quá quắt,
cleanup,,"sự thu gọn, sự quét rọn sạch",sự truy quét tội phạm,"món vớ bở, món lãi to"
sewerage,'sjuəridʤ,hệ thống cống rãnh,,
bromide,'broumaid,(hoá học) bromua,(số nhiều) thuốc an thần,"người vô vị, người hay nói sáo nhạt phèo"
sparse,spɑ:s,"thưa thớt, rải rác, lơ thơ",,
awakening,,hành vi nhận thức,,
thoracic,θɔ:'ræsik,"(giải phẫu),  (động vật học) (thuộc) ngực, ở ngực",,
denomination,"di,nɔmi'neiʃn","sự cho tên là, sự đặt tên là, sự gọi tên là; sự gọi","loại, hạng, loại đơn vị (tiền tệ, trọng lượng...); tên chỉ loại, tên chỉ hạng",giáo phái
migratory,mai'greitəri,"di trú, nay đây mai đó",(y học) di động,
misuse,'mis'ju:zidʤ,"sự dùng sai, sự lạm dụng","sự hành hạ, sự bạc đâi, sự ngược đãi","dùng sai, lạm dụng"
ancestry,'ænsistri,"tổ tiên, tổ tông, tông môn",dòng họ,
lightweight,,<thể> (thuộc) hạng cân nhẹ,,
plaque,plɑ:k,"tấm, bản (bằng đồng, sứ...)","thẻ, bài (bằng ngà... ghi chức tước...)",(y học) mảng (phát ban...)
eradication,"i,rædi'keiʃn",sự nhổ rễ,sự trừ tiệt,
preamble,pri:'æmbl,"lời nói đầu, lời mở đầu, lời tựa","viết lời nói đầu, viết lời mở đầu, viết lời tựa",
dusk,dʌsk,bóng tối,"lúc chạng vạng, lúc tối nhá nhem",tối mờ mờ
behold,bi'hould,nhìn ngắm,"thấy, trông thấy","chú ý!, để ý!"
disposable,dis'pouzəbl,có thể bỏ đi; có thể bán tống đi (hàng...),có thể chuyển nhượng,"có thể dùng được, có thể sử dụng"
blunt,blʌnt,"cùn (lưỡi dao, kéo...)","lỗ mãng, không giữ ý tứ; thẳng thừng, toạc móng heo (lời nói)","đần, đần độn (trí óc)"
sulphide,'sʌlfaid,(hoá học) Sunfua,,
plutonium,plu:'tounjəm,(hoá học) Plutoni,,
intriguing,in'tri:giɳ,"hấp dẫn, gợi thích thú, kích thích sự tò mò",làm say đắm,
cretaceous,kri'teiʃəs,"(địa lý,địa chất) có phấn trắng","(thuộc) kỷ phấn trắng, (thuộc) kỷ creta",
endocrine,'endoukrain,(sinh vật học) nội tiết,(sinh vật học) tuyến nội tiết,
infrequently,,"hiếm khi, ít khi",,
intermediary,",intə'mi:djəri",ở giữa,"trung gian, đóng vai trò hoà giải","người làm trung gian, người hoà giải"
environ,in'vaiərən,"bao vây, vây quanh, bao vây",,
atrophy,'ætrəfi,sự teo,sự hao mòn,làm teo
corollary,kə'rɔləri,(toán học) hệ luận,kết quả tất yếu,
turmoil,'tə:mɔil,"sự náo động, sự rối loạn",,
centrifugal,sen'trifjugel,ly tâm,,
pediatrics,",pi:di'ætriks",(y học) khoa trẻ em,,
broth,brɔθ,"nước luộc thịt, nước xuýt",(Ai-len) anh chàng tốt bụng,
footwear,,Cách viết khác : footgear,,
dubious,'dju:bjəs,"lờ mờ, mơ hồ, minh bạch, không rõ ràng","đáng ngờ, không đáng tin cậy; không chắc chắn, còn hồ nghi","nghi ngờ, ngờ vực; do dự, lưỡng lự"
therefrom,ðeə'frɔm,"(từ cổ,nghĩa cổ) từ đó, từ đấy",,
ovarian,ou'veəriən,(động vật học) (thuộc) buồng trứng,(thực vật học) (thuộc) bầu (nhuỵ hoa),
cradle,'kreidl,cái nôi,"(nghĩa bóng) nguồn gốc, gốc, nơi bắt nguồn, cái nôi",(hàng hải) giàn giữ tàu (khi đóng hoặc sửa chữa)
advertiser,'ædvətaizə,người báo cho biết trước,người quảng cáo; báo đăng quảng cáo; tờ quảng cáo,
thrive,θraiv,"thịnh vượng, phát đạt","lớn nhanh, mau lớn, phát triển mạnh",
numerically,,về số lượng,,
rpm,,số vòng quay trong một phút (nhất là để đo tốc độ một động cơ)  (revolutions per minute),,
genital,'dʤenitl,(động vật học) (thuộc) sinh dục,,
immunization,",imju:nai'zeiʃn",(y học) sự tạo miễm dịch,,
unconditional,'ʌnkən'diʃənl,không điều kiện,"dứt khoát, quả quyết",
parasitic,",pærə'sitik","ăn bám, ký sinh; do ký sinh",,
bowman,'boumən,người bắn cung,(hàng hải) người chèo đằng mũi,
accrue,ə'kru:,(+ to) đổ dồn về (ai...),"(+ from) sinh ra (từ...), do... mà ra","dồn lại, tích luỹ lại (tiền lãi...)"
quadrangle,"'kwɔ,dræɳgl",hình bốn cạnh,"sân trong (hình bốn cạnh, xung quanh có nhà, ở các trường đại học...) ((cũng) quad)",
inflationary,in'fleiʃnəri,(thuộc) lạm phát; gây lạm phát,,
cunning,'kʌniɳ,"sự xảo quyệt, sự xảo trá, sự gian giảo, sự láu cá, sự ranh vặt, sự khôn vặt","(từ cổ,nghĩa cổ) sự khéo léo, sự khéo tay","xảo quyệt, xảo trá, gian giảo, láu cá, ranh vặt, khôn vặt"
gaussian,,(thuộc) Gauxơ,,
curator,kjuə'reitə,người phụ trách (nhà bảo tàng...),"(pháp lý) người quản lý, người trông nom (trẻ vị thành niên)",uỷ viên ban quản trị (trường đại học)
uterine,'ju:t rain,"(y học) (thuộc) dạ con, (thuộc) tử cung",(pháp lý) khác cha,
polynomial,",pɔli'noumjəl",đa thức,,
synagogue,'sinəgɔg,hội đạo Do thái,giáo đường Do thái,
luminous,'lu:minəs,"sáng, sáng chói, chói lọi, rực rỡ","rõ ràng, minh xác, quang minh",soi sáng vấn đề (nhà văn...)
compulsion,kəm'pʌlʃn,"sự ép buộc, sự cưỡng bách",,
volt,voult,(điện học) vôn,sự chạy vòng quanh (của ngựa),"(thể dục,thể thao) cách né mình tránh kiếm"
microfiche,,tấm vi phim,,
iteration,,sự nhắc đi nhắc lại,tính lặp đi lặp lại,
mitigate,'mitigeit,"giảm nhẹ, làm dịu bớt, làm cho đỡ",,
airborne,,không vận,(quân) được tập luyện để tác chiến trên không,"bay, đã cất cánh"
allergy,'ælədʤi,(y học) dị ứng,(thông tục) sự ác cảm,
valence,'væləns - 'veiləns,'veiləns/ (valency),(như) valance,(hoá học) hoá trị
sundry,'sʌndri,"lặt vặt, tạp nhạp",,
irreversible,",iri'və:səbl",không thể đảo ngược lại; không thể thay đổi được,(hoá học) không thuận nghịch,
entrepreneurial,,(thuộc) nghề thầu khoán,,
homosexuality,'houmouseksju'æliti,tính tình dục đồng giới,,
prism,prism,lăng trụ,lăng kính,(số nhiều) các màu sắc lăng kính
appendices,ə'pendiks,phụ lục,(y học) ruột thừa ((cũng) vermiform appendix),
neal,,nung (đồ gốm),,
stenosis,ste'nousis,(y học) chứng hẹp (một cơ quan trong cơ thể),,
kiln,kiln,"lò (nung vôi, gạch...)",,
somatic,sə'mætik,"(sinh vật học) (thuộc) xôma, (thuộc) thể",,
vulgar,'vʌlgə,"thông thường, thường, thông tục","thô bỉ, thô tục",kỷ nguyên Cơ đốc
elusive,i'lu:siv,"hay lảng tránh (người...); có tính chất lảng tránh, có tính chất thoái thác (câu trả lời)",khó nắm (ý nghĩa...),
orifice,'ɔrifis,"lỗ, miệng (bình...)",,
insolvency,in'sɔlvənsi,tình trạng không trả được nợ,,
ascent,ə'sent,"sự trèo lên, sự đi lên, sự lên",sự đi ngược lên (dòng sông...),"con đường đi lên, đường dốc; bậc cầu thang đi lên"
mediator,'mi:dieitə,"người điều đình, người dàn xếp",,
entail,in'teil,(pháp lý) chế độ kế thừa theo thứ tự; tài sản kế thừa theo thứ tự,"(nghĩa bóng) di sản (đức tính, tín ngưỡng...)",(pháp lý) cho kế thừa theo thứ tự
preoccupation,"pri:,ɔkju'peiʃn","mối bận tâm, mối lo lắng, mối ưu tư",thiên kiến,"sự giữ chỗ trước, sự chiếm chỗ trước"
empowerment,,xem empower,,
reel,ri:l,"guồng (quay tơ, đánh chỉ)","ống, cuộn (để cuốn chỉ, dây câu, phim...)",(kỹ thuật) tang (để cuộn dây)
receptive,ri'septiv,"dễ tiếp thu, dễ lĩnh hội",,
clung,kliɳ,"bám vào, dính sát vào, níu lấy",(nghĩa bóng) bám lấy; trung thành (với); giữ mãi,"bám chặt lấy, giữ chặt lấy"
obligatory,ɔ'bligətəri,"bắt buộc, cưỡng bách",,
interpolation,"in,tə:pou'leiʃn",sự tự ý thêm từ (vào một văn kiện...); từ tự ý thêm từ (vào một văn kiện...); từ tự ý thêm từ (vào một văn kiện...); đoạn tự ý thêm từ (vào một văn kiện...),(toán học) phép nội suy,
elicit,i'lisit,"(thường),  (nghĩa bóng) khêu ra, gợi ra, moi","suy ra, luận ra (sự thật)",
conclusively,,"chắc chắn, thuyết phục",,
pancreatic,",pæɳkri'ætik",(giải phẫu) (thuộc) tuỵ,,
bitch,bitʃ,"con chó sói cái, con chồn cái ((thường) bitch wolf; bitch fox)",khuốm chyến yêu luộng con mụ lẳng lơ dâm đảng; con mụ phản trắc,"(từ Mỹ,nghĩa Mỹ), nuôi) chó đẻ"
deliberation,"di,libə'reiʃn","sự suy nghĩ cân nhắc kỹ, sự suy tính thiệt hơn; sự thận trọng",cuộc bàn cãi,"sự thong thả; tính khoan thai, tính không vội vàng"
denominator,di'nɔmineitə,(toán học) mẫu số; mẫu thức,,
fascism,'fæʃizm,chủ nghĩa phát xít,,
homosexual,'houmou'seksjuəl,tình dục đồng giới,,
gamble,'gæmbl,"cuộc đánh bạc, cuộc may rủi",việc mạo hiểm được ăn cả ngã về không; việc làm liều mưu đồ ăn to (đầu cơ buôn bán...),đánh bạc
gothic,'gɔθik,(thuộc) Gô-tích,theo kiến trúc gôtic,theo kiểu chữ gôtic
ancillary,æn'siləri,"phụ thuộc, lệ thuộc",,
abundantly,,nhiều,,
spacious,'speiʃəs,"rộn lớn, rộng rãi",,
chargeable,'tʃɑ:dʤəbl,"lấy vào, ăn vào, tính vào","phải chịu, phải chịu phí tổn; phải nuôi nấng",bắt phải chịu (một thứ thuế)
bounty,'baunti,lòng rộng rãi; tính hào phóng,vật tặng,tiền thưởng; tiền khuyến khích
polk,pɔlk,nhảy pônca,,
driveway,'draivwei,"(từ Mỹ,nghĩa Mỹ) đường lái xe vào nhà (trong khu vực một toà nhà)",,
ligament,'ligəmənt,(giải phẫu) dây chằng,"(từ hiếm,nghĩa hiếm) dây ràng buộc",
synod,'sinəd,hội nghị tôn giáo,cuộc họp bàn,
plenum,'pli:nəm,"(vật lý) khoảng đầy (một chất gì, ngược với khoảng trống)",phiên họp toàn thể,hệ thống thông gió vào
conglomerate,kən'glɔmərit,khối kết,"(địa lý,địa chất) cuội kết","kết thành khối tròn, kết khối"
analyzer,'ænəlaiz,phân tích,(toán học) giải tích,
genocide,'dʤenousaid,tội diệt chủng,,
refraction,ri'frækʃn,"(vật lý) sự khúc xạ, độ khúc xạ",,
enlightened,in'laitnd,"được làm sáng tỏ, được mở mắt","được giải thoát khỏi sự ngu dốt, được giải thoát khỏi sự mê tín...",
parlor,'pɑ:lə,phòng khách (ở nhà riêng),"phòng khách riêng (ở khách sạn, quán trọ)","(từ Mỹ,nghĩa Mỹ) phòng, hiệu"
retaliation,"ri,tæli'eiʃn","sự trả đũa, sự trả thù, sự trả miếng",,
pathetic,pə'θetik,"cảm động, lâm ly, thống thiết",,
underwriting,,sự bảo hiểm (trên biển),,
enforceable,,(pháp lí) có thể đem thi hành,,
saloon,sə'lu:n,"phòng khách lớn, hội trường (ở khách sạn...)",phòng công công,"ca-bin lớn, phòng hạng nhất (tàu thuỷ); phòng hành khách (trong máy bay lớn)"
avail,ə'veil,"điều có lợi, ích lợi (chỉ dùng trong những kết hợp dưới đây)","giúp ích, có lợi cho",
empress,'empris,hoàng hậu,nữ hoàng,người đàn bà có quyền hành tuyệt đối
vernacular,və'nækjulə,"bản xứ, mẹ đẻ (ngôn ngữ)","viết bằng tiếng mẹ đẻ, viết bằng tiếng địa phương","địa phương (bệnh tật, tên cây...)"
cologne,,nước hoa co-lô-nhơ,,
allege,ə'ledʤ,"cho là, khẳng định","viện lý, dẫn chứng, viện ra, vin vào; đưa ra luận điệu rằng",
folio,'fouliou,(ngành in) khổ hai,số tờ (sách in),(kế toán) trang sổ
taxonomy,tæk'sɔnəmi,phép phân loại,nguyên tắc phân loại,
provoke,provoke,"khích, xúi giục, kích động","khiêu khích, trêu chọc, chọc tức","kích thích, khêu gợi, gây"
ragged,'rægid,"rách tã, rách tả tơi, rách rưới","bù xù, bờm xờm, dựng ngược cả lên (lông, tóc...); gồ ghề, lởm chởm (đường...)","tả tơi; rời rạc, không đều"
allusion,ə'lu:ʤn,"sự nói bóng gió, sự ám chỉ",lời ám chỉ,
fibrosis,,chứng xơ hoá,,
encompass,in'kʌmpəs,"vây quanh, bao quanh",bao gồm chứa đựng,"hoàn thiện, hoàn thành"
casino,kə'si:nou,"câu lạc bộ, nhà chơi",sòng bạc,
fiery,'faiəri,"ngụt cháy, bốc cháy, bố lửa",nảy lửa,mang lửa (tên đạn)
contagious,kən'teidʤəs,lây ((nghĩa đen) & (nghĩa bóng)),,
asymptotic,",æsimp'tɔtik",(toán học) tiệm cận,,
gastrointestinal,,thuộc dạ dày-ruột,,
abide,ə'baid,tồn tại; kéo dài,"(+ by) tôn trọng, giữ, tuân theo, chịu theo; trung thành với","(từ cổ,nghĩa cổ) ở, ngụ tại"
severance,'sevərəns,sự chia rẽ,sự cắt đứt,
drawback,'drɔ:bæk,"điều trở ngại, mặt hạn chế, mặt không thuận lợi","(thương nghiệp) số tiền thuế quan được trả lại, số tiền thuế quan được giảm (đối với hàng xuất)","(+ from) sự khấu trừ, sự giảm"
transducer,træns'dju:sə,(vật lý) máy biến năng,,
ingestion,in'dʤestʃn,sự ăn vào bụng,,
fuck,,sự giao cấu,bạn tình,interj
radiology,",reidi'ɔlədʤi",(y học) khoa tia X,,
dormant,'dɔ:mənt,"nằm ngủ, nằm im lìm, không hoạt động",(động vật học) ngủ đông; (thực vật học) ngủ,"tiềm tàng (khả năng), ngấm ngầm, âm ỉ (dục vọng...)"
stale,steil,"cũ, để đã lâu; ôi, chớm thối, chớm hỏng (thịt, trứng...)","cũ rích, nhạt nhẽo (vì nhai đi nhai lại mãi...)",luyện tập quá sức (vận động viên)
escort,'eskɔ:k - is'kɔ:t,is'kɔ:t/,đội hộ tống,người bảo vệ; người dẫn đường; người đi theo
dialysis,dai'ælisi:z,sự thẩm tách,,
precaution,pri'kɔ:ʃn,"sự phòng ngừa, sự đề phòng, sự lo trước; sự giữ gìn, sự thận trọng",,
anaerobic,",ænei'roubiən",kỵ khí,,
rectangle,"'rek,tæɳgl",hình chữ nhật,,
geographically,,"về mặt địa lý, về phương diện địa lý",,
interdisciplinary,",intə'disiplinəri",gồm nhiều ngành học thuật,,
wee,wi:,"rất nhỏ, nhỏ xíu","hi, hi hi",
crooked,'krukid,"cong, oằn, vặn vẹo; xoắn","quanh co, khúc khuỷu (con đường)",còng (lưng); khoằm (mũi)
brood,bru:d,"lứa, ổ (gà con, chim con...)","đoàn, bầy, lũ (người, súc vật)","con cái, lũ con"
occlusion,ɔ'klu:ʤn,"sự đút nút, sự bít; tình trạng bị đút nút, tình trạng bị bít",(hoá học) sự hút giữ,(y học) sự tắc (ruột...)
fixture,'fikstʃə,"vật cố định, đồ đạc đặt ở chỗ cố định",(số nhiều) (pháp lý) đồ đạc cố định (về mặt pháp lý coi như thuộc hẳn về một toà nhà nào),(thông tục) người ở lì mãi một chỗ; người ở lì mãi một chức vụ
ledge,'ledʤ,"gờ, rìa (tường, cửa...)",đá ngầm,(ngành mỏ) mạch quặng
spit,spit,cái xiên (nướng thịt trong lò quay),mũi đất (nhô ra biển),bờ ngầm
jeopardy,'dʤepədi,"nguy cơ, cảnh nguy hiểm, cảnh hiểm nghèo",,
tandem,'tændəm,xe hai ngựa thắng con trước con sau,"xe tăngđem, xe đạp hai người đạp",bộ đôi cái trước cái sau
nay,nei,"(từ cổ,nghĩa cổ) sự từ chối, sự cự tuyệt, sự trả lời không","(từ cổ,nghĩa cổ) không","không những thế; hơn thế, mà lại còn; nói cho đúng hơn"
revoke,ri'vouk,"huỷ bỏ, thủ tiêu (sắc lệnh...); rút lui (quyết định, lời hứa...)",thu hồi (giấy phép),(đánh bài) không ra một con bài cùng hoa (mắc dầu có trên tay)
receptacle,ri'septəkl,"đồ đựng (thùng, chai, lọ, hũ...)",chỗ chứa,(thực vật học) đế hoa
bipolar,bai'poulə,"(điện học) hai cực, lưỡng cực",,
motel,mou'tel,"(từ Mỹ,nghĩa Mỹ) khách sạn cạnh đường cho khách có ô tô",,
rejoice,ri'dʤɔis,"làm cho vui mừng, làm cho hoan hỉ","vui mừng, hoan","(+ in) vui hưởng (cái gì), rất hạnh phúc có được (cái gì);(đùa cợt) có (cái gì)"
neurology,njuə'rɔlədʤi,"khoa thần kinh, thần kinh học",,
immensely,i'mensli,"rất, hết sức",(thông tục) rất nhiều,
astronomical,",æstrə'nɔmik","(thuộc) thiên văn, (thuộc) thiên văn học",vô cùng to lớn,
captivity,kæp'tiviti,"tình trạng bị giam cầm, tình trạng bị câu thúc",,
sponsorship,'spɔnsəʃip,"trách nhiệm của cha đỡ đầu, trách nhiệm của mẹ đỡ đầu",,
existential,",egzis'tenʃəl","(thuộc) sự tồn tại, (thuộc) sự sống, (thuộc) sự sống còn",(triết học) khẳng định sự tồn tại,
horticulture,'hɔ:tikʌltʃə,nghề làm vườn,,
progeny,progeny,"con cái, con cháu, dòng dõi",(nghĩa bóng) kết quả,
extravagant,iks'trævigənt,"quá mức, quá độ; quá cao (giá cả)",phung phí,ngông cuồng; vô lý
uprising,p'raizi,sự thức dậy; sự đứng dậy,sự lên cao; sự mọc lên (mặt trời),sự nổi dậy; cuộc nổi dậy
aptitude,'æptitju:d,aptitude for khuynh hướng,"năng khiếu; năng lực, khả năng",
pony,'pouni,ngựa nhỏ,(từ lóng) hai mươi lăm bảng Anh,"(từ Mỹ,nghĩa Mỹ),  (thông tục) vật nhỏ bé (nhỏ hơn tiêu chuẩn bình thường)"
immersion,i'mə:ʃn,"sự nhúng, sự nhận chìm, sự ngâm nước",sự ngâm mình vào nước để rửa tội,"(nghĩa bóng) sự đắm chìm vào, sự ngập vào, sự mải mê vào (công việc, suy nghĩ...)"
sterilization,",sterilai'zeiʃn","sự khử trùng, sự làm tiệt trùng",sự làm cho cằn cỗi,sự làm mất khả năng sinh đẻ
conservatism,kən'sə:vətizm,chủ nghĩa bảo thủ,,
deference,'defərəns,"sự chiều ý, sự chiều theo","sự tôn trọng, sự tôn kính",
fraternal,frə'tə:nl,(thuộc) anh em,"(từ Mỹ,nghĩa Mỹ) hội kín",
toxicology,",tɔksi'kɔlədʤi",khoa chất độc,,
atrial,,thuộc tâm nhĩ; khoang tai ngoài,,
stump,stʌmp,gốc cây (còn lại sau khi đốn),chân răng,"mẩu chân cụt, mẩu tay cụt"
hillside,'hil'said,sườn đồi,,
streak,stri:k,"đường sọc, vệt",vỉa,"tính, nét, nết, chất"
pathogenesis,",pæθə'dʤenisis",sự phát sinh bệnh,(y học) sinh bệnh học,
embodiment,im'bɔdimənt,hiện thân,sự biểu hiện,
iodide,'aiədaid,(hoá học) Ioddua,,
monstrous,'mɔnstrəs,"kỳ quái, quái dị",khổng lồ,"gớm guốc, tàn ác, ghê gớm (tội ác...)"
floral,floral,"(thuộc) cây cỏ, (thuộc) hệ thực vật (của một vùng)",(thuộc) hoa; hoa (có) hoa (vải),
yoke,jouk,sữa chua yoke /jouk/,ách (buộc trâu bò); cặp trâu bò buộc cùng ách,đòn gánh
approx,,(viết tắt của approximately) gần khoảng,,
impending,im'pendiɳ,"sắp xảy đến, xảy đến trước mắt","treo, treo lơ lửng","(nghĩa bóng) đang đe doạ, lơ lửng trên đầu"
adhesive,əd'hi:siv,"dính, bám chắc","chất dính, chất dán",
defer,di'fə:,"hoãn, trì hoãn, để chậm lại","(từ Mỹ,nghĩa Mỹ) hoãn quân địch","theo, chiều theo, làm theo"
molasses,mə'læsiz,mật; nước rỉ đường ((cũng) treacle),"(từ Mỹ,nghĩa Mỹ) chậm như rùa",
magnification,",mægnifi'keiʃn","sự phóng đại, sự mở rộng, sự làm to","sự ca ngợi, sự tán tụng, sự tán dương",
thereunder,ðeər'ʌndə,dưới đó,,
macro,,"lớn, khổng lồ (về kích thước, khả năng...)","<tin> một lệnh đơn độc, dùng trong chương trình máy tính, thay thế cho một chuỗi các lệnh hoặc phím gõ",
refractive,ri'frækʃənl,khúc xạ,,
deterrent,di'terənt,"để ngăn cản, để ngăn chặn, để cản trở","làm nản lòng, làm nhụt chí, làm thoái chí","cái ngăn cản, cái ngăn chặn"
prop,prop,"(ngôn ngữ nhà trường) (từ lóng),  (viết tắt) của proposition, mệnh đề",(hàng không) (từ lóng) (viết tắt) của propeller,"(sân khấu),  (từ lóng),  (viết tắt) của property, đồ dùng sân khấu (trang trí, phục trang, dàn cảnh...)"
cranial,'kreinjəl,(giải phẫu) (thuộc) sọ,,
lagoon,'lə'gu:n,"(địa lý,ddịa chất) phá",,
forcibly,,"bằng sức mạnh, bằng vũ lực","sinh động, mạnh mẽ",
precarious,pri'keəriəs,"(pháp lý) tạm, tạm thời, nhất thời, không ổn định","không chắc chắn, bấp bênh, mong manh; hiểm nghèo, gieo neo","không dựa trên cơ sở chắc chắn, coi bừa là đúng, liều"
strenuous,'strenjuəs,"hăm hở, tích cực","đòi hỏi sự rán sức, căng thẳng",
longevity,lɔn'dʤeviti,sự sống lâu,,
anew,ə'nju:,"lại, một lần nữa; lại nữa; bằng cách khác",,
font,fɔnt,"bình đựng nước rửa tội, bình đựng nước thánh","bình dầu, bầu dầu (của đèn)",(thơ ca) suối nước; nguồn sông
ransom,'rænsəm,sự chuộc (một người bị bắt...),tiền chuộc,tiền lo lót (để được hưởng đặc quyền hoặc tha miễn làm gì)
soy,sɔi,"tương, nước tương","(từ hiếm,nghĩa hiếm) đậu tương, đậu nành",
thrombosis,θrɔm'bousis,(y học) chứng nghẽn mạch,,
chrome,kroum,(hoá học) crom,thuốc màu vàng,
landowner,"'lænd,ounə",địa ch,,
negation,ni'geiʃn,"sự phủ định, sự phủ nhận","sự cự tuyệt, sự từ chối",sự phản đối
smallpox,'smɔ:lpɔks,(y học) bệnh đậu mùa,,
disseminated,di'semineitid,"được gieo rắc, bị gieo rắc; được phổ biến",(y học) xơ cứng toả lan,
gentry,'dʤentri,tầng lớp quý tộc nhỏ,ghuộm hạng người,
guise,,"chiêu bài, lốt, vỏ",,
brewing,,việc làm rượu bia,mẻ rượu bia,(hàng hải) sự tích tụ mây đen báo bão
plank,plæɳk,"tấm ván (thường là loại dài, bề dày từ 5 cm đến 15 cm, bề ngang từ 23 cm trở lên)",(nghĩa bóng) mục (một cương lĩnh),(xem) walk
morphine,'mɔ:fjə,(dược học) Mocfin,,
horseback,'hɔ:sbæk,"on horseback ngồi trên lưng ngựa, cưỡi ngựa","ngồi trên lưng ngựa, cưỡi ngựa",
propensity,propensity,thiên hướng,,
unnecessarily,,xem unnecessary,,
eroded,i'roudid,"bị xói mòn, bị ăn mòn",,
migrate,mai'greit,di trú; ra nước ngoài,chuyển trường (chuyển từ trường đại học này sang trường đại học khác),
categorical,",kæti'gɔrikəl","tuyệt đối, khẳng định, vô điều kiện","rõ ràng, minh bạch; xác thực",
entomology,",entə'mɔlədʤi",(động vật học) khoa sâu bọ,,
asymmetric,",æsi'metrik",không đối xứng,,
inhalation,",inhə'leiʃn",sự hít vào,sự xông,thuốc xông
hereto,'hiə'tu:,"theo đây, đính theo đây",về vấn đề này; thêm vào điều này,
asymmetry,æ'simitri,tính không đối xứng,,
tempo,'tempou,(âm nhạc) độ nhanh,"nhịp, nhịp độ",
horticultural,",hɔ:ti'kʌltʃərəl",(thuộc) nghề làm vườn,do làm vườn sản xuất ra,
foreseeable,,"thấy trước được, dự đoán được",,
phenol,'fi:nɔl,(hoá học) Fenola,,
unidentified,'ʌnai'dentifaid,không được đồng nhất hoá,"chưa được nhận biết, chưa truy ra gốc tích",
endothelial,",endə'θi:liəl",(sinh vật học) (thuộc) màng trong,,
evangelical,",i:væn'dʤelik",(thuộc) (kinh) Phúc âm,((thường) evangelical) (thuộc) phái Phúc âm,người phái Phúc âm
quartet,kwɔ:'tet,"nhóm bốn (người, vật)",(âm nhạc) bộ tư bản nhạc cho bộ tư,
sclerosis,skliə'rousis,(y học) sự xơ cứng,(thực vật học) sự hoá cứng (màng tế bào),
fodder,'fɔdə,cỏ khô (cho súc vật ăn),cho (súc vật) ăn cỏ khô,
psyche,'saiki:,"linh hồn, tinh thần, tâm thần",(động vật học) bướm lông,
miocene,,(địa lý) thể mioxen,,
illicit,i'lisit,"trái phép, không hợp pháp",bị cấm; lậu,
barrow,'bærou,"gò, đống (chỉ dùng với tên địa điểm)",nấm mồ,(tiếng địa phương) lợn thiến
pedagogy,",pedə'gɔdʤiks","khoa sư phạm, giáo dục học",,
sporadic,spə'rædik,"rời rạc, lác đác","thỉnh thoảng, không thường xuyên",
indulgence,in'dʌldʤəns,"sự nuông chiều, sự chiều theo","sự ham mê, sự miệt mài, sự thích thú; cái thú (ham mê)",đặc ân
facsimile,fæk'simili,"bản sao, bản chép","sao, chép",
scroll,skroul,"cuộn giấy, cuộn da lừa, cuộn sách, cuộc câu đối; (từ cổ,nghĩa cổ) bảng danh sách","(từ hiếm,nghĩa hiếm) đường xoáy ốc",hình trang trí dạng cuộn
antagonism,æn'tægənizm,sự phản đối; sự phản kháng,"sự đối lập, sự tương phản, sự đối kháng",nguyên tắc đối lập
ballast,'bæləst,"bì, đồ dằn (vật nặng để giữ cho tàu, thuyền thăng bằng khi không có hàng)",đá balat,"sự chín chắn, sự chắc chắn, sự dày dạn"
orthogonal,ɔ:'θɔgənl,(toán học) trực giao,,
intoxicating,in'tɔksikeitiɳ,làm say,cất (rượu) (đối với ủ men),làm say sưa ((nghĩa bóng))
boycott,'bɔikət,sự tẩy chay,tẩy chay,
equator,i'kweitə,xích đạo,(như) equinoctial,
pictorial,pik'tɔ:riəl,(thuộc) tranh ảnh; diễn tả bằng tranh ảnh; có nhiều tranh ảnh,"diễn đạt bằng hình tượng; nhiều hình ảnh; nhiều hình tượng sinh động (văn, cách mô tả...)","báo ảnh, hoạ báo"
modular,,"tính chất môđun, môđun tính",,
precinct,'pri:siɳkt,"khoảng rào, khoảng đất có vườn bao quanh (của một toà nhà, nhà thờ...)","(số nhiều) vùng xung quanh, vùng ngoại vi, vùng ngoại ô (thành phố)",giới hạn
meteorology,",mi:tjə'rɔlədʤi",khí tượng học,,
titration,tai'treiʃn,sự chuẩn độ (dung dịch); sự xác định tuổi (hợp kim vàng),,
forge,fɔ:dʤ,lò rèn; xưởng rèn,"lò luyện kim, xưởng luyện kim","rèn (dao, móng ngựa...)"
twain,twein,"(từ cổ,nghĩa cổ) đôi, cặp, hai",,
encoding,,"(Tech) biên mã, mã hóa",,
synchronous,'siɳkrənəs,đồng thời; đồng bộ ((cũng) synchronic),,
papal,'peipəl,(thuộc) giáo hoàng,,
radiator,'reidieitə,vật bức xạ,lò sưởi,(kỹ thuật) bộ tản nhiệt (đầu máy ô tô...)
wary,'weəri,"thận trọng, cẩn thận, cảnh giác",,
skeptical,'skeptikəl,"hoài nghi, đa nghi, hay ngờ vực",theo chủ nghĩa hoài nghi; có tư tưởng hoài nghi; nhằm ủng hộ tư tưởng hoài nghi; xuất phát từ tư tưởng hoài nghi,
dehydration,",di:hai'dreiʃn",(hoá học) sự loại nước,,
simulator,'simjuleitə,"người giả vờ, người giả cách, người vờ vịt",,
citrus,'sitrəs,(thực vật học) giống cam quít,,
receivable,ri'si:vəbl,có thể nhận được; đáng nhận,báo thu,
exogenous,ek'sɔdʤinəs,"sinh ngoài, ngoại sinh",,
genealogy,",dʤi:ni'ælədʤi","khoa phả hệ (của con người, các sinh vật, ngôn ngữ...)",bảng phả hệ,
illegitimate,",ili'dʤitimit","không hợp pháp, không chính đáng",đẻ hoang (con),người giữ địa vị không hợp pháp; người giữ địa vị không chính đáng
redundancy,ri'dʌndəns,"sự thừa, sự thừa dư",sự rườm rà (văn),
clergyman,'klə:dʤimən,"giáo sĩ, tu sĩ, mục sư (nhà thờ Anh)",đợt nghỉ lễ tám ngày (từ chủ nhật này đến chủ nhật sau),
familial,fə'mijəl,(thuộc) gia đình; (thuộc) người trong gia đình,,
masculinity,",mæskju'liniti",tính chất đực; tính chất đàn ông,,
sculptor,'skʌlptə,nhà điêu khắc; thợ chạm,,
sophistication,"sə,fisti'keiʃn",sự nguỵ biện,"sự làm thành rắc rối, sự làm thành tinh vi",những thích thú phức tạp
incarnation,",inkɑ:'neiʃn",sự tạo hình hài cụ thể,hiện thân,(tôn giáo) (the Incarnation) sự hiện thân của Chúa
suspense,səs'pens,"tình trạng chờ đợi, tình trạng hồi hộp, tình trạng chưa quyết định","(pháp lý) sự tạm hoãn, sự đình chỉ; sự treo quyền",
hem,hem,"đường viền (áo, quần...)",viền,"(+ in,  about,  around) bao vây, bao bọc, bao quanh"
forensic,,"(thuộc) pháp lý, (thuộc) toà án",,
stagnation,'stægnənsi,sự ứ đọng; tình trạng tù hãm,"sự đình trệ, sự đình đốn",tình trạng mụ mẫm
spectrometry,spek'trɔmitri,(vật lý) phép đo phổ,,
empirically,,"do kinh nghiệm, theo kinh nghiệm",,
conjecture,kən'dʤektʃə,"sự phỏng đoán, sự ước đoán","cách lần đọc (câu, đoạn trong một bản viết tay cổ)","đoán, phỏng đoán, ước đoán"
stark,stɑ:k,cứng đờ,hoàn toàn,"(thơ ca) mạnh mẽ, quả quyết"
incapacity,",inkə'pæsiti","sự không đủ khả năng, sự không đủ năng lực, sự bất lực",(pháp lý) sự thiếu tư cách,
thermodynamics,",θə:moudai'næmiks",nhiệt động lực học,,
superfluous,sju:'pə:fluəs,"thừa, không cần thiết",,
slit,slit,"đường rạch, khe hở, kẻ hở","chẻ, cắt, rọc, xé toạc",(xem) weasand
scandinavian,'skændi'neivjən,(thuộc) Xcăng-đi-na-vi,người Xcăng-đi-na-vi,tiếng Xcăng-đi-na-vi
parochial,pə'roukjəl,(thuộc) xã; (thuộc) giáo khu,"(nghĩa bóng) có tính chất địa phương, hạn chế trong phạm vi địa phương nhỏ hẹp (công việc...)","(từ Mỹ,nghĩa Mỹ) trường cấp 2 3 (của một tổ chức tôn giáo)"
moderation,",mɔdə'reiʃn","sự tiết chế, sự điều độ","(số nhiều,  (thường) (viết tắt) mods) kỳ thi phần thứ nhất bằng tú tài văn chương (trường đại học Ôc-phớt)",
manifesto,",mæni'festou",bản tuyên ngôn,,
tomography,,"phương pháp rọi kiếng, chụp X quang các phần trong cơ thể, sự rọi kiếng, sự chụp X quang",,
malnutrition,'mælnju:'triʃn,"sự kém dinh dưỡng, sự thiếu ăn",,
photosynthesis,",foutə'sinθisis",(sinh vật học) sự quang hợp,,
turf,tə:f,lớp đất mặt (đầy rễ cỏ),Ai-len than bùn,(the turf) cuộc đua ngựa; nghề đua ngựa
regimen,'redʤimen,"(y học) chế độ ăn uống, chế độ dinh dưỡng, chế độ điều trị",(ngôn ngữ học) quan hệ chi phối (giữa các từ),"(từ cổ,nghĩa cổ) chế độ, chính thể"
electrophoresis,"i,lektrɔ'fɔ:ri:sis",hiện tượng điện chuyển,,
longitude,'lɔndʤitju:d,"(địa lý,ddịa chất) độ kinh",,
bombardment,bɔm'bɑ:dmənt,"sự bắn phá, sự ném bom, cuộc oanh tạc",,
bypass,'baipɑ:s,"đường vòng (để tránh một vị trí nào trên đường chính, để tránh ùn xe lại...)","(điện học) đường rẽ, sun",lỗ phun hơi đốt phụ
underdeveloped,'ʌndədi'veləpt,phát triển chưa đầy đủ,(nhiếp ảnh) rửa non,
remnant,'remnənt,"cái còn lại, vật còn thừa","dấu vết còn lại, tàn dư",mảnh vải lẻ (bán rẻ)
stout,stout,"chắc, bền","dũng cảm, can đảm; kiên cường","chắc mập, mập mạp, báo mập"
inf,,"ở dưới, ở dưới nữa, ở sau đây",,
structurally,,xem structural,,
falsely,'fɔ:lsli,sa lầm,giả dối; quay quắt,
patriarchal,",peitri'ɑ:kəl",(thuộc) tộc trưởng; (thuộc) gia trưởng,(tôn giáo) (thuộc) giáo trưởng,già cả; đáng kính
aerosol,,"bình phun (nước hoa, thuốc trừ sâu)",,
hercules,'hə:kjuli:z,"(thần thoại,thần học) thần Ec-cun (thần thoại Hy-lạp)",người khoẻ,
flotation,flotation,sự nổi; sự trôi,(hoá học) sự tách đãi,sự khai trương (một công ty); sự khởi công (một công việc)
proximate,proximate,"gần, gần nhất, sát gần","gần đúng, xấp xỉ",
venerable,'venərəbl,đáng tôn kính,,
calcareous,kæl'keəriəs,(thuộc) đá vôi,chứa đá vôi,
undivided,'ʌndi'vaidid,không bị chia,"(nghĩa bóng) trọn vẹn, hoàn toàn",
amply,,"dư dả, đầy đủ",,
vigilance,'vidʤiləns,"sự cảnh giác, sự thận trọng, sự cẩn mật",(y học) chứng mất ngủ,
saturn,'sætən,"thần Xa-tuya, thần Nông",sao Thổ,
tectonic,tek'tɔnik,xây dựng,"(địa lý,địa chất) kiến tạo",
erroneously,,"sai, nhầm",,
fascist,'fæʃist,phần tử phát xít,phát xít,
commonplace,'kɔmənpleis,điều đáng ghi vào sổ tay,việc tầm thường; lời nói tầm thường; chuyện tầm thường; chuyện cũ rích,"tầm thường; sáo, cũ rích"
workmanship,'wə:kmənʃip,"tài nghệ, sự khéo léo",tay nghề (công nhân),
blight,balit,bệnh tàn rụi (cây cối),(động vật học) rệp vừng,không khì mờ sương
residency,'reizidənsi,phủ thống sứ; toà công sứ (ở các nước thuộc địa hoặc nửa thuộc địa),,
facade,fə:sɑ:d,mặt chính (nhà),"bề ngoài vẻ ngoài, mã ngoài",
ddt,,"thuốc diệt côn trùng, thuốc DDT dichlorodiphenyl-trichloroethane",,
canopy,'kænəpi,"màn trướng (treo trên bàn thờ, trước giường)",vòm,(kiến trúc) mái che
saviour,'seivjə,vị cứu tinh,(tôn giáo) (the saviour) Đức chúa Giê-xu,
orthodoxy,'ɔ:θədɔksi,tính chất chính thống,,
silicate,'silikit,Silicat,,
miraculous,mi'rækjuləs,"thần diệu, huyền diệu","kỳ lạ, phi thường",
fiercely,,"dữ dội, mãnh liệt",,
admirably,,"đáng phục, đáng ngưỡng mộ",,
phenomenal,fi'nɔminl,"(thuộc) hiện tượng, có tính chất hiện tượng",có thể nhận thức bằng giác quan,"kỳ lạ, phi thường"
annular,'ænjulə,"hình vòng, hình khuyên",,
reminiscent,",remi'nisnt","nhớ lại; làm nhớ lại, gợi lại",,
stabilizing,,sự tạo (đảm bảo) ổn định,,
tributary,'tribjutəri,"phải nộp cống, phải triều cống (nước, người), phụ thuộc, chư hầu",nhánh (sông),người phải nộp cống; nước phải triều cống
stratigraphic,,thuộc địa tầng học,,
annotation,",ænou'teiʃn","sự chú giải, sự chú thích","lời chú giải, lời chú thích",
resilience,ri'ziliəns,"tính bật nảy; tính co giân, tính tính đàn hồi",khả năng phục hồi nhanh sức mạnh (thể chất hoặc tinh thần); sức bật,(kỹ thuật) biến dạng đàn hồi; độ dai va đập
indonesian,",indou'ni:zjən",(thuộc) In-ddô-nê-xi-a,người In-ddô-nê-xi-a,tiếng In-ddô-nê-xi-a
admissibility,"əd,misi'biliti","tính có thể chấp nhận được, tính có thể thừa nhận được",tính có thể nhận; tính có thể thu nạp; tính có thể kết nạp,
slack,slæk,"uể oải, chậm chạp","chùng, lỏng","(từ Mỹ,nghĩa Mỹ) mềm yếu, yếu ớt, nhu nhược, dễ bị ảnh hưởng, dễ bị lung lạc"
amenable,ə'mi:nəbl,"chịu trách nhiệm; phải chịu, đáng chịu","tuân theo, vâng theo","dễ bảo, biết nghe theo, phục tùng"
unresolved,' nri'z lvd,"còn do dự, chưa quyết định","không được gii quyết (vấn đề), không được gii đáp (thắc mắc)",không được tách ra thành thành phần cấu tạo
foreground,'fɔ:graund,"cảnh gần, cận cảnh",(nghĩa bóng) địa vị nổi bật,
rectum,'rektəm,(giải phẫu) ruột thẳng,,
foreword,'fɔ:wə:d,lời tựa; lời nói đầu,,
bovine,'bouvain,(thuộc) giống bò; như bò,"đần độn, ngu độn; nặng nề, chậm chạp",
discontinue,'diskən'tinju:,ngừng đình chỉ; gián đoạn,bỏ (một thói quen),"thôi không mua (báo dài hạn...), thôi (làm việc gì...)"
characteristically,,theo tính cách đặc trưng,,
haul,hɔ:l,sự kéo mạnh; đoạn đường kéo,(ngành mỏ) sự đẩy goòng,sự chuyên chở hàng (bằng xe vận tải); khối lượng chuyên chở
housekeeping,"'haus,ki:piɳ",công việc quản lý gia đình; công việc nội trợ,,
spikes,,giầy đinh (của vận động viên),"đinh dài, ghim dài (bằng kim loại)",bông (của ngũ cốc )
worksheet,,giấy chấm công,,
attribution,",ætri'bju:ʃn",sự quy ra,"quyền hành ban cho; quyền lực, thẩm quyền",
perfusion,pə'fju:ʤn,"sự vảy, sự rắc",sự đổ tràn ngập; sự làm tràn ngập,
lighthouse,'laithaus,"đèn biển, hải đăng",,
pinch,pintʃ,"cái vấu, cái véo, cái kẹp, cái kẹt",nhúm,"(nghĩa bóng) cảnh o ép, sự giằn vặt, sự dày vò"
anthropological,",ænθrəpə'lɔdʤikəl",(thuộc) nhân loại học,,
stenographer,ste'nɔgrəfə,người viết tốc ký,,
hegemony,hi:'geməni,"quyền bá chủ, quyền lânh đạo",,
eminence,'eminəns,mô đất,sự nổi tiếng; địa vị cao trọng,(Eminence) đức giáo chủ (tiếng xưng hô)
betrayal,bi'treiəl,sự phản bội,,
ostensibly,,"có vẻ là, bề ngoài là",,
penitentiary,",peni'tenʃəri","trại cải tạo, trại cải tạo gái điếm","(từ Mỹ,nghĩa Mỹ) nhà lao",để cải tạo; (thuộc) cải tạo
woody,'wudi,"có lắm rừng, lắm cây cối",(thuộc) rừng,(thực vật học) (thuộc) chất gỗ
biosynthesis,,số nhiều biosyntheses,sự sinh tổng hợp,
entropy,'entrəpi,(vật lý) entrôpi,,
conspicuously,kən'spikjuəsli,"dễ thấy, rõ ràng, đập ngay vào mắt, lồ lộ",,
sizable,'saizəbl,"to, lớn, có cỡ lớn",,
anarchy,'ænəki,tình trạng vô chính phủ,tình trạng hỗn loạn,
silage,'ensilidʤ,sự ủ xilô,thức ăn (cho vật nuôi) ủ xilô,ủ xilô (thức ăn cho vật nuôi)
demolition,di'mɔliʃmənt,sự phá huỷ; sự đánh đổ,,
chassis,'ʃæsi,"khung gầm (ô tô, máy bay...)",,
reimburse,",ri:im'bə:s","hoàn lại, trả lại (số tiền đã tiêu)",,
diagonal,dai'ægənl,chéo (đường),đường chéo,vải chéo go
brock,brɔk,(động vật học) con lửng,"người đáng khinh, người đê tiện",
placenta,plə'sentə,nhau (đàn bà đẻ),thực giá noãn,
autism,'ɔ:tizm,tính tự kỷ,,
ontological,",ɔntə'lɔdʤikəl",(triết học) (thuộc) bản thể học,,
metallurgical,",metə'lə:dʤik",(thuộc) luyện kim,,
inversely,,"ngược lại, nghịch đảo",,
exemplary,ig'zempləri,"gương mẫu, mẫu mực","để làm gương, để cảnh cáo","để làm mẫu, để dẫn chứng, để làm thí dụ"
solicit,sə'lisit,"khẩn khoản, nài xin",thu hút,"gạ gẫm, níu kéo, chài (gái điếm)"
infestation,",infes'teiʃn","sự tràn vào quấy phá, sự tràn vào phá hoại",,
concomitant,kən'kɔmitənt,"đi kèm với, đi đôi với, cùng xảy ra, đồng thời",(y học) đồng phát,"sự việc cùng xảy ra, sự việc đi đôi; vật cùng đi"
clinging,,(quần áo) bó sát thân người,<bóng> bám dai dẳng,
strap,stræp,"dây (da, lụa, vải...); đai da",dây liếc dao cạo,(kỹ thuật) bản giằng (mảnh sắt nối hai tấm gỗ...)
womb,wu:m,"(giải phẫu) dạ con, tử cung","(nghĩa bóng) ruột, trung tâm, lòng",từ khi lọt lòng đến lúc chết
necessitate,ni'sesiteit,"bắt phải, đòi hỏi phải, cần phải có",,
disobedience,",disə'bi:djəns","sự không vâng lời, sự không tuân lệnh",,
melancholy,",melənkəli","sự u sầu, sự sầu muộn","u sầu, sầu muộn",
sublime,sə'blaim,"hùng vĩ, uy nghi","siêu phàm, tuyệt vời","cao cả, cao siêu, cao thượng"
observational,",ɔbzə:'veiʃənl","(thuộc) sự quan sát, (thuộc) sự theo dõi",(thuộc) khả năng quan sát,
cpu,,Đơn vị xử lý trung tâm,,
audible,'ɔ:dəbl,"có thể nghe thấy, nghe rõ",,
abusive,ə'bju:siv,lạm dụng,"lăng mạ, sỉ nhục, chửi rủa","lừa dối, lừa gạt"
qualitatively,,(thuộc) phẩm chất,"định tính, chất lượng",
quartermaster,"'kwɔ:tə,mɑ:stə",((viết tắt) Q.M.) sĩ quan hậu cần của tiểu đoàn (bộ binh),hạ sĩ quan phụ trách điện đài (hải quân),
fowl,faul,"gà, thịt gà","(từ hiếm,nghĩa hiếm) chim; thịt chim (chỉ còn dùng trong kết hợp fish,  flesh fowl cá, thịt chim)",bắn chim; đánh bẫy chin
parkway,'pɑ:kwei,"(từ Mỹ,nghĩa Mỹ) đại lộ (đường rộng có cây hai bên)",,
brink,briɳk,bờ miệng (vực),,
easement,'i:zmənt,(pháp lý) quyền đi qua; quyền xây cất (trên đất người khác),"nhà phụ, công trình kiến trúc phụ","(từ cổ,nghĩa cổ) sự làm dịu (đau...)"
eeg,,điện não đồ (electroencephalogram),,
archaic,ɑ:'keiik,cổ xưa,,
datum,'deitəm,số lượng đã cho (bài toán...); điều đã cho biết,luận cứ,"(số nhiều datums) mốc tính toán, mốc đo lường"
commensurate,kə'menʃərit,(+ with) cùng diện tích với,"(+ to,  with) xứng với",
geophysical,",dʤi:ou'fizikəl",(thuộc) địa vật lý,,
exponent,eks'pounənt,"người trình bày, người dẫn giải, người giải thích (một luận điểm...); điều trình bày, điều dẫn giải, điều giải thích",người biểu diễn (nhạc...),"người tiêu biểu, vật tiêu biểu"
slain,slei,(thơ ca); (văn học);(đùa cợt) giết,,
amber,'æmbə,hổ phách,(định ngữ) bằng hổ phách; (có) màu hổ phách,
homogeneity,",hɔmoudʤe'ni:iti","tính đồng nhất, tình đồng đều, tính thuần nhất",,
disruptive,dis'rʌptiv,"đập gãy, đập vỗ, phá vỡ",(điện học) đánh thủng,
antarctic,ænt'ɑ:ktik,(thuộc) Nam cực; (thuộc) phương nam; ở về phía Nam cực,,
levy,'levi,sự thu (thuế); tiền thuế thu được,sự tuyển quân; số quân tuyển được,"(từ Mỹ,nghĩa Mỹ) sự toàn dân vũ trang tham gia chiến đấu ((cũng) levy en masse)"
embody,im'bɔdi,là hiện thân của,biểu hiện,"gồm, kể cả"
provocative,,"khiêu khích, trêu chọc","kích thích, khêu gợi (về tình dục)",
ruthless,'ru:θlis,"tàn nhẫn, nhẫn tâm",,
hydroelectric,'haidroui'lektrik,thuỷ điện,,
geothermal,,thuộc địa nhiệt,,
intelligible,in'telidʤəbl,dễ hiểu,(triết học) chỉ có thể nhận thức được bằng trí óc,
formaldehyde,fɔ:'mældihaid,hoá fomanddêhyt,,
botanical,bə'tænik,(thuộc) thực vật học,,
martial,'mɑ:ʃəl,(thuộc) quân sự; (thuộc) chiến tranh,"có vẻ quân nhân, thượng võ, võ dũng, hùng dũng",(Martial) (thuộc) sao Hoả
aversion,ə'və:ʃn,sự ghét; ác cảm,"sự không thích, sự không muốn",cái mình ghét
liturgy,'litə:dʤi,nghi thức tế lễ,,
oceanography,",ouʃjə'nɔgrəfi",hải dương học,,
ditto,'ditou,"như trên; cùng một thứ, cùng một loại","cái kể trên, cái như trên; cái cùng một thứ, cái cùng loại",
awhile,ə'wail,"một lúc, một lát, một chốc",,
uniqueness,,(Econ) Tính độc nhất.,,
bicarbonate,bai'kɑ:bənit,(hoá học) cacbonat axit,,
cytoplasmic,,xem cytoplasm,,
impatience,im'peiʃəns,"sự thiếu kiên nhẫn, sự không kiên tâm; tính nóng vội, tính nôn nóng; tính hay sốt ruột","(+ of) sự không chịu đựng được, sự không dung thứ được, sự khó chịu (cái gì)",
reap,ri:p,gặt (lúa...),"thu về, thu hoạch, hưởng",(xem) sow
retroactive,",retrou'æktiv",(pháp lý) có hiệu lực trở về trước,,
carotid,kə'rɔtid,(giải phẫu) động mạch cảnh,,
chairperson,,chủ tịch,,
supposition,",sʌpə'ziʃn","sự giải thiết, sự giả định","giả thuyết, ức thuyết",
evasion,i'veiʤn,"sự tránh, sự lảng tránh, sự lẩn tránh, sự thoái thác","kẻ lẩn tránh, mẹo thoái thác",
reins,reinz,"(từ cổ,nghĩa cổ) quả thận, quả cật",chỗ thắt lưng,
clamp,klæmp,"đống (gạch để nung, đất, rơm...)","chất thành đống, xếp thành đống","cái kẹp, bàn kẹp; cái giữ (nói chung)"
testosterone,,kích thích tố sinh dục nam,,
decimal,'desiməl,(toán học) thập phân,(toán học) phân số thập phân,
stratigraphy,strə'tigrəfi,địa tầng học,,
woe,wou,"sự đau buồn; điều phiền muộn, nỗi đau khổ, nỗi thống khổ","(số nhiều) tai hoạ, tai ương",
telecommunication,"'telikə,mju:ni'keiʃn","viễn thông, sự thông tin từ xa",,
shark,ʃɑ:k,"(động vật học) cá nhám, cá mập",kẻ tham lam; kẻ bất lương; kẻ lừa đảo,"(ngôn ngữ nhà trường),  (từ lóng) tay cừ, tay chiến"
calcite,'kælsait,(khoáng chất) canxit,,
powerless,'pauəlis,bất lực; không có sức mạnh,"không có quyền lực, không có quyền thế",hoàn toàn không có khả năng (giúp đỡ...)
beforehand,bi'fɔ:hænd,sẵn sàng trước,"làm trước, đoán trước, biết trước",sẵn tiền
gelatin,",dʤelə'ti:n",Gelatin,chất nổ nitroglyxerin,
forceful,'fɔ:sful,mạnh mẽ,sinh động; đầy sức thuyết phục,
bead,bi:d,hạt hột (của chuỗi hạt),"giọt, hạt",bọt (rượu...)
gratefully,,"với vẻ biết ơn, bằng thái độ biết ơn",,
dynamical,dai'næmikəl,(như) dynamic,(triết học) (thuộc) thuyết động học,
excerpt,'eksə:pt,"phần trích, đoạn trích (sách...)","trích, trích dẫn (một đoạn trong sách...)",
homage,'hɔmidʤ,sự tôn kính; lòng kính trọng,(sử học) sự thần phục,
isotropic,",aisou'trɔpik",đẳng hướng,,
slurry,'slʌri,hồ xi măng,bùn than,vữa chịu lửa (để vá lò cao)
epoxy,,"epoxi, cầu oxy (- o -), vòng oxy",,
grating,'greitiɳ,lưới sắt (che cửa sổ),(vật lý) con cách,"tiếng chói tai, tiếng rít kèn kẹt"
fireman,'faiəmən,đội viên chữa cháy,công nhân đốt lò,
nhs,,Sở y tế quốc dân (National Health Service),,
centennial,sen'tenjəl,"sống trăm năm, trăm tuổi",một trăm năm một lần,(thuộc) lễ kỷ niệm một trăm năm
halt,hɔ:lt,"sự tạm nghỉ, sự tạm dừng lại (trong lúc đang đi...)",(ngành đường sắt) ga xép,"dừng chân, nghỉ chân"
genet,'dʤenit,(động vật học) cây genet,,
ontology,ɔn'tɔlədʤi,(triết học) bản thể học,,
coercive,kou'ə:siv,"buộc, ép buộc, cưỡng bức",(vật lý) kháng từ,
cling,kliɳ,"bám vào, dính sát vào, níu lấy",(nghĩa bóng) bám lấy; trung thành (với); giữ mãi,"bám chặt lấy, giữ chặt lấy"
protagonist,protagonist,"vai chính (trong một vở kịch, một câu chuyện)","người giữ vai chính, người giữ vai trò chủ đạo (trong cuộc đấu, trong cuộc tranh luận...)","người tán thành, người bênh vực (một đường lối, một phương pháp...)"
abnormality,æb'nɔ:məlsi,"sự không bình thường, sự khác thường; sự dị thường","vật kỳ quái, quái vật",
entrepreneurship,,"(Econ) Khả năng, sự làm chủ của doanh nghiệp.",,
curtailed,,đã được rút ngắn,,
vis,,tử tước (Viscount),nữ tử tước (Viscountess),
subordination,"sə,bɔ:di'neiʃn",sự làm cho lệ thuộc; sự lệ thuộc,sự hạ thấp tầm quan trọng,
grotesque,grou'tesk,"lố bịch, kỳ cục","bức tranh kỳ cục, bức tượng kỳ cục",
pivotal,'pivətl,"(thuộc) trụ, (thuộc) ngõng, (thuộc) chốt; làm trụ, làm ngõng, làm chốt","(nghĩa bóng) then chốt, mấu chốt, chủ chốt",
constitutionally,,"căn cứ theo hiến pháp, hợp hiến",,
pecuniary,pi'kju:njəri,(thuộc) tiền tài,(pháp lý) phải nộp tiền (phạt),
epistle,i'pisl,thư của sứ đồ (truyền đạo);(đùa cợt) thư (gửi cho nhau),thư (một thể thơ),
corrosive,kə'rousiv,"gặm mòn, phá huỷ dần",chất gặm mòn,
portray,pɔ:'trei,vẽ chân dung,miêu tả sinh động,"(từ Mỹ,nghĩa Mỹ) đóng vai"
plough,plau,cái cày,đất đã cày,(điện học) cần (tàu điện...)
coca,'koukə,(thực vật học) cây côca,,
affluent,'æfluənt,"nhiều, dồi dào, phong phú",giàu có,sông nhánh
cinnamon,'sinəmən,(thực vật học) cây quế,màu nâu vàng,
archipelago,",ɑ:ki'peligou",quần đảo,biển có nhiều đảo,
overwhelmingly,,tràn ngập; làm chôn vùi (cái gì),áp đảo,
discursive,dis'kə:siv,"lan man, không có mạch lạc",biện luận,
antimony,'æntiməni,(hoá học) antimon,,
skepticism,'skeptisizm,chủ nghĩa hoài nghi,,
juncture,'dʤʌɳktʃə,sự nối liền,chỗ nối; điểm gặp nhau,"tình hình, sự việc; thời cơ"
clad,klouð,mặc quần áo cho,"phủ, che phủ",
mysticism,'mistisizm,đạo thần bí,thuyết thần bí; chủ nghĩa thần bí,
emergent,i'mə:dʤənt,"nổi lên, lồi ra, hiện ra","nổi bật lên, rõ nét",(vật lý) ló
squarely,'skweəli,vuông vắn,"thẳng thắn, thật thà, trung thực","kiên quyết, dứt khoát"
discernible,di'sə:nəbl,"có thể nhận thức rõ, có thể thấy rõ",,
peacock,'pi:kɔk,(động vật học) con công (trống),"vênh vang; đi vênh vang; làm bộ làm tịch, khoe mẽ","to peacock oneself upon vênh vang; làm bộ làm tịch về, khoe mẽ (cái gì)"
witchcraft,'wit kr :ft,"ma thuật, phép phù thuỷ","sức mê hoặc, sức quyến rũ (của nụ cười, sắc đẹp...)",
nude,nju:d,"trần, trần truồng, khoả thân",(thực vật học) trụi lá,(động vật học) trụi lông
cum,kʌm,"với, kể cả",,
dispense,dis'pens,"phân phát, phân phối",pha chế và cho (thuốc),"(+ from) miễn trừ, tha cho"
gratification,",grætifi'keiʃn",sự ban thưởng,"sự hài lòng, sự vừa lòng",tiền thù lao
actuarial,,(thuộc) chuyên viên thống kê bảo hiểm,,
scant,skænt,"ít, hiếm, không đủ","(từ cổ,nghĩa cổ) hà tiện, cho nhỏ giọt",
kilowatt,'kiləwɔt,kilôoat,,
acutely,,sâu sắc,,
inadvertently,,"tình cờ, không cố ý",,
malay,mə'lei,(thuộc) Mã lai,người Mã lai,tiếng Mã lai
stylistic,stai'listik,(thuộc) văn phong,(thuộc) tu từ,
twilight,'twailait,lúc tranh tối tranh sáng; lúc hoàng hôn; lúc tảng sáng,thời kỳ xa xưa mông muội,"(định ngữ) tranh tối tranh sáng, mờ, không rõ"
larceny,'lɑ:sni,(pháp lý) sự ăn cắp,,
impracticable,im'præktikəbl,"không thể thi hành được, không thể thực hiện được","khó dùng, không thể điều khiển được (dụng cụ, đồ dùng...)","không thể qua được, không thể đi được"
discontinuance,",diskəntinju'eiʃn","sự ngừng, sự đình chỉ; sự đứt quãng, sự gián đoạn",sự bỏ (một thói quen),sự thôi (không mua báo dài hạn nữa...)
paternal,pə'tə:nl,của cha; thuộc cha,"có họ nội, về đằng nội",
seminal,'si:minl,"(thuộc) tinh dịch; (thuộc) hạt giống, (thuộc) sự sinh sản",có thể sinh sản được,"còn phôi thai, còn trứng nước"
synchronization,",siɳkrənai'zeiʃn",sự đồng bộ hoá,,
rift,'raifliɳ,"đường nứt rạn, kẽ hở, kẽ nứt (ở đất, đá, đồ vật...)",(khoáng chất) thớ chẻ,chỗ hé sáng (trong đám sương mù...)
flush,flush,"bằng phẳng, ngang bằng","tràn đầy, chứa chan, đầy dẫy; nhiều tiền lắm của","tràn ngập, tràn đầy (sông)"
reuse,,dùng lại,sự dùng lại; sự được dùng lại,
longitudinally,,theo chiều dọc,,
dispersal,dis'pə:səl,"sự giải tán, sự phân tán","sự xua tan, sự làm tan tác, sự tan tác","sự rải rác, sự gieo vãi"
psychoanalytic,,(thuộc) phân tâm học,,
microform,,dạng thu nhỏ,,
deciduous,di'sidjuəs,"(động vật học) rụng vào một thời kỳ nhất định (răng sữa, sừng...)",(động vật học) rụng cánh sau khi giao hợp (kiến...),(thực vật học) sớm rụng
transferee,",trænsfə:'ri:",(pháp lý) người được nhượng,,
phenotype,,(sinh vật học) phenotip; kiểu hình,kiểu ngoại cảnh/ hiện tượng,
shrewd,ʃru:d,"khôn, khôn ngoan; sắc, sắc sảo","đau đớn, nhức nhối","buốt, thấu xương (rét)"
forearm,'fɔ:rɑ:m,(giải phẫu) cẳng tay[fɔ:r'ɑ:m],"chuẩn bị vũ khí trước, trang bị trước; chuẩn bị trước (để sãn sàng chiến đấu...)",biết trước là sãn sàng trước
frail,freil,dễ vỡ; mỏng mảnh,"yếu đuối, ẻo lả","nhu nhược, bạc nhược, dễ bị cám dỗ"
dripping,'dripiɳ,"sự chảy nhỏ giọt, sự để chảy nhỏ giọt",mỡ thịt quay,(số nhiều) nước chảy nhỏ giọt; dầu chảy nhỏ giọt
aerobic,,"đói không khí, thiếu không khí",(thuộc)thể dục nhịp điệu,
microbial,mai'kroubiəl,"(thuộc) vi trùng, (thuộc) vi khuẩn",,
timid,'timid,"rụt rè, nhút nhát, bẽn lẽn, e lệ",,
terminus,'tə:minəs,ga cuối cùng; bến cuối cùng,"(từ hiếm,nghĩa hiếm) mục đích cuối cùng; điểm cuối cùng",
erratic,i'rætik,"thất thường, được chăng hay chớ, bạ đâu hay đấy","(y học) chạy, di chuyển (chỗ đau)","(từ hiếm,nghĩa hiếm) lang thang"
synopsis,si'nɔpis,"bảng tóm tắt, bảng toát yếu",,
hydrology,hai'drɔlədʤi,thuỷ học,,
antecedent,",ænti'si:dənt","vật ở trước, vật ở trước, vật đứng trước",(văn học) tiền đề,(toán học) số hạng đứng trước (của một tỷ số)
aforementioned,"ə'fɔ:,menʃnd","đã kể ở trên, đã nói trên, đã kể trước đây",,
freeway,,như motorway,,
infrequent,in'fri:kwənt,"ít xảy ra, hiếm khi xảy ra, không thường xuyên",,
microstructure,,"tổ chức tế vi, cấu tạo vi lượng",cấu trúc vi mô,
intolerance,in'tɔlərəns,"tính không dung thứ, tính không khoan dung; sự không dung thứ, sự không khoan dung (nhất là về tôn giáo)",tính không chịu được (một thứ thuốc nào đó...),
intelligently,,"sáng dạ, thông minh",,
semitic,si'mitik,(thuộc) Xê-mít,hệ ngôn ngữ Xê-mít,
impede,im'pi:d,"làm trở ngại, ngăn cản, cản trở",,
tee,ti:,chữ T,vật hình T,"(thể dục,thể thao) điểm phát bóng (chơi gôn)"
vanadium,və'neidjəm,(hoá học) vanađi,,
peruvian,pə'ru:vjən,(thuộc) Pê-ru,vỏ canh-ki-na,người Pê-ru
disqualification,"dis,kwɔlifi'keiʃn",sự làm cho không đủ tư cách; điều làm cho không đủ tư cách,sự tuyên bố không đủ tư cách,"sự loại ra không cho thi, sự truất quyền dự thi"
steroid,,"<hóa> xteoit (một trong số các hợp chất hữu cơ được sinh ra tự nhiên trong cơ thể, bao gồm những hoocmon và vitamin nào đó)",,
professed,professed,"công khai, không che giấu","tự xưng, tự nhận",(tôn giáo) đã phát nguyện
insecticide,in'sektisaid,thuốc trừ sâu,,
filthy,'filθi,"bẩn thỉu, dơ dáy","tục tĩu, thô tục, ô trọc",
glossy,'glɔsi,"bóng loáng, hào nhoáng, bề ngoài",,
intracellular,",intrə'seljulə","(giải phẫu) trong tế bào, nội bào",,
constipation,",kɔnstə:'neiʃn",(y học) chứng táo bón,,
deterrence,di'terəns,"sự ngăn cản, sự ngăn chặn, sự cản trở","sự làm nản lòng, sự làm nhụt chí, sự làm thoái chí",
embankment,em'bæɳkmənt,đê; đường đắp cao (cho xe lửa...),,
stray,strei,"lạc, bị lạc","rải rác, lác đác, tản mạn","súc vật bị lạc; ngươi bị lạc, trẻ bị lạc"
slater,'sleitə,thợ lợp ngói acđoa,,
portrayal,pɔ:'treiəl,sự vẽ chân dung; bức chân dung,sự miêu tả,
subversive,sʌb'və:siv,có tính chất lật đổ; có tính chất phá vỡ,,
illustrious,i'lʌstreiəs,"có tiếng, nổi tiếng","lừng lẫy, rạng rỡ, vinh quang",
covert,'kʌvət,"che đậy, giấu giếm, vụng trộm","hang ổ (của muông thú); bụi rậm, lùm cây (nơi ẩn náo của muông thú)","(từ Mỹ,nghĩa Mỹ) vải may áo choàng"
cleanliness,,"tính sạch sẽ, tình trạng sạch sẽ",,
frantic,'fræɳtik,"điên cuồng, điên rồ",,
ethnographic,",eθnou'græfik",(thuộc) dân tộc học,,
fungal,'fʌɳgəl,(thuộc) nấm,,
fathoms,'fæðəm,"sải (đơn vị đo chiều sâu, bàng 1, 82 m)",đo chiều sâu (của nước) bằng sải,"(nghĩa bóng) tìm hiểu, thăm dò"
remotely,,(trong các câu phủ định) ở mức rất nhỏ; rất mơ hồ; rất xa,,
excision,ek'siʤn,"sự cắt, sự cắt xén (đoạn sách...)","(sinh vật học); (y học) sự cắt bớt, sự cắt lọc",
attic,'ætik,(thuộc) thành A-ten,"sắc sảo, ý nhị",tiếng A-ten
gymnasium,dʤim'neizjəm,"(thể dục,thể thao) phòng tập thể dục",trường trung học (ở Đức),
deterministic,,xem determinism,,
blond,blɔnd,vàng hoe,,
childbirth,'tʃaildbə:θ,sự sinh đẻ,,
plenary,'pli:nəri,"đầy đủ, nguyên vẹn, hoàn toàn (không hạn chế)",toàn thể,
converge,kən'və:dʤ,(toán học); (vật lý) hội tụ (tia sáng); đồng quy,"cùng kéo về, cùng đổ về (một nơi)",
scalar,'skeilə,(toán học) vô hướng,,
segregated,,"được tách ra, bị cô lập",,
etching,'etʃiɳ,sự khắc axit; thuật khắc axit,bản khắc axit,
modesty,'mɔdisti,"tính khiêm tốn, tính nhún nhường, tính nhũn nhặn","tính thuỳ mị, tính nhu mì, tính e lệ","tính vừa phải, tính phải chăng, tính bình thường, tính giản dị"
anisotropy,",ænai'sɔtrəpi",(vật lý) tính không đẳng hướng,,
convoy,'kɔnvɔi,"sự hộ tống, sự hộ vệ","đoàn hộ tống, đoàn hộ vệ; đoàn được hộ tống","hộ tống, hộ vệ"
biennial,bai'eniəl,lâu hai năm,hai năm một lần,cây hai năm
appropriateness,ə'proupriitnis,"sự thích hợp, sự thích đáng",,
militant,'militənt,chiến đấu,"người chiến đấu, chiến sĩ",
hum,hʌm,(từ lóng) (như) humbug,"tiếng vo ve, tiếng o o (sâu bọ...); tiếng kêu rền (máy)","tiếng ầm ừ, lời nói ậm à ậm ừ, lời nói ấp úng"
annihilation,"ə,naiə'leiʃn","sự tiêu diệt, sự tiêu huỷ, sự huỷ diệt, sự thủ tiêu","(thần thoại,thần học) sự huỷ diệt (về linh hồn và thể xác)",
parametric,",pærə'metrik","(toán học) (thuộc) thông số, (thuộc) tham số, (thuộc) tham biến",,
caterpillar,'kætəpilə,sâu bướm,(kỹ thuật) dây xích; xe dây xích,(nghĩa bóng) người tham tàn; quân hút máu hút mủ
hereunder,hiər'ʌndə,dưới đây,,
rearrangement,'ri:ə'reindʤmənt,"sự sắp xếp lại, sự bố trí lại, sự sắp đặt lại",,
sideways,'saidweiz,"qua một bên, về một bên",,
fallacy,'fæləsi,ảo tưởng; sự sai lầm; ý kiến sai lầm,nguỵ biện; thuyết nguỵ biện,"tính chất dối trá, tính chất lừa dối, tính chất trá nguỵ"
cynical,'sinik,(Cynic) (triết học) nhà khuyến nho,"người hoài nghi, người yếm thế","người hay chỉ trích cay độc; người hay nhạo báng, người hay giễu cợt"
discontinuity,"'dis,kɔnti'nju:iti","tính không liên tục, tính gián đoạn",(vật lý); (toán học) điểm gián đoạn,
argentine,'ɑ:dʤəntain,(thuộc) bạc; bằng bạc,"chất giống bạc, kim loại mạ bạc",(động vật học) cá quế bạc
hew,hju:,"chặt, đốn, đẽo; bổ",,
narration,næ'reiʃn,"sự kể chuyện, sự tường thuật, sự thuật lại","chuyện kể, bài tường thuật",
fro,frou,to and fro đi đi lại lại,,
elliptical,i'liptikəl,(toán học) (như) elliptic,(ngôn ngữ học) tĩnh lược,
monastic,mə'næstik,(thuộc) tu viện,(thuộc) phong thái thầy tu,
evade,i'veid,"tránh, tránh khỏi (sự tấn công, sự lùng bắt, âm mưu, đòn, địch, vật chướng ngại...)","lảng tránh, lẩn tránh (nhiệm vụ, câu hỏi...); lẩn trốn (pháp luật, thuế má...)",vượt quá (sự hiểu biết...)
revolver,ri'vɔlvə,súng lục ổ quay,(kỹ thuật) tang quay,chính sách đe doạ đánh thuế nhập nặng (để trả đũa một nước nào)
logarithmic,",lɔgə'riθmik",(thuộc) loga,,
maneuver,mə'nu:və,"(từ Mỹ,nghĩa Mỹ) (như) manoeuvre",,
whitish,'waiti,hi trắng,,
lubricant,'lu:brikənt,"chất bôi trơn, dầu nhờn",,
savior,'seivjə,"(từ Mỹ,nghĩa Mỹ) (như) saviour",,
expend,iks'pend,"tiêu, tiêu dùng (tiền...)","dùng hết, dùng cạn",
extrinsic,eks'trinsik,"nằm ở ngoài, ngoài","tác động từ ngoài vào, ngoại lai","không (phải) bản chất, không cố hữu"
retrospective,",retrou'spektiv","hồi tưởng quá khứ, nhìn lại dĩ vãng",(pháp lý) có hiệu lực trở về trước (đạo luật),"ngó lại sau, nhìn lại sau (cái nhìn)"
underway,,đang trên đường đi; đang vận động,đang thực hiện,
ineligible,in'elidʤəbl,"không đủ tư cách, không đủ tiêu chuẩn; không đủ khả năng; không đạt tiêu chuẩn tòng quân","người không đủ tư cách, người không đủ tiêu chuẩn; người không đủ khả năng",
obstetrics,ɔb'stetriks,(y học) khoa sản,,
osmotic,ɔz'mɔtik,"(vật lý),  (sinh vật học); (hoá học) thấm lọc",,
tuberculous,tju:'bə:kjuləs,mắc bệnh lao; có tính chất lao,,
hearsay,'hiəsei,"tin đồn, lời đồn","dựa vào tin đồn, do nghe đồn",
emblem,'embləm,"cái tượng trưng, cái biểu tượng",người điển hình,hình vẽ trên huy hiệu
narcotic,nɑ:'kɔtik,làm mơ mơ màng màng,(thuộc) thuốc mê; gây mê,(thuộc) thuốc ngủ; gây ngủ
resilient,ri'ziliənt,"bật nảy; co giân, đàn hồi","sôi nổi; không hay chán nản, không hay nản lòng",có khả năng phục hồi nhanh sức mạnh (thể chất hoặc tinh thần); có sức bật
inelastic,",ini'læstik","không co dân, không đàn hồi","không mềm dẻo, khó thích nghi",(kinh tế) phản ứng chậm đối với những sự thay đổi (thị trường...)
throttle,'θrɔtl,"hầu, họng","(kỹ thuật) van tiết lưu, van bướm ((cũng) throttle-valve)",mở hết ga (ô tô)
ere,eə,"(từ cổ,nghĩa cổ),  (thơ ca) trước","(từ cổ,nghĩa cổ),  (thơ ca) trước khi",
adultery,ə'dʌltəri,"tội ngoại tình, tội thông dâm",,
takeover,,(Econ) Thu mua.,,
decomposed,,phân hủy; tách rời,,
prep,prep,"(ngôn ngữ nhà trường),  (từ lóng) sự soạn bài; bài soạn",trường dự bị,
forefront,'fɔ:frʌnt,hàng đầu ((nghĩa đen) & (nghĩa bóng)),mặt trước (nhà),
crucible,'kru:sibl,nồi nấu kim loại,"(nghĩa bóng) cuộc thử thách gắt gao, lò thử thách",
equatorial,",ekwə'tɔ:riəl",(thuộc) xích đạo; gần xích đạo,(vật lý) kính xích đạo,
appalling,ə'pɔ:liɳ,"làm kinh hoảng, làm kinh sợ, làm kinh hãi, làm thất kinh; kinh khủng",,
torsion,'tɔ:ʃn,"sự xe, sự vặn, sự xoắn",,
assortment,ə'sɔ:tmənt,"sự phân hạng, sự phân loại, sự sắp xếp thành loại",mặt hàng sắp xếp thành loại,sự làm cho hợp nhau
caustic,'kɔ:stik,(hoá học) ăn da (chất hoá học),"châm chọc, châm biếm; cay độc, chua cay",(toán học) tụ quang
hysteria,his'tiəriə,(y học) chứng ictêri,"sự quá kích động, sự cuồng loạn",
syringe,'sirindʤ,ống tiêm,"vòi phụt nước (chữa cháy, tưới vườn...); bình bơm (nước hoa...)",tiêm (thuốc)
pouch,pautʃ,túi nhỏ,(quân sự) túi đạn (bằng da),(động vật học) túi (thú có túi)
squirrel,'skwirəl,(động vật học) con sóc,,
convict,'kɔnvikt,"người bị kết án tù, người tù","kết án, tuyên bố có tội","làm cho nhận thức thấy (sai lầm, tội tù...)"
electrochemical,,(thuộc) điện hoá học,,
intrusive,in'tru:siv,"ấn bừa, tống bừa, đưa bừa, vào bừa","xâm phạm, xâm nhập",bắt người khác phải chịu đựng mình
glycogen,'glikoudʤen,(hoá học) Glucogen,,
igneous,'igniəs,(thuộc) lửa; có tính chất lửa; có lửa,do lửa tạo thành,
coroner,'kɔrənə,(pháp lý) nhân viên điều tra những vụ chết bất thường (tai nạn),,
slum,slʌm,phần không nhờn (của dầu sống),cặn (dầu nhờn),khu nhà ổ chuột
raft,rɑ:ft,"(từ Mỹ,nghĩa Mỹ),  (thông tục) số lượng lớn",đám đông,(từ lóng) tình trạng có nhiều vợ
volumetric,",vɔlju'metrik",(thuộc) thể tích,để đo thể tích,
benchmark,,"(Tech) tiêu chuẩn, cơ chuẩn; điểm chuẩn, điểm mốc; kiểm chuẩn",,
coronation,",kɔrə'neiʃn",lễ lên ngôi; lễ đăng quang; lễ đội mũ lên đầu,,
peasantry,'pezəntri,giai cấp nông dân,,
perpetuate,pə'petjueit,"làm thành vĩnh viễn, làm cho bất diệt, làm sống mãi, làm tồn tại mãi mãi",ghi nhớ mãi,
quadrant,'kwɔdrənt,(toán học) góc phần tư; cung phần tư,,
insensitive,in'sensitiv,không có cảm giác; không nhạy cảm,,
infamous,'infəməs,"ô nhục, bỉ ổi",(pháp lý) bị tước quyền công dân,
alluvial,ə'lu:vjəl,"(thuộc) bồi tích, (thuộc) đất bồi, (thuộc) phù sa","đất phù sa, đất bồi",
disagreeable,",disə'griəbl","khó chịu, không vừa ý","khó chịu, gắt gỏng, cau có (người)",
devaluation,",di:vælju'eiʃn","sự làm mất giá, sự phá giá; sự mất giá (tiền tệ)",,
armament,'ɑ:məmənt,sự vũ trang,lực lượng vũ trang,"vũ khí; quân trang; súng lớn, pháo (trên tàu chiến)"
inverted,,bị nghịch đảo,,
proctor,proctor,"giám thị (ở trường đại học Căm-brít,  Ôc-phớt)","(từ Mỹ,nghĩa Mỹ) người coi thi",uỷ viên kiểm sát (ở toà án Anh)
rectal,'rektəl,(giải phẫu) (thuộc) ruột thẳng,,
unsaturated,,chưa bão hoà,<hóa> không bão hoà (nhất là hợp chất hữu cơ),
psycho,'saikou,(thông tục) bị bệnh tinh thần,(thông tục) người bị bệnh tinh thần,
discontinuous,'diskən'tinjuəs,"không liên tục, gián đoạn",,
vantage,'vɑ:ntidʤ,"sự thuận lợi, sự hơn thế","(thể dục,thể thao) phần thắng",
lactic,'læktik,(hoá học) Lactic,,
dismal,'dizməl,"buồn thảm, tối tăm, ảm đạm","buồn nản, u sầu, phiền muộn",(xem) science
shunt,ʃʌnt,"sự chuyển, sự tránh",chỗ bẻ ghi sang đường xép,(điện học) Sun
femoral,'femərəl,(giải phẫu) (thuộc) đùi,,
thereupon,'ðeərə'pɔn,"vậy thì, do đó, bởi vậy",ngay sau đó,
vacate,və'keit,"bỏ trống, bỏ không","bỏ, thôi, xin thôi",(pháp lý) huỷ bỏ (hợp đồng...)
summon,'sʌmən,"gọi đến, mời đến, triệu đến; triệu tập (cuộc họp)",kêu gọi (một thành phố...) đầu hàng,tập trung
brisk,brisk,"nhanh, nhanh nhẩu, nhanh nhẹn; lanh lợi","hoạt động, phát đạt",nổi bọt lóng lánh (rượu sâm banh); sủi bọt (bia)
extradition,",ekstrə'diʃn","sự trao trả (người phạm tội cho một nước khác, cho một nhà cầm quyền khác)",sự làm cho (người phạm tội) được trao trả,sự định cách tâm (cảm giác)
histological,",histə'lɔdʤikəl","(sinh vật học) (thuộc) mô học, (thuộc) khoa nghiên cứu mô",,
adjunct,'ædʤʌɳkt,"điều thêm vào, cái phụ vào; vật phụ thuộc","người phụ việc, phụ tá",(ngôn ngữ học) định ngữ; bổ ngữ
waveform,,(điều khiển học) dạng sóng (của tín hiệu ),,
tem,,mười,,
subsidence,səb'saidəns,sự rút xuống (nước lụt...),sự lún xuống,"sự ngớt, sự giảm, sự bớt, sự nguôi đi, sự lắng đi"
constellation,",kɔnstə'leiʃn",chòm sao,,
ottoman,'ɔtəmən,ghế dài có đệm,,
menstrual,'menstruəl,(thuộc) kinh nguyệt,(thiên văn học) hàng tháng,
frivolous,'frivələs,"phù phiếm, nhẹ dạ, bông lông","không đáng kể, nhỏ mọn; vô tích sự",
haze,heiz,"mù, sương mù, khói mù, bụi mù","sự mơ hồ, sự lờ mờ","sự hoang mang, sự rối rắm (trong đầu óc)"
peacetime,,thời bình,,
removable,ri'mu:vəbl,"có thể mở được; có thể dời đi được, có thể chuyển đi được",có thể bị cách chức bất kỳ lúc nào (viên chức),
estimator,'estimetiə,người đánh giá; người ước lượng,,
puberty,'pju:bəti,tuổi dậy thì,,
inefficiency,",ini'fiʃənsi","sự thiếu khả năng, sự không có khả năng, sự bất tài (người); điều chứng tỏ thiếu khả năng; điều chứng tỏ không có khả năng",sự không có hiệu quả,
flexion,flexion,sự uốn,chỗ uốn,(ngôn ngữ học) biến tố
immunology,",imju:'nɔlədʤi","(y học) môn nghiên cứu miễn dịch, miễn dịch học",,
pertain,pə:'tein,"thuộc về, gắn liền với, đi đôi với",thích hợp với,"nói đến, có liên quan đến"
extrusion,eks'tru:ʤn,"sự đẩy ra, sự ấn ra, sự ẩy ra",,
ominous,'ɔminəs,"báo điềm (xấu, tốt)","gở, báo điềm xấu; xấu, đáng ngại",
intel,,Tên hãng sản xuất linmh kiện điện tử Mỹ,,
depiction,",di'pikʃn","thuật vẽ, hoạ","sự tả, sự miêu tả",
vampire,'væmpaiə,"ma hút máu, ma cà rồng","(nghĩa bóng) kẻ hút máu, kẻ bóc lột",(động vật học) dơi quỷ ((cũng) vampire bat)
unqualified,' n'kw lifaid,"không đủ tiêu chuẩn, không đủ trình độ","hoàn toàn, mọi mặt (lời khen chê, sự ưng thuận...)",
lumbar,,(thuộc) thắt lưng; ngang lưng,,
plow,plau,cái cày,đất đã cày,(điện học) cần (tàu điện...)
inadmissible,",inəd'misəbl","không thể nhận, không thể chấp nhận, không thể thừa nhận","không thể thu nạp (vào chức vụ gì...), không thể kết nạp, không thể nhận vào",
calamity,kə'læmiti,"tai hoạ, tai ương; thiên tai",anh chàng bi quan yếm thế luôn luôn kêu khổ,
quotient,'kwouʃənt,(toán học) số thương,,
hormonal,,thuộc hoặc do hooc môn gây ra,,
sequel,'si:kwəl,"sự tiếp tục; đoạn tiếp, cuốn tiếp theo (tiểu thuyết...)","hậu quả, ảnh hưởng","kết quả; kết luận, sự suy diễn lôgic"
commodore,'kɔmədɔ:,thiếu tướng hải quân,hội trưởng câu lạc bộ thuyền đua,vị thuyền trưởng kỳ cựu nhất (của một đội thuyền buôn); thuyền vị thuyền trưởng kỳ cựu nhất (của một đội thuyền buôn)
judicious,dʤu:'diʃəl,"sáng suốt, có suy xét; đúng đắn, chí lý",khôn ngoan; thận trọng,
quaint,kweint,có vẻ cổ cổ là lạ; nhìn hay hay là lạ,kỳ quặc,"(từ cổ,nghĩa cổ) có duyên, xinh đẹp"
prolific,prolific,"sinh sản nhiều, sản xuất nhiều, đẻ nhiều; mắn (đẻ), sai (quả)",đầy phong phú,
arrogance,'ærəgəns,"tính kiêu ngạo, tính kiêu căng; vẻ ngạo mạn",,
palpable,'pælpəbl,sờ mó được,"rõ ràng, chắc chắn (như sờ thấy được)",
heterosexual,,thích giao hợp với người khác giới,,
shipyard,'ʃipjɑ:d,xưởng đóng tàu,,
especial,is'peʃəl,"đặc biệt, xuất sắc",riêng biệt,
peritoneal,",peritə'ni:əl",(giải phẫu) (thuộc) màng bụng,,
cystic,'sistik,"(thuộc) túi bao, (thuộc) nang, (thuộc) bào xác","(y học) (thuộc) nang, (thuộc) u nang",
perjury,'pə:dʤəri,sự thề ẩu; lời thề ẩu,sự khai man trước toà; lời khai man trước toà,sự phản bội lời thề
rudimentary,",ru:di'məntl","sơ bộ, sơ đẳng, bước đầu, mới phôi thai",(sinh vật học) thô sơ,
meningitis,",menin'dʤaitis",(y học) viêm màng não,,
aquaculture,,như aquiculture,,
heresy,'herəsi,dị giáo,,
foresight,'fɔ:sait,"sự thấy trước, sự nhìn xa thấy trước; sự lo xa",đầu ruồi (súng),
zenith,'zeniθ,(thiên văn học) thiên đỉnh,"(nghĩa bóng) điểm cao nhất, cực điểm, tột đỉnh",
aerodynamic,'eəroudai'næmik,khí động lực,,
anytime,,bất cứ lúc nào,,
metamorphic,",metə'mɔ:fik","(địa lý,ddịa chất) biến chất (đá)","biến thành, biến hoá",
fragmentary,'frægməntəri,"gồm những mảnh nhỏ, rời từng mảnh, rời từng đoạn","chắp vá, rời rạc",
constitutive,'kɔnstitju:tiv,"cấu thành, lập thành, thành lập tổ chức",cơ bản chủ yếu,
distributive,dis'tribjutiv,"phân bổ, phân phối, phân phát",(ngôn ngữ học) phân biệt,
pornography,pɔ:'nɔgrəfi,văn khiêu dâm; sách báo khiêu dâm,,
dichotomy,di'kɔtəmi,"sự phân đôi, sự rẽ đôi",tuần trăng nửa vành,
emeritus,i:'meritəs,danh dự,,
meager,'mi:gə,"gầy còm, gầy gò, khẳng khiu, hom hem","nghèo, xoàng, sơ sài, đạm bạc",
picket,'pikit,"cọc (rào, buộc ngựa...)","(quân sự) đội quân cảnh ((cũng) picquet,  piquet)",((thường) số nhiều) những người đứng gác (không cho ai vào làm trong cuộc bãi công)
biologically,,về mặt sinh học,,
kindred,'kindrid,"bà con anh em, họ hàng thân thích",quan hệ họ hàng,(nghĩa bóng) sự giống nhau về tính tình
primacy,,"địa vị thứ nhất, địa vị đứng đầu; tính ưu việt, tính hơn hẳn",chức giáo trưởng; chức tổng giám mục,
poised,,"(+in, on, above) ở trạng thái thăng bằng, yên tựnh","(+in, on, above) ở tư thế sẵn sàng","điềm đạm; tự chủ một cách bình tựnh, rất đựnh đạc (người)"
delusion,di'lu:ʤn,"sự đánh lừa, sự lừa dối, sự lừa bịp, sự lừa gạt; sự bị lừa; sự bị lừa gạt",ảo tưởng,(y học) ảo giác
stratified,,được phân tầng,,
psychosis,sai'kousis,(y học) chứng loạn tinh thần,,
insider,'in'saidə,người ở trong,người của nội bộ (một hội...); người nắm được tình hình nội bộ (một tổ chức...),người trong cuộc
dilatation,",dailei'teiʃn","sự giãn, sự nở","chỗ giãn, chỗ nở",
antagonistic,"æn,tægə'nistik","trái ngược, nghịch; đối lập, đối kháng, tương phản",,
bookkeeping,,(Tech) kế toán; nội dịch (vận hành tiên khởi),,
bullock,'bulək,bò thiến,,
circulate,'sə:kjuleit,"lưu hành, truyền, truyền bá","lưu thông, luân chuyển, tuần hoàn",lưu hành (tiền)
hypotension,",haipou'tenʃn",(y học) chứng giảm huyết áp,,
arduous,'ɑ:djuəs,"khó khăn, gian khổ, gay go","hết sức mình, miệt mài, gắng gỏi",dốc khó trèo
iterative,'itərətiv,"nhắc lại, lắp lại, nhắc đi nhắc lại, lặp đi lặp lại",(ngôn ngữ học) lặp,
severally,'sevrəli,"riêng biệt, khác nhau, khác biệt","riêng của từng phần, riêng của từng người",
spurious,'spjuəriəs,"giả, giả mạo",,
sparsely,,"thưa thớt, rải rác, lơ thơ; rải mỏng ra",,
slippery,'slipəri,trơ,"dễ tuột, khó nắm, khó giữ (vấn đề, người...)","khó xử, tế nhị (vấn đề)"
bronchial,'brɔɳkjəl,(thuộc) cuống phổi,,
conceivably,,"có thể tin được, có thể hình dung được",,
tactic,,"cách; chước; thủ đoạn, mưu kế, mẹo (phương tiện để thực hiện cái gì)",,
hysterical,his'terikəl,(y học) (thuộc) ictêri; mắc ictêri,"quá kích động, cuồng loạn",
facet,'fæsit,mặt (kim cương...),mặt khía cạnh (vấn đề...),
nominate,'nɔmineit,"chỉ định, chọn, bổ nhiệm","giới thiệu, cử","(từ Mỹ,nghĩa Mỹ) hội nghị đề cử người ra tranh ghế tổng thống"
relentless,ri'hentlis,"tàn nhẫn, không thương xót","không hề yếu đi, không nao núng",
phonetic,fou'netik,(thuộc) ngữ âm,(thuộc) ngữ âm học,
sensual,'sensjuəl,"(thuộc) xác thịt, (thuộc) nhục dục","ham nhục dục, ham khoái lạc, dâm dục",(triết học) theo thuyết duy cảm
pruning,,"sự tỉa, sự xén bớt; sự chặt bớt","sự cắt bớt, sự lược bớt",
hostess,'houstis,bà chủ nhà,bà chủ tiệc,"bà chủ khách sạn, bà chủ quán trọ"
resettlement,,sự tái định cư (nhất là người tị nạn),sự làm cho (một nước ) lại có người đến sống,
utilitarian,",ju:tili'te ri n",vị lợi,người theo thuyết vị lợi; người vị lợi,
ischemia,is'ki:miə,(y học) chứng thiếu máu cục bộ,,
physiologic,",fiziə'lɔdʤik",(thuộc) sinh lý học,,
hatchery,'hætʃəri,nơi ấp trứng (gà),nơi ương trứng (cá),
elliptic,i'liptik,(toán học) Eliptic,,
rheumatoid,'ru:mətɔid,(thuộc) bệnh thấp khớp; dạng thấp khớp,,
czech,tʃek,(thuộc) Séc,người Séc,tiếng Séc
hydration,hai'dreiʃn,(hoá học) sự Hyddrat hoá,,
sensational,sen'seiʃənl,"gây xúc động mạnh làm náo động dư luận, giật gân",,
pod,pɔd,vỏ (quả đậu),kén (tằm),vỏ bọc trứng châu chấu
counteract,",kauntə'rækt","chống lại, kháng cự lại","trung hoà, làm mất tác dụng",
suicidal,sjui'said,"tự tử, tự vẫn",,
sis,sis,"(thông tục) ((viết tắt) của sister) chị, em gái",,
locomotive,"'loukə,moutiv",đầu máy (xe lửa),di động,(đùa cợt) hay đi đây đi đó
phosphoric,fɔs'fɔrik,(hoá học) photphoric,,
surrogate,'sʌrəgit,(tôn giáo) người đại diện giám mục,thay thế cho (ai),
bulky,'bʌlki,"to lớn, đồ sộ; kềnh càng (của một vật gì); tầm vóc to lớn (người)",,
oncology,ɔn'kɔlədʤi,(y học) khoa ung thư,,
custodial,,thuộc về án phạt giam,,
mystic,'mistik,người thần bí,"thần bí, huyền bí",bí ẩn
zen,,"<phật> phái Zen, phái Thiền",,
alkali,'ælkəlai,(hoá học) chất kiềm,"(từ Mỹ,nghĩa Mỹ) đất muối","(thương nghiệp) xút bồ tạt, chất kiềm"
autobiographical,"'ɔ:tou,baiou'græfik","(thuộc) tự truyện, có tính chất tự truyện",,
vibrant,'vaibrənt,"rung, rung động",lúc lắc,"rung, run run"
boar,bɔ:,lợn đực,thịt lợn đực,
bullion,'buljən,"nén, thoi (vàng, bạc)",kim tuyến (để thêu),"bằng vàng nén, bằng bạc nén"
upside,' psaid,mặt trên; phần trên,,
cohesive,kou'hi:vis,"dính liền, cố kết",,
hypertrophy,hai'pə:trəfi,"(y học),  (sinh vật học) sự nở to",,
inducement,in'dju:smənt,sự xui khiến,điều xui khiến,nguyên nhân xui khiến; lý do xui khiến
emphatic,im'fætik,"nhấn mạnh, nhấn giọng",(ngôn ngữ học) mang trọng âm (âm tiết),"mạnh mẽ, dứt khoát (hành động)"
untrue,' n'tru:,"không đúng, sai, sai sự thật","không chân thành, gi dối",không trung thành (người)
paperback,,sách đóng trên bìa giấy mềm; sách bìa mềm,,
colliery,'kɔljəri,mỏ than,,
awaken,ə'weikən,"thức giấc, thức dậy; thức, không ngủ","awaken to nhận ra, nhận thức ra, thấy rõ",(như) awake ((thường) nghĩa bóng)
spectroscopic,,(thuộc) kính quang phổ; bằng phương tiện kính quang phổ,,
inquisition,",inkwi'ziʃn","sự điều tra, sự thẩm tra chính thức (của toà án...)",(sử học) (the Inquisition) toà án dị giáo,
optimize,'ɔptimaiz,lạc quan; theo chủ nghĩa lạc quan,"đánh giá một cách lạc quan, nhìn bằng con mắt lạc quan",
pleural,'pluərəl,(giải phẫu) (thuộc) màng phổi,,
mute,mju:t,"câm, thầm lặng, lặng thinh, ngầm, không nói được nên lời, im hơi lặng tiếng",(pháp lý) khăng khăng từ chối không chịu biện bạch,người câm
psychotic,sai'kɔtik,loạn tinh thần,,
prerogative,pri'rɔgətiv,đặc quyền,"có đặc quyền, được hưởng đặc quyền",
universality,",ju:nivə:'sæliti","tính chất chung, tính toàn thể, tính phổ thông, tính phổ biến",,
alimony,'æliməni,"sự nuôi cho ăn, sự nuôi dưỡng",sự cấp dưỡng,(pháp lý) tiền cấp dưỡng cho vợ (sau khi vợ chồng đã cách ly vì một lý do gì)
mobilize,'moubilaiz,"huy động, động viên",,
eocene,'i:ousi:n,"(địa lý,địa chất) thế eoxen",,
unambiguous,'ʌnæm'bigjuəs,"không mơ hồ, rõ ràng; không nhập nhằng nước đôi",,
abbreviation,"ə,bri:vi'eiʃn","sự tóm tắt, sự rút ngắn (cuộc đi thăm...)",bài tóm tắt,chữ viết tắt
dissipated,'disipeitid,"bị xua tan, bị tiêu tan",bị phung phí (tiền của),"bị tiêu mòn, bị uổng phí (nghị lực); tản mạn (sự chú ý...)"
draper,'dreipə,"người bán vải, người bán đồ vải",,
evoke,i'vouk,"gọi lên (hồn...), gợi lên (ký ức, tình cảm...)",(pháp lý) gọi ra toà trên,
bulgarian,bʌl'geəriən,(thuộc) Bun-ga-ri,người Bun-ga-ri,tiếng Bun-ga-ri
predominance,pri'dɔminəns,"ưu thế, thế trội",,
utopian,ju:'toupj,không tưởng,người theo chủ nghĩa không tưởng; người không tưởng,
probabilistic,,thuộc thuyết cái nhiên,theo xác suất,
filtrate,'filtrit,"phần lọc, phần nước lọc ra",(như) filter,
phonological,",founə'lɔdʤik",(ngôn ngữ học) (thuộc) âm vị học,,
phenomenology,"fi,nɔmi'nɔlədʤi",hiện tượng học,,
cockpit,'kɔkpit,"chỗ chọi gà, bãi chọi gà",trường chiến tranh (nơi hay diễn ra chiến tranh),(hàng không) buồng lái (của phi công)
amalgamation,"ə,mælgə'meiʃn",(hoá học) sự hỗn hồng hoá,"sự pha trộn, sự trộn lẫn, sự hỗn hợp; sự hợp nhất",
electrolytic,i'lektrou'litik,(thuộc) điện phân,,
gloss,glɔs,"nước bóng, nước láng",(nghĩa bóng) vẻ hào nhoáng bề ngoài; bề ngoài giả dối,"làm bóng, làm láng (vật gì)"
multicultural,,thuộc nhiều lãnh vực văn hoá khác nhau,,
topological,,(thuộc) hình học tôpô,,
renowned,ri'naund,"có tiếng, nổi tiếng, trứ danh",,
enjoin,in'dʤɔin,"khiến, bắt phải, ra lệnh, chỉ thị",(pháp lý) ra lệnh cấm,
scribe,skraib,"người viết, người biết viết",người sao chép bản thảo,(kinh thánh) người Do thái giữ công văn giấy tờ
overdue,'ouvə'dju:,quá chậm,quá hạn,
cadet,kə'det,con thứ (trong gia đình),"học viên trường sĩ quan (lục quân, không quân hoặc hải quân)",người đang học nghề
forgery,'fɔ:dʤəri,"sự giả mạo (chữ ký, giấy tờ...)",cái giả mạo; giấy tờ giả mạo; chữ ký giả mạo,
geophysics,",dʤi:ou'fiziks",khoa địa vật lý,,
monsoon,mɔn'su:n,gió mùa,mùa mưa,
deceit,di'si:t,"sự lừa dối, sự đánh lừa, sự lừa đảo, sự lừa gạt",bề ngoài giả dối,"mưu gian, mánh lới, mánh khoé gian dối"
percussion,pə:'kʌʃn,"sự đánh (trống, kẻng); sự gõ (mõ); sự chạm vào (của cò súng)",(y học) sự gõ (để chẩn đoán bệnh),
herpes,'hə:pi:z,"(y học) bệnh ecpet, bệnh mụn giộp",,
esophagus,i:'sɔfəgəs,(giải phẫu) thực quản,,
purposely,'pə:pəsli,"chủ định, chủ tâm",,
perceptible,pə'septəbl,"có thể nhận thức thấy, có thể cảm giác thấy",,
lavish,'læviʃ,"xài phí, lãng phí, hoang toàng","nhiều, quá nhiều","tiêu xài hoang phí, lãng phí"
transferor,træns'fə:rə,người nhượng lại,,
primates,prai'meiti:z,"(động vật học) bộ động vật có tay, bộ động vật linh trưởng",,
perforation,",pə:fə'reiʃn","sự khoan, sự xoi, sự khoét, sự đục lỗ, sự đục thủng, sự xuyên qua","hàng lỗ răng cưa, hàng lỗ châm kim (trên giấy, xung quanh con tem để dễ xé...)",
excite,ik'sait,"kích thích ((nghĩa đen) & (nghĩa bóng)), kích động",hãy bình tĩnh! đừng nóng mà!,
secession,si'seʃn,"sự ra khỏi (tổ chức), sự ly khai","cuộc chiến tranh ly khai (ở Mỹ (1861 1865), do sự ly khai của 11 bang miền Nam)",
lactation,,"sự sinh sữa, sự chảy sữa",sự cho bú,
polyester,,vải pôliexte (vải nhân tạo dùng để may quần áo),,
vibrational,vai'breiʃənl,rung động,"lúc lắc, chấn động",
ballistic,bə'listik,"(quân sự) (thuộc) đạn đạo học, (thuộc) khoa đường đạn",,
shotgun,,súng săn,,
ferric,'ferik,(thuộc) sắt; có sắt,"(hoá học) Ferric, (thuộc) sắt",
solute,,chất tan,,
bluish,'blu:iʃ,"hơi xanh, xanh xanh",,
diurnal,dai'ə:nl,ban ngày,"(thiên văn học) một ngày đêm (24 tiếng), suốt ngày đêm","(từ cổ,nghĩa cổ) hằng ngày"
enlist,in'list,tuyển (quân),"tranh thủ, giành được (cảm tình, sự cộng tác...)","tòng quân, đi làm nghĩa vụ quân sự"
obscene,ɔb'si:n,"tục tĩu, tà dâm, khiêu dâm","(từ cổ,nghĩa cổ) bẩn thỉu, ghê gớm",
cumbersome,'kʌmbəsəm,"ngổn ngang, cồng kềnh, làm vướng",nặng nề,
mundane,'mʌndein,"(thuộc) cõi trần, thế tục, trần tục",,
bacteriology,"bæk,tiəri'ɔlədʤi",khoa nghiên cứu vi khuẩn,,
inpatient,,người sống trong bệnh viện trong thời gian điều trị; bệnh nhân nội trú,,
herbicide,'hə:bisaid,thuốc diệt cỏ,,
dredge,dredʤ,lưới vét (bắt sò hến ở đáy sông),máy nạo vét lòng sông,"kéo lưới vét, đánh lưới vét (bắt sò...)"
blueprint,'blu:'ribən,"thiết kế, lên kế hoạch",,
gilt,gilt,lợn cái con,sự mạ vàng,"cạo bỏ nước sơn hào nhoáng, vứt bỏ những cái tô điểm bề ngoài"
quantification,",kwɔntifi'keiʃn",sự xác định số lượng (của cái gì),,
cirrhosis,si'rousis,(y học) bệnh xơ gan,,
vintage,'vintidʤ,sự hái nho; mùa hái nho; nho hái về,năm được mùa nho,miền sản xuất nho; rượu chế ở miền sản xuất nho
embark,em'bɑ:k,"cho lên tàu (lính, hàng...) ((từ Mỹ,nghĩa Mỹ) (cũng) imbark)",lên tàu,"(+ in,  upon) lao vào, dấn mình vào, bắt tay vào (công việc gì...) ((từ Mỹ,nghĩa Mỹ) (cũng) imbark)"
encryption,,(Tech) sự mật mã hóa,,
declaratory,di'klærətəri,(như) declarative,để giải thích,
enrolment,in'roulmənt,sự tuyển (quân...),"sự kết nạp, sự ghi tên cho vào (hội...)",(pháp lý) sự ghi vào (sổ sách toà án)
escalation,",eskə'leiʃn",sự leo thang (chiến tranh),bước leo thang (trong chiến tranh...),
cuisine,kwi':zi:n,cách nấu nướng,,
mechanization,",mekənai'zeiʃn",sự cơ khí hoá,(quân sự) sự cơ giới hoá,
salient,'seiljənt,hay nhảy,"phun ra, vọt ra (nước)","nhô ra, lồi ra"
ably,'eibli,"có khả năng, có tài, khéo léo, tài tình",,
superannuation,",sju:pə,rænju'eiʃn","sự cho về hưu, sự thải vì quá già, sự thải vì quá cũ",sự loại (một học sinh) vì không đạt tiêu chuẩn,"sự cũ kỹ, sự lạc hậu (tư tưởng)"
dexter,'dekstə,"phải, bên phải",,
intimidation,"in,timi'deiʃn","sự hăm doạ, sự đe doạ, sự doạ dẫm",,
payload,,"trọng tải trả tiền (khách hàng, hàng vận chuyển )",lượng chất nổ (đầu tên lửa),"trọng tải (thiết bị mang theo một vệ tinh, con tàu vũ trụ)"
nigh,nai,"(từ cổ,nghĩa cổ); thơ gần, ở gần",,
requisition,",rekwi'ziʃn",sự yêu cầu,tiêu chuẩn đòi hỏi,lệnh
whereabouts,'we r 'bauts,"ở đâu vậy, ở phía nào, ở ni nào","chỗ ở, ni ở (của người nào); ni có thể tìm thấy (cái gì)",
hypersensitivity,,<y> sự nhạy cảm với dược phẩm nào đó,"(tâm lý) sự quá dễ xúc cảm, sự đa cảm",
progesterone,,hoocmon giới tính duy trì thai,,
enzymatic,,xem enzyme,,
bleak,bli:k,"trống trải; lạnh lẽo, hoang vắng; ảm đạm",dãi gió,(động vật học) cá mương Âu
plat,plæt,"(từ cổ,nghĩa cổ) mảnh đất, miếng đất","(từ Mỹ,nghĩa Mỹ) sơ đồ, bản đồ (miếng đất, nhà, thành phố...)","(từ Mỹ,nghĩa Mỹ) vẽ sơ đồ, vẽ bản đồ (miếng đất, toà nhà, thành phố...)"
pathogen,,mầm bệnh; nguồn bệnh,,
mineralogy,",minə'rælədʤi",(khoáng chất) vật học,,
onward,'ɔnwəd,"về phía trước, tiến lên",,
glabrous,'gleibrəs,"không có râu, không có lông, nhãn",,
oat,out,(thực vật học) yến mạch,(thơ ca) sáo bằng cọng yến mạch,chơi bời tác tráng (lúc còn trẻ)
waterfowl,'wɔ:təfaul,"(động vật học) chim ở nước (mòng két, le le...)",,
servitude,'sə:vitjud,sự nô lệ; tình trạng nô lệ; sự quy phục,,
aeration,",eiə'reiʃn","sự làm thông, sự quạt gió","cho hơi vào, cho khí cacbonic vào",(y học) sự làm cho (máu) lấy oxy
predator,'predətə,"thú ăn mồi sống, thú ăn thịt",,
schooner,'sku:nə,thuyền hai buồm,"(từ Mỹ,nghĩa Mỹ),  (sử học) toa xe che bạt (của dân di cư) ((cũng) prairie-schooner)",(thông tục) cốc vại (uống bia)
holistic,,(triết học) thuộc chính thể luận,,
yolk,jouk,lòng đỏ trứng; (sinh vật học) noãn hoàng,mỡ lông cừu,
backdrop,,tấm màn vẽ căng sau sân khấu,cơ sở; nền tảng (một sự việc),
abound,ə'baund,"(+ in,  with) có rất nhiều, có thừa, nhan nhản, lúc nhúc, đầy dẫy",,
inflict,in'flikt,"nện, giáng (một đòn); gây ra (vết thương)","bắt phải chịu (sự trừng phạt, thuế, sự tổn thương...)",
holotype,,"(sinh học) mẫu gốc,  holotip",,
pathologic,",pæθə'lɔdʤik",(thuộc) bệnh học; (thuộc) bệnh lý,,
subspecies,"'sʌb,spi:ʃi:z",(sinh vật học) phân loài,,
radiotherapy,"'reidiou,θerə'pju:tiks","(y học) phép chữa bằng tia X, phép chữa rơngen",,
philosophic,",filə'sɔfik",(thuộc) triết học; theo triết học; hợp với triết học,giỏi triết học; dành cho việc nghiên cứu triết học,"bình thảnh, khôn ngoan, thông thái"
historiography,",histɔ:ri'ɔgrəfi",việc chép sử; thuật chép sử,,
diligently,,"siêng năng, cần cù, sốt sắng, mẫn cán",,
tempest,'tempist,"bão, dông tố","(nghĩa bóng) sự hỗn loạn, sự huyên náo","(từ Mỹ,nghĩa Mỹ) gây bão tố, làm náo động dữ dội"
typology,,loại hình học,"hệ thống các kiểu hình, hệ thống các loại hình",
mesh,meʃ,mắc lưới,(số nhiều) mạng lưới,"(số nhiều) cạm, bẫy"
humbly,,"nhún nhường, khiêm nhường",,
omnibus,'ɔmnibəs,xe ô tô hai tầng,xe buýt,(như) omnibus book
intrastate,",intrə'steit","(từ Mỹ,nghĩa Mỹ) trong bụng",,
yearning,'jə:niɳ,"(+ after,  for) sự mong mỏi, sự ao ước, sự khát khao, sự nóng lòng muốn làm (việc gì)","(+ to,  towards) sự thương mến; sự thương cảm, sự thương hại","khát khao, nóng lòng muốn làm (việc gì)"
detergent,di'tə:dʤənt,để làm sạch; để tẩy,(y học) thuốc làm sạch (vết thương...); thuốc tẩy,
cheaply,,"rẻ, rẻ tiền",,
aye,ei,luôn luôn; trong mọi trường hợp,,
ambivalence,'æmbi'veiləns,"sự vừa yêu, vừa ghét (cái gì); sự mâu thuẫn trong tư tưởng",,
adjourn,ə'dʤə:n,"hoãn, hoãn lại, để lại",ngừng (buổi họp...) để sau họp lại,ngừng họp chung để họp riêng (từng ban...)
neurotic,njuə'rɔtik,loạn thần kinh chức năng,dễ bị kích thích thần kinh,"tác động tới thần kinh, chữa bệnh thần kinh (thuốc)"
pharmacological,,(thuộc) dược lý,,
feces,'fi:si:z,"cặn, chất lắng",phân,
coexistence,'kouig'zistəns,"sự chung sống, sự cùng tồn tại",,
criminology,",krimi'nɔlədʤi","khoa tội phạm, tội phạm học",,
zirconium,zə:'kounjəm,(hoá học) ziriconi,,
acetylene,ə'setili:n,(hoá học) Axetylen,,
mia,,quân nhân bị mất tích trong chiến tranh (missing in action),,
waterworks,'wɔ:təwə:ks,hệ thống cung cấp nước,vòi phun nước (ở công viên...),(từ lóng) khóc
attrition,ə'triʃn,sự cọ mòn,"sự làm cho mệt mỏi, sự làm kiệt sức; sự tiêu hao","(thần thoại,thần học) sự sám hối, sự thống khổ vì tội lỗi"
infantile,'infəntail,(thuộc) trẻ con,còn trứng nước,ấu trĩ
underlie,'ʌndəlain,"nằm dưới, ở dưới","làm cơ sở cho, làm nền tảng cho (một học thuyết...)",
quay,ki:,"ke, bến (cảng)",,
tyrosine,,(sinh vật học) tiroxin,,
puncture,'pʌɳktʃə,"sự đâm, sự châm, sự chích; lỗ đâm, lỗ châm, lỗ chích, lỗ thủng",(điện học) sự đánh thủng,"đam thủng, châm thủng, chích thủng"
smuggling,,sự buôn lậu,,
scanty,'skænti,"ít, thiếu, không đủ","(từ Mỹ,nghĩa Mỹ) nhỏ, chật hẹp",
intrinsically,,"về bản chất, thực chất",,
seedling,'si:dliɳ,cây trồng từ hạt (đối với cây chiết hoặc ghép),cây con,
abrasion,ə'breiʤn,sự làm trầy (da); sự cọ xơ ra; chỗ bị trầy da,"(địa lý,địa chất),  (kỹ thuật) sự mài mòn",
echo,'ekou,"tiếng dội, tiếng vang",sự bắt chước mù quáng,người bắt chước mù quáng; người ủng hộ mù quáng
epistemology,,(triết học) nhận thức luận; sự nhận thức luận,,
inapplicable,",inə'pri:ʃəbl","không thể áp dụng được, không thể ứng dụng được","không xứng, không thích hợp",
creamery,'kri:mi,"xưởng sản xuất bơ, phó mát, kem","hiệu bán sữa bơ, kem",
reversion,ri'və:ʃn,"(pháp lý) quyền đòi lại, quyền thu hồi",quyền thừa kế; tài sản thuộc quyền thừa kế,sự trở lại (tình trạng cũ)
thorium,'θɔ:riəm,(hoá học) Thori,,
scholastic,skə'læstik,"(thuộc) nhà trường, (thuộc) giáo dục, (thuộc) nhà giáo; (thuộc) học thuật; (thuộc) sách vở",kinh viện,"lên mặt học giả; sách vở, giáo điều"
nostalgia,nɔs'tældʤiə,"nỗi nhớ nhà, lòng nhớ quê hương",nỗi luyến tiếc quá kh,
repatriation,'ri:pætri'eiʃn,"sự hồi hương, sự trở về nước",,
jeep,dʤi:p,xe jíp,,
provocation,provocation,"sự khích, sự xúi giục, sự khích động; điều xúi giục, điều khích động","sự khiêu khích, sự trêu chọc, sự chọc tức; điều khiêu khích, điều trêu chọc, điều chọc tức",
hoist,hɔist,sự kéo lên; sự nhấc bổng lên (bằng cần trục...),thang máy,(kỹ thuật) cần trục; tời)
prog,prog,"(từ lóng) thức ăn (đi đường, đi cắm trại...)","(từ lóng) giám thị (trường đại học Căm-brít,  Ôc-phớt) ((cũng) proggins)",(từ lóng) (như) proctorize
arable,'ærəbl,trồng trọt được (đất),đất trồng,
beware,bi'weə,"cẩn thận, chú ý; đề phòng",,
throughput,,số lượng vật liệu đưa vào một quá trình (nhất là cho một thời gian được nói rõ),,
antagonist,æn'tægənist,"địch thủ, người đối lập, người phản đối; vật đối kháng",(giải phẫu) cơ đối vận,
strategically,,"(thuộc) chiến lược; là bộ phận của một kế hoạch, mưu đồ",chiến lược; đem lại lợi thế cho một mục đích nào đó,"vũ khí chiến lược (về vũ khí, nhất là tên lửa hạt nhân)"
tachycardia,",tæki'kɑ:diə","(y học) chứng tim đập nhanh, chứng mạch nhanh",,
allegory,'æligəri,"phúng dụ, lời nói bóng",chuyện ngụ ngôn,biểu tượng
tabular,'tæbjulə,"xếp thành bảng, xếp thành cột","phẳng như bàn, phẳng như bảng","thành phiến, thành tấm mỏng"
obscurity,əb'skjuəriti,"sự tối tăm, sự mờ mịt","sự tối nghĩa, sự khó hiểu","sự không có tên tuổi, tình trạng ít người biết đến"
doctrinal,dɔk'trainl,"(thuộc) chủ nghĩa, (thuộc) học thuyết",,
diagnose,'daiəgnouz,(y học) chẩn đoán (bệnh),,
sacrificial,",sækri'fiʃəl",(thuộc) sự cúng thần; dùng để cúng tế,,
turbidity,tə:'biditi,tính chất đục,"(từ Mỹ,nghĩa Mỹ) tính chất dày, tính chất đặc","(nghĩa bóng) tính chất mập mờ, tính chất lộn xộn"
bonnet,'bɔnit,"mũ bê-rê (của người Ê-cốt); mũ phụ nữ, mũ trẻ em",nắp đậy (máy ô tô); ca-pô; nắp ống lò sưởi,(thông tục) cò mồi (để lừa bịp ai)
treacherous,'tretʃərəs,"phản bội, phụ bạc, bội bạc","không tin được, dối trá, xảo trá",
incarceration,"in,kɑ:sə'reiʃn","sự bỏ tù, sự tống giam","(nghĩa bóng) sự giam hãm, sự o bế",(y học) sự bị nghẹt (thoát vị)
lard,lɑ:d,mỡ lợn,nhét mỡ vào thịt để rán,"(nghĩa bóng) chêm vào, đệm vào (lời nói, văn viết)"
spore,spɔ:,(sinh vật học) bào tử,"(nghĩa bóng) mầm, mầm mống",
precedence,pri:'si:dəns,"quyền được trước, quyền đi trước, quyền đứng trước, quyền ở trước","địa vị cao hơn, địa vị trên",
poker,'poukə,"(đánh bài) Pôke, bài xì",que cời,giùi khắc nung
caliber,'kælibə,"(từ Mỹ,nghĩa Mỹ) (như) calibre",,
spawning,,"sự đẻ trứng (tôm, cá); thời gian đẻ trứng",,
sowing,'souiɳ,sự gieo hạt,,
isotopic,",aisou'tɔpik",(hoá học) đồng vị,,
nominally,'nɔminəli,trên danh nghĩa,,
voluminous,və'lju:minəs,"to, to tướng",gồm nhiều tập,"viết nhiều sách (nhà văn, tác giả)"
extrapolation,",ekstrəpə'leiʃn",(toán học) phép ngoại suy,,
artwork,,(Tech) nguyên cảo; nguyên đồ; đồ trang sức; đồ nghệ thuật,,
contra,'kɔntrə,"đối với, chống với, ngược lại, trái lại",,
veritable,'veritəbl,"thực, thực sự",,
manslaughter,"'mæn,slɔ:tə",tội giết người,(pháp lý) tội ngộ sát,
tangential,tæn'dʤenʃəl,tiếp tuyến,,
nautical,'nɔ:tikəl,(thuộc) biển; (thuộc) hàng hải,,
conqueror,,"người đi xâm chiếm, người đi chinh phục",người chiến thắng,
chromatin,'kroumətin,"(sinh vật học) chất nhiễm sắc,  crômatin",,
nipple,'nipl,"núm vú, đầu vú cao su (ở bầu sữa trẻ con)","núm (ở da, thuỷ tinh, kim loại...)",mô đất (trên núi)
rendezvous,'rɔndivu:,"chỗ hẹn, nơi hẹn gặp",(quân sự) nơi quy định gặp nhau theo kế hoạch,cuộc gặp gỡ hẹn hò
expedite,'ekspidait,xúc tiến,"thanh toán, giải quyết (công việc)",
consignee,",kɔnsai'ni:","người nhận, người nhận hàng gửi để bán",,
multivariate,,nhiều chiều,,
liturgical,li'tə:dʤikəl,(thuộc) nghi thức tế lễ,,
glazed,,"đờ đẫn, thẩn thờ",,
moderator,'mɔdəreitə,"người điều tiết, máy điều tiết","người hoà giải, người làm trung gian",giám khảo kỳ thi phần thứ nhất bằng tú tài văn chương (trường đại học Ôc-phớt)
repose,ri'pouz,"sự nghỉ ngơi, sự nghỉ",sự yên tĩnh,giấc ngủ
exude,/ɪɡˈzud/,rỉ,ứa,
headmistress,/ˈhɛdˌmɪstɹəs/,bà hiệu trưởng,,
mien,/ˈmin/,dáng điệu,phong cách,
timidity,/təˈmɪdəti/,tính rụt rè nhút nhát,tính bẽn lẽn e lệ,
unravel,/ənˈɹævəɫ/,tháo ra,gỡ mối (chỉ),
unpromising,/ənˈpɹɔmɪsɪŋ/,không hứa hẹn,,
teem,/ˈtim/,có nhiều,có dồi dào,đầy
indignant,/ˌɪnˈdɪɡnənt/,căm phẫn,phẫn nộ,công phẫn
indignantly,/ˌɪnˈdɪɡnəntˌɫi/,căm phẫn,phẫn nộ,
eccentricity,/ˌɛksənˈtɹɪsəti/,tính lập dị,tính kỳ cục,
locomotion,/ˌɫoʊkəˈmoʊʃən/,sự di động,sự vận động,
enthuse,/ɪnˈθuz/,tỏ ra hăng hái,đầy nhiệt tình,
belligerent,/bəˈɫɪdʒɝənt/,tham chiến,,
belligerence,/bəˈɫɪdʒɝəns/,tình trạng đang giao tranh,tình trạng đang tham chiến,
stoicism,/ˈstoʊəˌsɪzəm/,chủ nghĩa xtôic,,
recluse,/ɹɪˈkɫus/,sống ẩn dật,xa lánh xã hội*  danh từ,
reclusive,/ɹiˈkɫusɪv/,ẩn dật,trốn đời,
shamble,/ˈʃæmbəɫ/,đi kéo lê,đi lết,đi lóng ngóng
puritanical,/ˌpjʊɹəˈtænɪkəɫ/,đạo đức chủ nghĩa,,
disdainful,/dɪsˈdeɪnfəɫ/,có thái độ khinh thị,khinh người,khinh khỉnh
zoologist,/zoʊˈɑɫədʒəst/,nhà động vật học,,
encumber,/ɛnˈkəmbɝ/,làm lúng túng,làm trở ngại,làm vướng víu
hypothesize,/haɪˈpɑθəˌsaɪz/,giả thuyết rằng,cho rằng,
plumage,/ˈpɫumədʒ/,bộ lông (chim gà vịt),,
predilection,/ˌpɹɛdəˈɫɛkʃən/,+ for) lòng ưa riêng,sự thích riêng,ý thiên về (cái gì)
vindication,/vɪndəˈkeɪʃən/,sự chứng minh,sự bào chữa,
parable,/ˈpɛɹəbəɫ/,truyện ngụ ngôn,,
minster,/ˈmɪnstɝ/,nhà thờ (của một) tu viện,,
wrack,/ˈɹæk/,tảo varêch,,
ironic,/aɪˈɹɑnɪk/,mỉa,mỉa mai,châm biếm
callous,/ˈkæɫəs/,thành chai,có chai (ở tay,chân)
callously,/ˈkæɫəsɫi/,tàn nhẫn,nhẫn tâm,
derelict,/ˈdɛɹəˌɫɪkt/,bị bỏ rơi,không ai nhìn nhận,vô chủ
ferocity,/fɝˈɑsəti/,tính dữ tợn,tính hung ác,
equable,/ˈɛkwəbəɫ/,không thay đổi,đều,
denounce,/dɪˈnaʊns/,tố cáo,tố giác,vạch mặt
denunciation,/dɪˌnənsiˈeɪʃən/,sự tố cáo,sự tố giác,sự vạch mặt
substantiate,/səbˈstænʃiˌeɪt/,chứng minh,,
inscrutable,/ˌɪnsˈkɹutəbəɫ/,khó nhìn thấu được,,
stratosphere,/ˈstɹætəsˌfɪɹ/,tầng bình lưu,,
laudatory,/ˈɫɔdəˌtɔɹi/,tán dương,ca ngợi,khen
laud,/ˈɫɔd/,lời tán dương,lời ca ngợi,lời khen ngợi
glitz,/ˈɡɫɪts/,nét quyến rũ nhất thời,vẻ hào nhoáng giả tạo,
glitzy,/ˈɡɫɪtsi/,giả tạo,phù phiếm,
automate,/ˈɔtəˌmeɪt/,tự động hoá,,
apprehend,/ˌæpɹɪˈhɛnd/,bắt,tóm,nắm lấy
affectation,/ˌæfɛkˈteɪʃən/,sự điệu bộ,sự màu mè,sự không tự nhiên
stipulate,/ˈstɪpjəˌɫeɪt/,quy định,đặt điều kiện*  nội động từ,
allot,/əˈɫɑt/,chia phần,phân phối,định phần
blitz,/ˈbɫɪts/,chiến tranh chớp nhoáng,,
primeval,/pɹaɪˈmivəɫ/,nguyên thủy,thái cổ,nguyên sinh
tenacity,/təˈnæsɪti/,tính chất dai,tính chất bền,tính bám chặt
tenaciously,/təˈneɪʃəsɫi/,dai,không quên (trí nhớ),
capacious,/kəˈpeɪʃəs/,rộng,to lớn,có thể chứa được nhiều
spontaneity,/ˌspɑntəˈniəti/,tính tự động,tính tự ý,
abject,/ˈæbdʒɛkt/,hèn hạ,thấp hèn,đê tiện
sheaf,/ˈʃif/,bó,lượm,thếp
octogenarian,/ˌɑktədʒɪˈnɛɹiən/,thọ tám mươi tuổi*  danh từ,,
voracity,/vɝˈæsəti/,tính tham ăn,tính phàm ăn,
brandish,/ˈbɹændɪʃ/,khua,vung gươm...),
gauche,/ˈɡoʊʃ/,vụng về,,
domesticity,/ˌdoʊˌmɛsˈtɪsəti/,trạng thái thuần hoá (súc vật),,
blandishment,/ˈbɫændɪʃmənt/,sự xu nịnh,,
carbonize,/ˈkɑɹbəˌnaɪz/,đốt thành than,,
midwifery,/ˈmɪdˌwaɪfɝi/,khoa sản,thuật đỡ đẻ,
adornment,/əˈdɔɹnmənt/,sự tô điểm,sự trang trí,sự trang hoàng
malleable,/ˈmæɫiəbəɫ/,dễ dát mỏng,dễ uốn,
malleability,/ˌmæɫiəˈbɪɫəti/,tính dễ dát mỏng,tính dễ uốn,
gale,/ˈɡeɪɫ/,bão,,
promenade,/ˌpɹɑməˈneɪd/,cuộc đi dạo,cuộc đi chơi,
testimonial,/ˌtɛstəˈmoʊniəɫ/,giấy chứng nhận,giấy chứng thực,
distill,/dɪˈstɪɫ/,chảy nhỏ giọt,,
informant,/ˌɪnˈfɔɹmənt/,người cung cấp tin tức,,
overlay,/ˈoʊvɝˌɫeɪ/,vật phủ (lên vật khác),,
nostalgic,/nɔˈstæɫdʒɪk/,nhớ nhà,nhớ quê hương,
grievance,/ˈɡɹivəns/,lời trách,lời phàn nàn,lời kêu ca
proportionally,/pɹəˈpɔɹʃənəɫi/,cân xứng,cân đối,
ornate,/ɔɹˈneɪt/,trang trí công phu,trang sức lộng lẫy,
modernism,/ˈmɑdɝˌnɪzəm/,từ ngữ cận đại,,
presuppose,/ˌpɹisəˈpoʊz/,giả định trước,phỏng định trước,đoán chừng trước
presupposition,/ˌpɹisəpəˈzɪʃən/,sự giả định trước,sự phỏng định trước,sự đoán chừng trước
transmitter,/tɹænsˈmɪtɝ/,người truyền,vật truyền,
egalitarian,/ɪˌɡæɫəˈtɛɹiən/,người theo chủ nghĩa quân bình,,
hindsight,/ˈhaɪnˌsaɪt/,thước ngắm (ở súng),,
disperse,/dɪˈspɝs/,giải tán,phân tán,
outmoded,/ˌaʊtˈmoʊdɪd/,không phải mốt,không còn mốt nữa,cổ lỗ sĩ
insular,/ˈɪnsəɫɝ/,hòn đảo,có tính chất một hòn đảo,
antidote,/ˈænɪˌdoʊt/,thuốc giải độc,,
prostrate,/ˈpɹɑstɹeɪt/,nằm úp sấp,nằm sóng soài,
haphazard,/hæpˈhæzɝd/,sự may rủi,sự ngẫu nhiên,sự tình cờ
haphazardly,/ˈhæfəzɝdɫi/,bừa bãi,lung tung,
delicatessen,/ˌdɛɫɪkəˈtɛsən/,món ăn ngon (bán sẵn),,
posit,/ˈpɑzət/,thừa nhận,cho là đúng,
cocoon,/kəˈkun/,làm kén,,
chrysalis,/ˈkɹɪsəɫɪs/,con nhộng,,
ignominious,/ˌɪɡnəˈmɪniəs/,xấu xa,đê tiện,đáng khinh
euphoria,/juˈfɔɹiə/,trạng thái phởn phơ,,
euphoric,/juˈfɔɹɪk/,phởn phơ,,
relegate,/ˈɹɛɫəˌɡeɪt/,loại bỏ,bỏ xó,bỏ riêng ra
succumb,/səˈkəm/,thua,không chịu nổi,không chống nổi
treachery,/ˈtɹɛtʃɝi/,sự phản bội,sự phụ bạc,sự bội bạc
maggot,/ˈmæɡət/,con giòi (trong thịt thối,phó mát),
palate,/ˈpæɫət/,vòm miệng,,
palatable,/ˈpæɫətəbəɫ/,ngon,,
hermit,/ˈhɝmət/,nhà ẩn dật,,
irrelevancy,/ˌɪˈɹɛɫəvənsi/,tính không dính dáng,tính không thích hợp,
mariner,/ˈmɛɹənɝ/,thuỷ thủ,,
helm,/ˈhɛɫm/,(như) helmet,,
autopilot,/ˈɔtoʊˌpaɪɫət/,máy lái tự động,,
unsuspected,/ˌənsəˈspɛktɪd/,không bị nghi ngờ,không ngờ,
decentralize,/dɪˈsɛntɹəˌɫaɪz/,phân quyền (về địa phương),,
prolong,/pɹəˈɫɔŋ/,kéo dài,nối dài,gia hạn
pressurization,/ˌpɹɛʃɝɪˈzeɪʃən/,sự gây sức ép,sự gây áp lực,
hotelier,/hoʊˈtɛɫjɝ/,chủ khách sạn,,
profitability,/ˌpɹɑfɪtəˈbɪɫɪti/,sự có lợi,sự có ích,sự thuận lợi
jargon,/ˈdʒɑɹɡən/,tiếng nói khó hiểu,tiếng nói líu nhíu khó hiểu,
extracurricular,/ˌɛkstɹəkɝˈɪkjəɫɝ/,ngoại khoá,,
frolic,/ˈfɹɑɫɪk/,vui vẻ,vui nhộn,hay nô đùa*  danh từ
minefield,/ˈmaɪnˌfiɫd/,bãi mìn,,
anarchic,/æˈnɑɹkɪk/,vô chính phủ,,
brevity,/ˈbɹɛvəti/,tính khúc chiết,sự vắn tắt,sự ngắn gọn
uncanny,/ənˈkæni/,kỳ lạ,huyền bí,
tactically,/ˈtæktɪkəɫi/,chiến thuật,(thuộc) sách lược,
gambit,/ˈɡæmbɪt/,bước đầu (trong công việc gì),,
babble,/ˈbæbəɫ/,tiếng bập bẹ,tiếng bi bô (trẻ con),
bauble,/ˈbɔbəɫ/,đồ trang sức loè loẹt rẻ tiền,,
painstaking,/ˈpeɪnˌsteɪkɪŋ/,chịu khó,cần cù,cẩn thận
painstakingly,/ˈpeɪnˌsteɪkɪŋɫi/,chịu khó,cần cù,cẩn thận
contraption,/kənˈtɹæpʃən/,máy kỳ cục,,
fluctuate,/ˈfɫəktʃəˌweɪt/,dao động,lên xuống,thay đổi bất thường
lyricist,/ˈɫɪɹɪsɪst/,nhà thơ trữ tình,,
lyrical,/ˈɫɪɹɪkəɫ/,bài thơ trữ tình,,
lyrically,/ˈɫɪɹɪkɫi/,trữ tình,nên thơ,
moribund,/ˈmɔɹəbənd/,gần chết,hấp hối,suy tàn
perch,/ˈpɝtʃ/,cá pecca*  danh từ,,
philanthropy,/fɪˈɫænθɹəpi/,lòng yêu người,lòng nhân đức,
philanthropist,/fəˈɫænθɹəpəst/,người yêu người,kẻ thương người,người nhân đức
philanthropic,/ˌfɪɫənˈθɹɑpɪk/,yêu người,thương người,nhân đức
connote,/kəˈnoʊt/,bao hàm,,
connotation,/ˌkɑnəˈteɪʃən/,nghĩa rộng,ý nghĩa (của một từ),
herald,/ˈhɛɹəɫd/,viên quan phụ trách huy hiệu,,
philistine,/ˈfɪɫəˌstin/,Phi,,
innuendo,/ˌɪnjuˈɛndoʊ/,lời ám chi,lời nói bóng nói gió,lời nói cạnh*  nội động từ
lament,/ɫəˈmɛnt/,lời than van,lời rên rỉ,
chronologically,/ˌkɹɑnəˈɫɑdʒɪkɫi/,theo niên đại,theo thứ tự thời gian,
rebound,/ɹiˈbaʊnd/,sự bật lại,sự nẩy lên (của quả bóng...),
flagging,/ˈfɫæɡɪŋ/,sự lát đường bằng đá phiến,,
electrode,/ˌɪˈɫɛktɹoʊd/,cực,cực điện,
interlude,/ˈɪntɝˌɫud/,tiết mục chuyển tiếp,,
recuperate,/ɹɪˈkupɝˌeɪt/,hồi phục (sức khoẻ),,
recuperative,/ɹɪˈkupɝətɪv/,để phục hồi sức khoẻ,bỏ (thuốc),
irrevocably,/ˌɪˈɹɛvəkəbɫi/,không thể hủy bỏ,không thể thay đổi,
slither,/ˈsɫɪðɝ/,trượt,trườn,bò
unnerving,/əˈnɝvɪŋ/,xem unnerve,,
protrude,/pɹoʊˈtɹud/,kéo ra,lôi ra,làm thò ra
demystify,/diˈmɪstəˌfaɪ/,làm rõ,làm sáng tỏ,
imperceptible,/ˌɪmpɝˈsɛptɪbəɫ/,không thể cảm thấy,không thể nhận thấy,
imperceptibly,/ˌɪmpɝˈsɛptɪbɫi/,không thể nhận thấy,không thể cảm thấy,
hapless,/ˈhæpɫəs/,rủi ro,không may,
wayward,/ˈweɪwɝd/,ương ngạnh,bướng bỉnh (trẻ con...),
blurb,/ˈbɫɝb/,lời quảng cáo sách,,
indolent,/ˈɪndəɫənt/,lười biếng,biếng nhác,
deviant,/ˈdiviənt/,<bóng> kẻ lầm đường lạc lối,,
engender,/ɛnˈdʒɛndɝ/,sinh ra,gây ra,đem lại
posterity,/pɑˈstɛɹəti/,con cháu,hậu thế,
venomous,/ˈvɛnəməs/,độc,,
choreography,/ˌkɔɹiˈɑɡɹəfi/,nghệ thuật bố trí điệu múa ba,,
archetype,/ˈɑɹkɪˌtaɪp/,nguyên mẫu,nguyên hình,
archetypal,/ˈɑɹkˈtaɪpəɫ/,nguyên mẫu,(thuộc) nguyên hình,
dissension,/dɪˈsɛnʃən/,mối bất đồng,mối chia rẽ,
exalted,/ɪɡˈzɔɫtɪd/,phấn khởi,cao hứng,
adept,/əˈdɛpt/,nhà luyện đan thông thạo,,
melodious,/məˈɫoʊdiəs/,du dương,êm tai,
magpie,/ˈmæɡˌpaɪ/,người hay nói,người hay ba hoa,
unsurpassed,/ˌənsɝˈpæst/,không hn,không vượt,không trội hn
loiter,/ˈɫɔɪtɝ/,đi tha thẩn,la cà,đi chơi rông
topple,/ˈtɑpəɫ/,+ down,over) ngã,đổ
clinch,/ˈkɫɪntʃ/,sự đóng gập đầu (đinh),,
anonymity,/ˌænəˈnɪmɪti/,tình trạng giấu tên,tình trạng nặc danh,
splinter,/ˈspɫɪntɝ/,mảnh vụn (gỗ,đá,đạn...)*  ngoại động từ
reproach,/ɹiˈpɹoʊtʃ/,sự trách mắng,sự quở trách,lời trách mắng
disseminate,/dɪˈsɛməˌneɪt/,gieo rắc (hạt giống,tư tưởng...),phổ biến
dissemble,/dɪˈsɛmbəɫ/,che giấu,giấu giếm,che đậy (ý định
mangle,/ˈmæŋɡəɫ/,máy cán là*  ngoại động từ,,
bereft,/bɝˈɛft/,làm mất,lấy mất,lấy đi
soliloquize,/səˈɫɪɫəˌkwaɪz/,nói một mình,,
mutinous,/ˈmjutənəs/,nổi dậy chống đối,nổi loạn,làm binh biến
prissy,/ˈpɹɪsi/,khó tính,,
reptilian,/ɹɛpˈtɪɫjən/,loài bò sát,giống bò sát*  danh từ,
computerize,/kəmˈpjutɝˌaɪz/,trang bị máy điện toán,,
nonchalant,/ˌnɑnʃəˈɫɑnt/,thờ ơ,hờ hững,lânh đạm
nonchalantly,/ˈnɑnʃəˈɫɑntɫi/,lãnh đạm,thờ ơ,
stultify,/ˈstəɫtəˌfaɪ/,làm mất hiệu lực,,
wallow,/ˈwɑɫoʊ/,bãi trâu đằm,bãi đằm*  nội động từ,
ponderous,/ˈpɑndɝəs/,nặng,có trọng lượng,
ebb,/ˈɛb/,triều xuống ((cũng) ebb,,
wane,/ˈweɪn/,sự khuyết,tuần trăng khuyết,
menacingly,/ˈmɛnəsɪŋɫi/,đe doạ,vẻ đe doạ,
calamitous,/kəˈɫæmətəs/,tai hại,gây thiệt hại,gây tai hoạ
austerely,/ˌɔˈstɪɹɫi/,khổ hạnh,khắc khổ,
austerity,/ˌɔˈstɛɹɪti/,sự nghiêm khắc,sự khắt khe,sự chặt chẽ
idiosyncrasy,/ˌɪdioʊˈsɪnkɹəˌsi/,đặc tính,,
idiosyncratic,/ˌɪdioʊˌsɪnˈkɹætɪk/,phong cách riêng,,
idiomatic,/ˌɪdiəˈmætɪk/,thành ngữ,có tính chất thành ngữ,
mediate,/ˈmidiˌeɪt/,gián tiếp,,
exorcism,/ˈɛksɝˌsɪzəm/,lời phù phép,câu thần chú (để đuổi tà ma),
exorcist,/ˈɛksɝsəst/,thầy phù thuỷ,người đuổi tà ma,
mediocrity,/ˌmidiˈɑkɹəti/,tính chất xoàng,tính chất thường,
dubiously,/ˈdubiəˌsɫi/,hồ nghi,ngờ vực,
curate,/ˈkjʊɹət/,cha phó,,
antithesis,/ænˈtɪθəsəs/,phép đối chọi,,
antithetical,/ˌæntəˈθɛtɪkəɫ/,phép đối chọi,,
detract,/dɪˈtɹækt/,lấy đi,khấu đi,
interrogate,/ˌɪnˈtɛɹəˌɡeɪt/,hỏi dò,thẩm vấn,chất vấn
perverse,/pɝˈvɝs/,hư hỏng,hư thân mất nết,đồi truỵ
perversity,/pɝˈvɝsəti/,sự hư hỏng,sự hư thân mất nết,sự đồi truỵ
opacity,/oʊˈpæsəti/,tính mờ đục,,
pedestal,/ˈpɛdəstəɫ/,bệ,đôn*  ngoại động từ,
lurid,/ˈɫʊɹəd/,xanh nhợt,tái mét,bệch bạc
rife,/ˈɹaɪf/,lan tràn,lưu hành,thịnh hành
mercenary,/ˈmɝsəˌnɛɹi/,làm thuê,làm công,
polysyllabic,/ˌpɑˌɫisɪˈɫæbɪk/,nhiều âm tiết (từ),,
syllabic,/səˈɫæbɪk/,âm tiết,đọc thành âm tiết,
snippet,/ˈsnɪpət/,miếng nhỏ cắt ra,mụn vải,
depravity,/dɪˈpɹævəti/,tình trạng hư hỏng,tình trạng suy đồi,sự sa đoạ
depraved,/diˈpɹeɪvd/,hỏng,suy đồi,sa đoạ
deprecate,/ˈdɛpɹəˌkeɪt/,phản đối,phản kháng,không tán thành
revile,/ɹiˈvaɪɫ/,chửi rủa,mắng nhiếc,xỉ vả
revulsion,/ɹiˈvəɫʃən/,sự thay đổi đột ngột (ý kiến,tính nết...),
divination,/ˌdɪvəˈneɪʃən/,sự đoán,sự tiên đoán,sự bói toán
flit,/ˈfɫɪt/,sự dọn nhà,,
hitch,/ˈhɪtʃ/,nút thòng lọng,nút dây,
scavenger,/ˈskævəndʒɝ/,công nhân quét đường,,
vermin,/ˈvɝmɪn/,sâu,vật hại (chồn,chuột...)
emulate,/ˈɛmjəˌɫeɪt/,thi đua với (ai),,
emulation,/ˌɛmjəˈɫeɪʃən/,sự thi đua,,
avian,/ˈeɪviən/,loài chim,,
vestigial,/vəˈstɪdʒiəɫ/,vết tích,(thuộc) dấu vết,
brouhaha,/ˈbɹuhɑˌhɑ/,sự ồn ào hỗn độn,,
magnate,/ˈmæɡˌneɪt/,người có quyền thế lớn,,
whirlwind,/ˈhwɝɫˌwɪnd/,cn gió cuốn,gió lốn,
euphemism,/ˈjufəˌmɪzəm/,lối nói trại,lời nói trại,uyển ngữ
euphemistic,/ˌjufəˈmɪstɪk/,(thuộc) nói trại,(thuộc) uyển ngữ,
euphemistically,/ˌjufəˈmɪstɪkɫi/,theo lối nói trại,theo lối nói hoa Mỹ,
colloquial,/kəˈɫoʊkwiəɫ/,thông tục,,
colloquium,/kəˈɫoʊkwiəm/,hội thảo chuyên đề,,
allude,/əˈɫud/,nói bóng gió,ám chỉ,
disparage,/dɪˈspɛɹɪdʒ/,gièm pha,chê bai,coi rẻ
disparaging,/dɪˈspɛɹɪdʒɪŋ/,gièm pha,chê bai,coi rẻ
huddle,/ˈhədəɫ/,đống lộn xộn,mớ lộn xộn,đám đông lộn xộn (người)
confabulation,/kənˌfæbjəˈɫeɪʃən/,sự nói chuyện,sự nói chuyện phiếm,sự tán phét
maliciously,/məˈɫɪʃɪsɫi/,xem malicious,,
cinematography,/ˌsɪnɪməˈtɑɡɹəfi/,thuật quay phim,,
cinematographer,/ˌsɪnɪməˈtɑɡɹəfɝ/,người chuyên về điện ảnh,Nhà điện ảnh,
maverick,/ˈmævɝɪk/,con bê chưa đánh dấu,,
turret,/ˈtɝət/,tháp nhỏ,,
impressionistic,/ˌɪmˌpɹɛʃəˈnɪstɪk/,chủ nghĩa ấn tượng,,
snobbery,/ˈsnɑbɝi/,tính chất đua đòi,,
gravitate,/ˈɡɹævɪˌteɪt/,hướng về,đổ về,bị hút về
haughty,/ˈhɔti/,kiêu kỳ,kiêu căng,ngạo mạn
haughtily,/ˈhɔtɪɫi/,kiêu căng,ngạo mạn,
axiom,/ˈæksiəm/,chân lý,sự thật,đương nhiên
axiomatic,/ˌæksiəˈmætɪk/,rõ ràng,hiển nhiên,tự nó đã đúng
reissue,/ɹiˈɪʃu/,sự tái bản,,
sulphur,/ˈsəɫfɝ/,lưu huỳnh,,
moor,/ˈmʊɹ/,Moor người Ma,,
solitariness,/sɑɫəˈtɛɹinɪs/,sự cô độc,sự cô đơn,sự hiu quạnh
proscribe,/pɹoʊsˈkɹaɪb/,trục xuất,đày ải,
proscription,/pɹoʊsˈkɹɪpʃən/,sự để ra ngoài vòng pháp luật,,
crony,/ˈkɹoʊni/,bạn chí thân,bạn nối khố,
dribble,/ˈdɹɪbəɫ/,dòng chảy nhỏ giọt,,
consign,/kənˈsaɪn/,gửi (tiền,hàng hoá),gửi (hàng hoá) để bán
consignment,/kənˈsaɪnmənt/,sự gửi (hàng hoá),sự gửi hàng để bán,
opulent,/ˈɑpjəɫənt/,giàu có,phong phú,
opulence,/ˈɑpjəɫəns/,sự giàu có,sự phong phú,
plutocrat,/ˈpɫutəˌkɹæt/,tên tài phiệt,kẻ quyền thế,
averse,/əˈvɝs/,chống lại,ghét,
sterility,/stɝˈɪɫɪti/,sự cằn cỗi,,
rhetorically,/ɹəˈtɔɹɪkɫi/,giáo sư tu từ học,,
flighty,/ˈfɫaɪti/,hay thay đổi,đồng bóng,
brimstone,/ˈbɹɪmstoʊn/,lưu huỳnh,,
impeccable,/ˌɪmˈpɛkəbəɫ/,người hoàn hảo,,
impeccably,/ˌɪmˈpɛkəbɫi/,hoàn hảo,không chê vào đâu được,
romp,/ˈɹɑmp/,đưa trẻ thích nô đùa ầm ĩ,người đàn bà thích nô đùa ầm ĩ,
meticulous,/məˈtɪkjəɫəs/,tỉ mỉ,quá kỹ càng,
meticulously,/məˈtɪkjəɫəsɫi/,tỉ mỉ,kỹ càng,
ingratiate,/ˌɪŋˈɡɹeɪʃiˌeɪt/,làm cho mình được mến,,
ingratiating,/ˌɪŋˈɡɹeɪʃiˌeɪtɪŋ/,để thu hút cảm tình,để lấy lòng,
shimmer,/ˈʃɪmɝ/,ánh sáng mờ mờ,ánh sáng lung linh,
cull,/ˈkəɫ/,lựa chọn,chọn lọc,
swivel,/ˈswɪvəɫ/,khớp khuyên*  động từ,,
quiver,/ˈkwɪvɝ/,bao đựng tên,,
mottled,/ˈmɑtəɫd/,lốm đốm,có vằn,
dampen,/ˈdæmpən/,làm nản chí,làm nản lòng,làm mất vui
buccaneer,/ˌbəkəˈniɹ/,cướp biển,,
cay,/ˈkeɪ/,đảo thấp nhỏ,,
singe,/ˈsɪndʒ/,sự cháy sém,,
cordon,/ˈkɔɹdən/,dãy đồn bốt,hàng rào cảnh sát,
fabled,/ˈfeɪbəɫd/,được kể trong ngụ ngôn,(thuộc) truyền thuyết,hoang đường
infernal,/ˌɪnˈfɝnəɫ/,địa ngục,ở địa ngục,
embed,/ɪmˈbɛd/,ấn vào,đóng vào,gắn vào
plume,/ˈpɫum/,lông chim,lông vũ,
preconception,/pɹikənˈsɛpʃən/,nhận thức trước,điều tưởng tượng trước,ý định trước
baroque,/bɝˈoʊk/,kỳ dị,lố bịch,
virginal,/ˈvɝdʒənəɫ/,gái trinh,trinh khiết,trong trắng
spire,/ˈspaɪɹ/,đường xoắn ốc,,
elephantine,/ˌɛɫəˈfænˌtin/,voi,,
condone,/kənˈdoʊn/,tha,tha thứ,bỏ qua (lỗi
commode,/kəˈmoʊd/,tủ nhiều ngăn,tủ commôt,
unobtrusive,/ˌənəbˈtɹusɪv/,khiêm tốn,kín đáo,không phô trương
brim,/ˈbɹɪm/,miệng (bát,chén,cốc)
scholarly,/ˈskɑɫɝɫi/,học rộng,uyên thâm,uyên bác
artifact,/ˈɑɹtəˌfækt/,sự giả tạo,giả tượng,
preservationist,/ˌpɹɛzɝˈveɪʃənɪst/,người bảo thủ,,
besiege,/bɪˈsidʒ/,bao vây,vây hãm,
cloister,/ˈkɫɔɪstɝ/,tu viện,nhà tu,
cloistered,/ˈkɫɔɪstɝd/,tu,ở tu viện,
annex,/ˈæˌnɛks/,phụ vào,phụ thêm,thêm vào
resuscitate,/ɹiˈsəsɪˌteɪt/,làm sống lại,làm tỉnh lại,sống lại
resuscitation,/ɹɪˌsəsɪˈteɪʃən/,sự làm sống lại,sự làm tỉnh lại,sự sống lại
fabricate,/ˈfæbɹəˌkeɪt/,bịa đặt (sự kiện),,
patchy,/ˈpætʃi/,vá víu,,
resounding,/ɹiˈsaʊndɪŋ/,vang rền,có âm thanh lớn,có tiếng vang lớn
resoundingly,/ɹɪˈzaʊndɪŋɫi/,vang rền,có âm thanh lớn,có tiếng vang lớn
resound,/ˌɹiˈsaʊnd/,vang dội,,
ordain,/ɔɹˈdeɪn/,định xếp sắp,,
inchoate,/ˌɪnˈkoʊət/,vừa bắt đầu,còn phôi thai,chưa phát triển
elated,/ɪˈɫeɪtəd/,phấn chấn,phấn khởi,hân hoan
elation,/ɪˈɫeɪʃən/,sự tự hào,sự hãnh diện,
hysterically,/ˌhɪsˈtɛɹɪkɫi/,cuồng loạn,thác loạn,
jarring,/ˈdʒɑɹɪŋ/,chói tai,nghịch tai,làm gai người
suffuse,/səfˈjuz/,tràn ra,lan ra,làm ướt đẫm
totter,/ˈtɑtɝ/,lung lay,sắp đổ,
pyre,/ˈpaɪɝ/,giàn thiêu (để thiêu xác),,
contemptuously,/kənˈtɛmptʃwəsɫi/,khinh khỉnh,,
forlorn,/fɝˈɫɔɹn/,đau khổ,tuyệt vọng,
rebuke,/ɹibˈjuk/,sự khiển trách,sự quở trách,
abhorrent,/æbˈhɔɹənt/,ghê tởm,đáng ghét,
abhor,/æbˈhɔɹ/,ghê tởm,ghét cay ghét đắng,
aberration,/ˌæbɝˈeɪʃən/,sự lầm lạc,phút lầm lạc,
emulsifier,/ɪˈməɫsəˌfaɪɝ/,chất chuyển thể sữa,,
confection,/kənˈfɛkʃən/,sự pha chế,,
vandalize,/ˈvændəˌɫaɪz/,có chủ ý phá hoại,,
feign,/ˈfeɪn/,giả vờ,giả đò,giả cách
paradoxical,/ˌpɛɹəˈdɑksɪkəɫ/,ngược đời,nghịch lý,
paradoxically,/ˌpɛɹəˈdɑksəkəɫi/,nghịch lý,ngược đời,
laryngitis,/ˌɫɑɹɪnˈdʒaɪtəs/,viêm thanh quản,,
astringent,/əˈstɹɪndʒənt/,làm se,,
economize,/iˈkɑnəˌmaɪz/,tiết kiệm,giảm chi,
cosset,/ˈkɑsət/,con cừu con được nâng niu,,
torrential,/tɔˈɹɛnʃəɫ/,như thác,cuồn cuộn,
banish,/ˈbænɪʃ/,đày đi,trục xuất,
banishment,/ˈbænɪʃmənt/,sự đày,sự trục xuất,
knack,/ˈnæk/,sở trường,tài riêng,sự thông thạo
tantalize,/ˈtænəˌɫaɪz/,như,nhử trêu ngươi,
depressive,/dɪˈpɹɛsɪv/,làm suy nhược,làm suy yếu* danh từ,
collide,/kəˈɫaɪd/,va nhau,đụng nhau,
edifice,/ˈɛdəfəs/,(nghĩa bóng)),,
thicket,/ˈθɪkɪt/,bụi cây,,
leaven,/ˈɫɛvən/,men,,
leavening,/ˈɫɛvənɪŋ/,sự làm lên men,,
ethos,/ˈiθɑs/,đặc tính,nét đặc biệt (của một tập thể,một chủng tộc...)
interweave,/ˌɪntɝˈwiv/,dệt lẫn với nhau,,
indiscretion,/ˌɪndɪsˈkɹɛʃən/,indiscreetness,,
telescopic,/ˌtɛɫəˈskɔpɪk/,kính thiên văn,,
hamper,/ˈhæmpɝ/,cái hòm mây (để đựng thức ăn),,
selectivity,/sɪˌɫɛkˈtɪvəti/,tính chọn lọc,,
fractious,/ˈfɹækʃəs/,cứng đầu,cứng cổ,bướng
mystique,/mɪˈstik/,không khí thần bí,,
assimilate,/əˈsɪməˌɫeɪt/,đồng hoá,,
intersperse,/ˌɪntɝˈspɝs/,rắc,rải,
verbatim,/vɝˈbeɪtəm/,đúng nguyên văn,đúng từ chữ một,
verisimilitude,/ˌvɛɹəsəˈmɪɫəˌtud/,vẻ thật,,
unfeasible,/ənˈfizəbəɫ/,không tiện lợi,,
behest,/bɪˈhɛst/,chỉ thị,mệnh lệnh ((từ cổ,nghĩa cổ) (cũng) hest)
virtuoso,/vɝtʃuˈoʊsoʊ/,người sành về đồ mỹ nghệ,người thích đồ mỹ nghệ,
virtuosity,/vɝtʃuˈɑsɪti/,tính ham thích đồ mỹ nghệ,,
crippling,/ˈkɹɪpəɫɪŋ/,sự méo mó,,
nascent,/ˈneɪsənt/,mới sinh,mới mọc,
corpus,/ˈkɔɹpəs/,tập sao lục,tập văn,
wheeze,/ˈhwiz/,sự thở khò khè,,
neophyte,/ˈniəˌfaɪt/,người mới bước vào nghề,,
coax,/ˈkoʊks/,dỗ,dỗ ngọt,nói ngọt
formidably,/ˈfɔɹmədəbɫi/,dữ dội,kinh khủng,
squint,/ˈskwɪnt/,lác (mắt)*  danh từ,,
buzzard,/ˈbəzɝd/,chim ó butêo,,
bogus,/ˈboʊɡəs/,hư,ma giả,không có thật
derision,/dɝˈɪʒən/,sự chế nhạo,sự nhạo báng,sự chế giễu
derisive,/dɝˈaɪsɪv/,chế nhạo,nhạo báng,chế giễu
derisively,/dɝˈaɪsɪvɫi/,chế giễu,nhạo báng,
truism,/ˈtɹuɪzəm/,sự thật quá rõ ràng,lẽ hiển nhiên,chuyện cố nhiên
prurient,/ˈpɹʊɹiənt/,dâm dục,thèm khát nhục dục,
agile,/ˈædʒəɫ/,nhanh nhẹn,nhanh nhẩu,lẹ làng
agility,/əˈdʒɪɫəti/,sự nhanh nhẹn,sự nhanh nhẩu,sự lẹ làng
aghast,/əˈɡæst/,kinh ngạc,kinh hãi,kinh hoàng
dwarfism,/ˈdwɔɹfɪzəm/,điều kiện trở thành nhỏ bé,còi cọc,
etch,/ˈɛtʃ/,khắc axit,,
rapture,/ˈɹæptʃɝ/,sự sung sướng vô ngần,trạng thái mê ly,
rapturous,/ˈɹæptʃɝəs/,sung sướng vô ngần,thái mê ly,
ad-lib,/ˈædˈɫɪb/,ứng khẩu,cương*  ngoại động từ,
improvisational,/ˌɪmpɹɑvɪˈzeɪʃənəɫ/,thuộc sự ứng khẩu,sự ứng tác,
acrobatics,/ˌækɹəˈbætɪks/,thuật leo dây,thuật nhào lộn,
acrobatic,/ˌækɹəˈbætɪk/,tính chất nhào lộn,liên quan đến nhào lộn,
ardor,/ˈɑɹdɝ/,lửa nóng,sức nóng rực,
proverbial,/pɹəˈvɝbiəɫ/,tục ngữ,(thuộc) cách ngôn,
instantaneous,/ˌɪnstənˈtæniəs/,xảy ra ngay lập tức,tức thời,được làm ngay
instantaneously,/ˌɪnstənˈtæniəsɫi/,ngay lập tức,tức thời,
ruminate,/ˈɹumɪˌneɪt/,nhai lại,,
rumination,/ˌɹumɪˈneɪʃən/,sự nhai lại,,
ruminant,/ˈɹumənənt/,động vật nhai lại*  tính từ,,
armory,/ˈɑɹmɝi/,khoa nghiên cứu huy hiệu,,
apostle,/əˈpɑsəɫ/,tông đồ (của Giê,,
blubber,/ˈbɫəbɝ/,mỡ cá voi,,
trifle,/ˈtɹaɪfəɫ/,vật nhỏ mọn,chuyện vặt,
squirm,/ˈskwɝm/,sự đi ngoằn ngoèo,sự bò ngoằn ngoèo (như rắn),sự quằn quại
floe,/ˈfɫoʊ/,tảng băng nổi,,
wistfully,/ˈwɪstfəɫi/,bâng khuâng,đăm chiêu,nuối tiếc
skew,/ˈskju/,nghiêng,xiên,
subsist,/səbˈsɪst/,tồn tại,,
subsidize,/ˈsəbsɪˌdaɪz/,trợ cấp,phụ cấp,
bout,/ˈbaʊt/,lần,lượt,đợi
gout,/ˈɡaʊt/,bệnh gút,,
hindrance,/ˈhɪndɹəns/,sự cản trở,,
myriad,/ˈmɪɹiəd/,mười nghìn,,
marketability,/ˌmɑɹkɪtəˈbɪɫɪti/,tính có thể bán được,tính có thể tiêu thụ được,
tacit,/ˈtæsɪt/,ngầm,không nói ra,
taciturn,/ˈtæsɪˌtɝn/,ít nói,lầm lì,
surreptitiously,/ˌsɝəpˈtɪʃəsɫi/,lén lút,gian lận,bí mật
seedy,/ˈsidi/,đầy hạt,sắp kết hạt,
milieu,/mɪɫˈjʊ/,số nhiều là milieux,,
self-aggrandizement,/ˈsɛɫˈfæɡɹənˌdaɪzmənt/,sự tự đề cao,,
unadulterated,/ˌənəˈdəɫtɝˌeɪtɪd/,không pha,,
adulterate,/əˈdəɫtɝˌeɪt/,có pha (rượu),,
patronize,/ˈpætɹəˌnaɪz/,bảo trợ,đỡ đầu,
patronizing,/ˈpeɪtɹəˌnaɪzɪŋ/,ra vẻ kẻ cả,kẻ bề trên,
incongruous,/ˌɪŋˈkɔŋɹuəs/,không hợp với,không hợp nhau,
incongruously,/ˌɪŋˈkɔŋɹuəsɫi/,không thích hợp,phi lý,
incongruity,/ˌɪŋkɔŋˈɹuɪti/,incongruousness,,
deaden,/ˈdɛdən/,làm giảm,làm dịu,làm nhẹ
farcical,/ˈfɑɹsəkəɫ/,trò khôi hài,(thuộc) trò hề,có tính chất trò hề
incise,/ˌɪnˈsaɪz/,rạch,,
incipient,/ˌɪnˈsɪpiənt/,chớm,chớm nở,mới bắt đầu
echolocation,/ˌɛkoʊɫoʊˈkeɪʃən/,sự định vị bằng tiếng vang,,
reverberation,/ɹiˌvɝbɝˈeɪʃən/,ảnh hưởng dội lại,sự phản ứng,
reverberate,/ɹɪˈvɝbɝeɪt/,(+ upon) có ảnh hưởng dội lại,tác động đến (sự xúc động...),
ingenuous,/ˌɪnˈdʒɛnjuəs/,chân thật,,
remorseful,/ɹɪˈmɔɹsfəɫ/,ăn năn,hối hận,
inexorable,/ˌɪˈnɛksɝəbəɫ/,không lay chuyển được,không động tâm,không mủi lòng
inexorably,/ˌɪˈnɛksɝəbɫi/,không lay chuyển được,không động tâm,
